case_id,config,target,relL2,rangeMAE_pct,true_peak,pred_peak,peak_abs_err,true_peak_surf_i,pred_peak_surf_i,peak_index_error,Ma,Kn,hphs,TwTinf,geom,hs,hp
PHASE1__Ma4_Kn0.1_BWD_hphs1.5_Tw1,parameter_only,Cp,0.6287634306550365,28.77584414405701,0.701968411026339,1.1676897687187093,0.46572135769237033,22,24,2.0,4.0,0.1,1.5,1.0,BWD,0.0199999999999999,0.03
PHASE1__Ma4_Kn0.1_BWD_hphs1.5_Tw1,parameter_only,Cq,1.5326868734772405,48.94141415332017,0.07402977996733523,0.18898332376629595,0.11495354379896072,29,29,0.0,4.0,0.1,1.5,1.0,BWD,0.0199999999999999,0.03
PHASE1__Ma4_Kn0.1_BWD_hphs1.5_Tw1,parameter_only,tau_abs,0.6407305815886916,10.240733779811238,2.8424561232849315,4.298224135250961,1.4557680119660295,29,29,0.0,4.0,0.1,1.5,1.0,BWD,0.0199999999999999,0.03
PHASE1__Ma4_Kn0.1_FWD_hphs1.5_Tw1,parameter_only,Cp,0.7085823679511875,28.160056244440813,1.076309885415225,1.8100393409844637,0.7337294555692386,29,29,0.0,4.0,0.1,1.5,1.0,FWD,0.0199999999999999,0.03
PHASE1__Ma4_Kn0.1_FWD_hphs1.5_Tw1,parameter_only,Cq,1.6297790119548474,26.99961586388897,0.13179674328075505,0.31787526588056675,0.1860785225998117,29,29,0.0,4.0,0.1,1.5,1.0,FWD,0.0199999999999999,0.03
PHASE1__Ma4_Kn0.1_FWD_hphs1.5_Tw1,parameter_only,tau_abs,0.9130464886281371,43.789378974357255,0.5220490347180042,1.0219068456563154,0.49985781093831116,22,24,2.0,4.0,0.1,1.5,1.0,FWD,0.0199999999999999,0.03
PHASE1__Ma4_Kn0.1_ISO_hphs1.5_Tw1,parameter_only,Cp,0.6093945507940133,25.978325607972614,0.8634403015328955,1.4220499841998184,0.5586096826669229,29,28,1.0,4.0,0.1,1.5,1.0,ISO,0.0199999999999999,0.03
PHASE1__Ma4_Kn0.1_ISO_hphs1.5_Tw1,parameter_only,Cq,1.8501606645290167,40.71047287928178,0.10494855343224858,0.30103969181314966,0.1960911383809011,29,29,0.0,4.0,0.1,1.5,1.0,ISO,0.0199999999999999,0.03
PHASE1__Ma4_Kn0.1_ISO_hphs1.5_Tw1,parameter_only,tau_abs,0.5497098939451848,8.033580406054202,2.273624827624162,3.3455762032445415,1.0719513756203796,29,29,0.0,4.0,0.1,1.5,1.0,ISO,0.0199999999999999,0.03
PHASE1__Ma4_Kn0.33_BWD_hphs1.5_Tw1,parameter_only,Cp,0.9977493663662703,43.69058901451702,0.2502652620340223,0.5212856856718074,0.27102042363778517,20,25,5.0,4.0,0.33,1.5,1.0,BWD,0.0199999999999999,0.03
PHASE1__Ma4_Kn0.33_BWD_hphs1.5_Tw1,parameter_only,Cq,1.4664946937369367,53.86726837711733,0.042792962160753234,0.1220059350614248,0.07921297290067157,29,29,0.0,4.0,0.33,1.5,1.0,BWD,0.0199999999999999,0.03
PHASE1__Ma4_Kn0.33_BWD_hphs1.5_Tw1,parameter_only,tau_abs,0.8973405977409517,18.348587333185616,1.4231513920872931,2.9202223378505234,1.4970709457632303,29,29,0.0,4.0,0.33,1.5,1.0,BWD,0.0199999999999999,0.03
PHASE1__Ma4_Kn0.33_FWD_hphs1.5_Tw1,parameter_only,Cp,1.0664196950006237,39.579831128724265,0.42600671825000297,0.8421829518185291,0.4161762335685261,29,29,0.0,4.0,0.33,1.5,1.0,FWD,0.0199999999999999,0.03
PHASE1__Ma4_Kn0.33_FWD_hphs1.5_Tw1,parameter_only,Cq,1.6846979529113764,31.760981365855958,0.06827426526116272,0.19259471391747565,0.12432044865631293,29,29,0.0,4.0,0.33,1.5,1.0,FWD,0.0199999999999999,0.03
PHASE1__Ma4_Kn0.33_FWD_hphs1.5_Tw1,parameter_only,tau_abs,1.0626035751257241,57.32642654908762,0.28509087337768285,0.6139676125685097,0.3288767391908269,21,22,1.0,4.0,0.33,1.5,1.0,FWD,0.0199999999999999,0.03
PHASE1__Ma4_Kn0.33_ISO_hphs1.5_Tw1,parameter_only,Cp,0.9817106756709855,38.85360388765034,0.345417588150757,0.6987596517216386,0.35334206357088155,29,29,0.0,4.0,0.33,1.5,1.0,ISO,0.0199999999999999,0.03
PHASE1__Ma4_Kn0.33_ISO_hphs1.5_Tw1,parameter_only,Cq,1.3975953007677266,37.23213841998802,0.05883884313695097,0.1580021366580768,0.09916329352112582,29,29,0.0,4.0,0.33,1.5,1.0,ISO,0.0199999999999999,0.03
PHASE1__Ma4_Kn0.33_ISO_hphs1.5_Tw1,parameter_only,tau_abs,1.0205041245797442,13.840571762976758,1.0448997068221428,2.2913795768567358,1.246479870034593,29,29,0.0,4.0,0.33,1.5,1.0,ISO,0.0199999999999999,0.03
PHASE1__Ma4_Kn0.8_BWD_hphs1.5_Tw1,parameter_only,Cp,1.2727311712429235,49.7648065587902,0.10920129741117635,0.26933131113093617,0.16013001371975982,23,29,6.0,4.0,0.8,1.5,1.0,BWD,0.0199999999999999,0.03
PHASE1__Ma4_Kn0.8_BWD_hphs1.5_Tw1,parameter_only,Cq,1.6069503504725207,64.50143670625526,0.028336534978995263,0.08607966892789115,0.05774313394889589,29,29,0.0,4.0,0.8,1.5,1.0,BWD,0.0199999999999999,0.03
PHASE1__Ma4_Kn0.8_BWD_hphs1.5_Tw1,parameter_only,tau_abs,1.11667906694694,30.29453979604297,0.8718923596878229,2.1626770934718023,1.2907847337839793,29,29,0.0,4.0,0.8,1.5,1.0,BWD,0.0199999999999999,0.03
PHASE1__Ma4_Kn0.8_FWD_hphs1.5_Tw1,parameter_only,Cp,1.3563199518394182,44.96010303021584,0.20061819998860883,0.4685683881831279,0.2679501881945191,29,29,0.0,4.0,0.8,1.5,1.0,FWD,0.0199999999999999,0.03
PHASE1__Ma4_Kn0.8_FWD_hphs1.5_Tw1,parameter_only,Cq,1.8290509520240075,42.43931162477386,0.04202824789859222,0.13069093472024282,0.0886626868216506,29,29,0.0,4.0,0.8,1.5,1.0,FWD,0.0199999999999999,0.03
PHASE1__Ma4_Kn0.8_FWD_hphs1.5_Tw1,parameter_only,tau_abs,0.7721930341981998,40.061333746964316,0.24910956109985022,0.46093700227310114,0.21182744117325092,22,22,0.0,4.0,0.8,1.5,1.0,FWD,0.0199999999999999,0.03
PHASE1__Ma4_Kn0.8_ISO_hphs1.5_Tw1,parameter_only,Cp,1.1818176952457753,41.87806987149036,0.16848922123804277,0.37706252026749254,0.20857329902944977,29,29,0.0,4.0,0.8,1.5,1.0,ISO,0.0199999999999999,0.03
PHASE1__Ma4_Kn0.8_ISO_hphs1.5_Tw1,parameter_only,Cq,1.6649392522353896,52.87877626152905,0.038271549090210445,0.11310074512697944,0.07482919603676899,29,29,0.0,4.0,0.8,1.5,1.0,ISO,0.0199999999999999,0.03
PHASE1__Ma4_Kn0.8_ISO_hphs1.5_Tw1,parameter_only,tau_abs,1.4414437841180514,22.797900117349183,0.5748536957704977,1.6361567492584432,1.0613030534879455,29,29,0.0,4.0,0.8,1.5,1.0,ISO,0.0199999999999999,0.03
PHASE1__Ma6_Kn0.1_BWD_hphs1.5_Tw1,parameter_only,Cp,0.05114131522398672,1.844489208595833,1.5339085610781122,1.5342252042036035,0.00031664312549128937,23,25,2.0,6.0,0.1,1.5,1.0,BWD,0.0199999999999999,0.03
PHASE1__Ma6_Kn0.1_BWD_hphs1.5_Tw1,parameter_only,Cq,0.2206834260179037,7.225953344127653,0.2874192952717853,0.33339281424908873,0.04597351897730345,29,29,0.0,6.0,0.1,1.5,1.0,BWD,0.0199999999999999,0.03
PHASE1__Ma6_Kn0.1_BWD_hphs1.5_Tw1,parameter_only,tau_abs,0.17322242305155094,2.8423941069527907,6.780560061882794,5.4903990050894995,1.2901610567932948,29,29,0.0,6.0,0.1,1.5,1.0,BWD,0.0199999999999999,0.03
PHASE1__Ma6_Kn0.1_FWD_hphs1.5_Tw1,parameter_only,Cp,0.048886100396031806,1.7629592594040722,2.45257496245697,2.2956681582200376,0.15690680423693237,29,29,0.0,6.0,0.1,1.5,1.0,FWD,0.0199999999999999,0.03
PHASE1__Ma6_Kn0.1_FWD_hphs1.5_Tw1,parameter_only,Cq,0.24124165801232272,4.176375806569771,0.5530867893007966,0.5349281922791627,0.018158597021633915,29,29,0.0,6.0,0.1,1.5,1.0,FWD,0.0199999999999999,0.03
PHASE1__Ma6_Kn0.1_FWD_hphs1.5_Tw1,parameter_only,tau_abs,0.1572541383388255,5.510963240400196,1.73797673405745,1.5850519053179102,0.15292482873953972,23,24,1.0,6.0,0.1,1.5,1.0,FWD,0.0199999999999999,0.03
PHASE1__Ma6_Kn0.1_ISO_hphs1.5_Tw1,parameter_only,Cp,0.020481693813420253,0.7003670530545963,1.941088311058775,1.9390111827365848,0.0020771283221903136,29,28,1.0,6.0,0.1,1.5,1.0,ISO,0.0199999999999999,0.03
PHASE1__Ma6_Kn0.1_ISO_hphs1.5_Tw1,parameter_only,Cq,0.18511033181768663,4.341359231297488,0.4219718895734579,0.4587965305911513,0.036824641017693394,29,29,0.0,6.0,0.1,1.5,1.0,ISO,0.0199999999999999,0.03
PHASE1__Ma6_Kn0.1_ISO_hphs1.5_Tw1,parameter_only,tau_abs,0.2773309279843199,3.1111336783079797,5.6442007685853985,3.9024647357849154,1.7417360328004832,29,29,0.0,6.0,0.1,1.5,1.0,ISO,0.0199999999999999,0.03
PHASE1__Ma6_Kn0.33_BWD_hphs1.5_Tw1,parameter_only,Cp,0.19685853104480258,8.604472214188618,0.6104722158762647,0.7525057267253668,0.1420335108491021,24,25,1.0,6.0,0.33,1.5,1.0,BWD,0.0199999999999999,0.03
PHASE1__Ma6_Kn0.33_BWD_hphs1.5_Tw1,parameter_only,Cq,0.3058363850083651,11.002602595168812,0.1741071995388561,0.23873888072115082,0.06463168118229473,29,29,0.0,6.0,0.33,1.5,1.0,BWD,0.0199999999999999,0.03
PHASE1__Ma6_Kn0.33_BWD_hphs1.5_Tw1,parameter_only,tau_abs,0.12753256494606652,2.300878354194589,3.8102873168305824,4.349283289421451,0.5389959725908686,29,29,0.0,6.0,0.33,1.5,1.0,BWD,0.0199999999999999,0.03
PHASE1__Ma6_Kn0.33_FWD_hphs1.5_Tw1,parameter_only,Cp,0.19995541093085337,7.402746846565261,1.0704930318440726,1.157050520655945,0.08655748881187231,29,29,0.0,6.0,0.33,1.5,1.0,FWD,0.0199999999999999,0.03
PHASE1__Ma6_Kn0.33_FWD_hphs1.5_Tw1,parameter_only,Cq,0.3240367991456888,6.53322229518297,0.3019719036699473,0.36370049450964775,0.06172859083970045,29,29,0.0,6.0,0.33,1.5,1.0,FWD,0.0199999999999999,0.03
PHASE1__Ma6_Kn0.33_FWD_hphs1.5_Tw1,parameter_only,tau_abs,0.32443799144150426,13.061588801528162,0.9095880593378521,1.1894042188132523,0.2798161594754002,21,23,2.0,6.0,0.33,1.5,1.0,FWD,0.0199999999999999,0.03
PHASE1__Ma6_Kn0.33_ISO_hphs1.5_Tw1,parameter_only,Cp,0.22566027070666067,9.045956659824103,0.8552880339081496,1.0511809563056045,0.19589292239745493,29,28,1.0,6.0,0.33,1.5,1.0,ISO,0.0199999999999999,0.03
PHASE1__Ma6_Kn0.33_ISO_hphs1.5_Tw1,parameter_only,Cq,0.24922248537268338,6.638606117411195,0.24852413609916824,0.3117630214079373,0.06323888530876909,29,29,0.0,6.0,0.33,1.5,1.0,ISO,0.0199999999999999,0.03
PHASE1__Ma6_Kn0.33_ISO_hphs1.5_Tw1,parameter_only,tau_abs,0.15569063155926616,2.363816110228766,3.018045543633164,3.194259083750005,0.17621354011684076,29,29,0.0,6.0,0.33,1.5,1.0,ISO,0.0199999999999999,0.03
PHASE1__Ma6_Kn0.8_BWD_hphs1.5_Tw1,parameter_only,Cp,0.2979225607673953,12.428439054922782,0.28692135110386213,0.3844182187391387,0.09749686763527654,24,27,3.0,6.0,0.8,1.5,1.0,BWD,0.0199999999999999,0.03
PHASE1__Ma6_Kn0.8_BWD_hphs1.5_Tw1,parameter_only,Cq,0.366499120338149,14.083912356819088,0.11163164414093354,0.1595442469622937,0.047912602821360145,29,29,0.0,6.0,0.8,1.5,1.0,BWD,0.0199999999999999,0.03
PHASE1__Ma6_Kn0.8_BWD_hphs1.5_Tw1,parameter_only,tau_abs,0.26861733503129614,5.820476570393515,2.3508189204615486,3.3761452289637788,1.0253263085022302,29,29,0.0,6.0,0.8,1.5,1.0,BWD,0.0199999999999999,0.03
PHASE1__Ma6_Kn0.8_FWD_hphs1.5_Tw1,parameter_only,Cp,0.2846303121865886,10.120623767765307,0.5258980145285392,0.6285596432577264,0.10266162872918716,29,29,0.0,6.0,0.8,1.5,1.0,FWD,0.0199999999999999,0.03
PHASE1__Ma6_Kn0.8_FWD_hphs1.5_Tw1,parameter_only,Cq,0.39860796864666886,9.150964269142726,0.177797345808941,0.24557253753431987,0.06777519172537888,29,29,0.0,6.0,0.8,1.5,1.0,FWD,0.0199999999999999,0.03
PHASE1__Ma6_Kn0.8_FWD_hphs1.5_Tw1,parameter_only,tau_abs,0.2659551186481879,10.789661297676691,0.6717689679048892,0.9013659730757227,0.2295970051708336,21,20,1.0,6.0,0.8,1.5,1.0,FWD,0.0199999999999999,0.03
PHASE1__Ma6_Kn0.8_ISO_hphs1.5_Tw1,parameter_only,Cp,0.2657999442293274,10.024087614929066,0.4375722833376935,0.5583440768635487,0.12077179352585521,29,26,3.0,6.0,0.8,1.5,1.0,ISO,0.0199999999999999,0.03
PHASE1__Ma6_Kn0.8_ISO_hphs1.5_Tw1,parameter_only,Cq,0.31511289579159346,9.475616954048858,0.15647429649557942,0.2233885927345714,0.06691429623899198,29,29,0.0,6.0,0.8,1.5,1.0,ISO,0.0199999999999999,0.03
PHASE1__Ma6_Kn0.8_ISO_hphs1.5_Tw1,parameter_only,tau_abs,0.3749540748255406,5.480639578021132,1.6973528503234088,2.5956277551816536,0.8982749048582448,29,29,0.0,6.0,0.8,1.5,1.0,ISO,0.0199999999999999,0.03
PHASE1__Ma8_Kn0.1_BWD_hphs1.5_Tw1,parameter_only,Cp,0.4265755447188589,18.55688517072449,2.8331607269414056,1.595568613310348,1.2375921136310577,24,26,2.0,8.0,0.1,1.5,1.0,BWD,0.0199999999999999,0.03
PHASE1__Ma8_Kn0.1_BWD_hphs1.5_Tw1,parameter_only,Cq,0.4088909718328402,13.57413806083389,0.7817971468709604,0.4953493466549661,0.28644780021599425,29,29,0.0,8.0,0.1,1.5,1.0,BWD,0.0199999999999999,0.03
PHASE1__Ma8_Kn0.1_BWD_hphs1.5_Tw1,parameter_only,tau_abs,0.4194525130084706,5.5080561980257325,13.353188303689873,6.232499246373001,7.120689057316872,29,29,0.0,8.0,0.1,1.5,1.0,BWD,0.0199999999999999,0.03
PHASE1__Ma8_Kn0.1_FWD_hphs1.5_Tw1,parameter_only,Cp,0.40814916401697576,14.758765810136598,4.676719235597958,2.3602386154603465,2.316480620137612,29,29,0.0,8.0,0.1,1.5,1.0,FWD,0.0199999999999999,0.03
PHASE1__Ma8_Kn0.1_FWD_hphs1.5_Tw1,parameter_only,Cq,0.47083739645405537,5.9129869008436,1.569868790261158,0.6325780754362875,0.9372907148248706,29,29,0.0,8.0,0.1,1.5,1.0,FWD,0.0199999999999999,0.03
PHASE1__Ma8_Kn0.1_FWD_hphs1.5_Tw1,parameter_only,tau_abs,0.5011199721991476,16.91538276743397,3.8464048091692065,1.766127017700456,2.0802777914687507,24,24,0.0,8.0,0.1,1.5,1.0,FWD,0.0199999999999999,0.03
PHASE1__Ma8_Kn0.1_ISO_hphs1.5_Tw1,parameter_only,Cp,0.38920865702847557,15.422115305627377,3.681442580636097,2.109833074270675,1.571609506365422,28,27,1.0,8.0,0.1,1.5,1.0,ISO,0.0199999999999999,0.03
PHASE1__Ma8_Kn0.1_ISO_hphs1.5_Tw1,parameter_only,Cq,0.36172056429417954,7.513648676455823,1.1727709118761507,0.6575051248556086,0.515265787020542,29,29,0.0,8.0,0.1,1.5,1.0,ISO,0.0199999999999999,0.03
PHASE1__Ma8_Kn0.1_ISO_hphs1.5_Tw1,parameter_only,tau_abs,0.530338742963268,5.86131511106432,11.52976870413713,4.563296952427881,6.966471751709249,29,29,0.0,8.0,0.1,1.5,1.0,ISO,0.0199999999999999,0.03
PHASE1__Ma8_Kn0.33_BWD_hphs1.5_Tw1,parameter_only,Cp,0.13079836715317705,5.308557860308499,1.1913212841394143,1.0677805754674339,0.12354070867198041,25,25,0.0,8.0,0.33,1.5,1.0,BWD,0.0199999999999999,0.03
PHASE1__Ma8_Kn0.33_BWD_hphs1.5_Tw1,parameter_only,Cq,0.21860164170666682,8.35723951378005,0.4850144214034094,0.3990339952671541,0.08598042613625528,29,29,0.0,8.0,0.33,1.5,1.0,BWD,0.0199999999999999,0.03
PHASE1__Ma8_Kn0.33_BWD_hphs1.5_Tw1,parameter_only,tau_abs,0.2681383723032618,6.597087185000951,7.927034712627416,6.080166023710642,1.846868688916774,29,29,0.0,8.0,0.33,1.5,1.0,BWD,0.0199999999999999,0.03
PHASE1__Ma8_Kn0.33_FWD_hphs1.5_Tw1,parameter_only,Cp,0.18385046557775428,6.286549566939323,2.1247311482438764,1.545358200627683,0.5793729476161935,29,29,0.0,8.0,0.33,1.5,1.0,FWD,0.0199999999999999,0.03
PHASE1__Ma8_Kn0.33_FWD_hphs1.5_Tw1,parameter_only,Cq,0.25718782356125663,3.808311736117902,0.8706127890846229,0.5543076845579744,0.3163051045266485,29,29,0.0,8.0,0.33,1.5,1.0,FWD,0.0199999999999999,0.03
PHASE1__Ma8_Kn0.33_FWD_hphs1.5_Tw1,parameter_only,tau_abs,0.1779896632080475,5.831012236797058,2.0211166402323246,1.9969997450439916,0.024116895188333043,21,23,2.0,8.0,0.33,1.5,1.0,FWD,0.0199999999999999,0.03
PHASE1__Ma8_Kn0.33_ISO_hphs1.5_Tw1,parameter_only,Cp,0.16005143002649835,5.489812046725311,1.7127566755112738,1.407026478133178,0.3057301973780957,28,29,1.0,8.0,0.33,1.5,1.0,ISO,0.0199999999999999,0.03
PHASE1__Ma8_Kn0.33_ISO_hphs1.5_Tw1,parameter_only,Cq,0.21953190675028894,5.968135533780312,0.7197337052678761,0.5556855874328256,0.16404811783505047,29,29,0.0,8.0,0.33,1.5,1.0,ISO,0.0199999999999999,0.03
PHASE1__Ma8_Kn0.33_ISO_hphs1.5_Tw1,parameter_only,tau_abs,0.32478634892120745,4.8008369334555505,6.600432423409849,4.464580426189537,2.1358519972203123,29,29,0.0,8.0,0.33,1.5,1.0,ISO,0.0199999999999999,0.03
PHASE1__Ma8_Kn0.8_BWD_hphs1.5_Tw1,parameter_only,Cp,0.06781704475384362,2.0274611980494917,0.5658899669083529,0.5891173310613457,0.023227364152992758,25,22,3.0,8.0,0.8,1.5,1.0,BWD,0.0199999999999999,0.03
PHASE1__Ma8_Kn0.8_BWD_hphs1.5_Tw1,parameter_only,Cq,0.11723002518469908,4.408262998735794,0.3021254864506323,0.29432398175596003,0.007801504694672279,29,29,0.0,8.0,0.8,1.5,1.0,BWD,0.0199999999999999,0.03
PHASE1__Ma8_Kn0.8_BWD_hphs1.5_Tw1,parameter_only,tau_abs,0.13175547106747817,3.8935720654258623,4.837840749115249,4.754153536466884,0.08368721264836498,29,29,0.0,8.0,0.8,1.5,1.0,BWD,0.0199999999999999,0.03
PHASE1__Ma8_Kn0.8_FWD_hphs1.5_Tw1,parameter_only,Cp,0.05412405095425532,1.8665869788187446,1.0355485472914951,0.9942199471693853,0.041328600122109815,29,29,0.0,8.0,0.8,1.5,1.0,FWD,0.0199999999999999,0.03
PHASE1__Ma8_Kn0.8_FWD_hphs1.5_Tw1,parameter_only,Cq,0.15164566150433842,3.3038151484849445,0.49284394357708305,0.41230909753504474,0.08053484604203831,29,29,0.0,8.0,0.8,1.5,1.0,FWD,0.0199999999999999,0.03
PHASE1__Ma8_Kn0.8_FWD_hphs1.5_Tw1,parameter_only,tau_abs,0.1754554906199754,7.3107051599610475,1.4460564477308624,1.4746518177866805,0.028595370055818137,21,22,1.0,8.0,0.8,1.5,1.0,FWD,0.0199999999999999,0.03
PHASE1__Ma8_Kn0.8_ISO_hphs1.5_Tw1,parameter_only,Cp,0.06151290877723765,2.1193002895109623,0.8653978369199925,0.8278088201395097,0.037589016780482765,29,29,0.0,8.0,0.8,1.5,1.0,ISO,0.0199999999999999,0.03
PHASE1__Ma8_Kn0.8_ISO_hphs1.5_Tw1,parameter_only,Cq,0.12554068464340726,3.899006613992937,0.43211155273993584,0.3784925642376675,0.05361898850226837,29,29,0.0,8.0,0.8,1.5,1.0,ISO,0.0199999999999999,0.03
PHASE1__Ma8_Kn0.8_ISO_hphs1.5_Tw1,parameter_only,tau_abs,0.19072393120866243,3.7896824471702852,3.676242648275546,4.136344144328993,0.4601014960534475,29,29,0.0,8.0,0.8,1.5,1.0,ISO,0.0199999999999999,0.03
PHASE1__Ma4_Kn0.1_BWD_hphs1.5_Tw1,local,Cp,0.17248638102058192,8.055260144923292,0.701968411026339,0.8189431176053834,0.11697470657904441,22,26,4.0,4.0,0.1,1.5,1.0,BWD,0.0199999999999999,0.03
PHASE1__Ma4_Kn0.1_BWD_hphs1.5_Tw1,local,Cq,0.26886922566859056,9.279906268960294,0.07402977996733523,0.09223146131279888,0.018201681345463655,29,29,0.0,4.0,0.1,1.5,1.0,BWD,0.0199999999999999,0.03
PHASE1__Ma4_Kn0.1_BWD_hphs1.5_Tw1,local,tau_abs,0.133236379691539,2.023258166391274,2.8424561232849315,2.392754073926683,0.4497020493582484,29,29,0.0,4.0,0.1,1.5,1.0,BWD,0.0199999999999999,0.03
PHASE1__Ma4_Kn0.1_FWD_hphs1.5_Tw1,local,Cp,0.10789586989870126,4.328153494623289,1.076309885415225,1.0244679497635207,0.05184193565170436,29,27,2.0,4.0,0.1,1.5,1.0,FWD,0.0199999999999999,0.03
PHASE1__Ma4_Kn0.1_FWD_hphs1.5_Tw1,local,Cq,0.25614230368438595,6.007015051737976,0.13179674328075505,0.14247668324510077,0.010679939964345714,29,29,0.0,4.0,0.1,1.5,1.0,FWD,0.0199999999999999,0.03
PHASE1__Ma4_Kn0.1_FWD_hphs1.5_Tw1,local,tau_abs,0.4389086215825251,12.060466613078672,0.5220490347180042,0.7213361905665473,0.19928715584854306,22,27,5.0,4.0,0.1,1.5,1.0,FWD,0.0199999999999999,0.03
PHASE1__Ma4_Kn0.1_ISO_hphs1.5_Tw1,local,Cp,0.06250984073682378,2.942152643777398,0.8634403015328955,0.904793236241168,0.041352934708272504,29,29,0.0,4.0,0.1,1.5,1.0,ISO,0.0199999999999999,0.03
PHASE1__Ma4_Kn0.1_ISO_hphs1.5_Tw1,local,Cq,0.11074188780576107,3.0296996118483444,0.10494855343224858,0.11451847963246653,0.009569926200217946,29,29,0.0,4.0,0.1,1.5,1.0,ISO,0.0199999999999999,0.03
PHASE1__Ma4_Kn0.1_ISO_hphs1.5_Tw1,local,tau_abs,0.24612716026668957,3.260010513902448,2.273624827624162,1.7181002832657606,0.5555245443584014,29,29,0.0,4.0,0.1,1.5,1.0,ISO,0.0199999999999999,0.03
PHASE1__Ma4_Kn0.33_BWD_hphs1.5_Tw1,local,Cp,0.33645171834843896,14.497468922711484,0.2502652620340223,0.3623336215730575,0.11206835953903521,20,27,7.0,4.0,0.33,1.5,1.0,BWD,0.0199999999999999,0.03
PHASE1__Ma4_Kn0.33_BWD_hphs1.5_Tw1,local,Cq,0.33088353393088143,12.299087154841303,0.042792962160753234,0.06321844738488161,0.020425485224128376,29,29,0.0,4.0,0.33,1.5,1.0,BWD,0.0199999999999999,0.03
PHASE1__Ma4_Kn0.33_BWD_hphs1.5_Tw1,local,tau_abs,0.21391295638210825,3.9400975823886224,1.4231513920872931,1.9113108405472161,0.488159448459923,29,29,0.0,4.0,0.33,1.5,1.0,BWD,0.0199999999999999,0.03
PHASE1__Ma4_Kn0.33_FWD_hphs1.5_Tw1,local,Cp,0.317272637241471,11.870644087720496,0.42600671825000297,0.5609422143408046,0.13493549609080163,29,28,1.0,4.0,0.33,1.5,1.0,FWD,0.0199999999999999,0.03
PHASE1__Ma4_Kn0.33_FWD_hphs1.5_Tw1,local,Cq,0.35735854660159044,7.81009644779505,0.06827426526116272,0.10223332662368875,0.033959061362526036,29,29,0.0,4.0,0.33,1.5,1.0,FWD,0.0199999999999999,0.03
PHASE1__Ma4_Kn0.33_FWD_hphs1.5_Tw1,local,tau_abs,0.5381604563302139,26.510808225750246,0.28509087337768285,0.4757839432870524,0.19069306990936957,21,29,8.0,4.0,0.33,1.5,1.0,FWD,0.0199999999999999,0.03
PHASE1__Ma4_Kn0.33_ISO_hphs1.5_Tw1,local,Cp,0.1977156088468399,8.192062199586987,0.345417588150757,0.417096248316996,0.07167866016623897,29,28,1.0,4.0,0.33,1.5,1.0,ISO,0.0199999999999999,0.03
PHASE1__Ma4_Kn0.33_ISO_hphs1.5_Tw1,local,Cq,0.14214277755258306,4.187520094228972,0.05883884313695097,0.0714823494916825,0.012643506354731528,29,29,0.0,4.0,0.33,1.5,1.0,ISO,0.0199999999999999,0.03
PHASE1__Ma4_Kn0.33_ISO_hphs1.5_Tw1,local,tau_abs,0.31596717889365217,4.4700590709701205,1.0448997068221428,1.3912462127513507,0.3463465059292079,29,29,0.0,4.0,0.33,1.5,1.0,ISO,0.0199999999999999,0.03
PHASE1__Ma4_Kn0.8_BWD_hphs1.5_Tw1,local,Cp,0.7572513400953798,29.409744848706477,0.10920129741117635,0.2341386137715388,0.12493731636036245,23,28,5.0,4.0,0.8,1.5,1.0,BWD,0.0199999999999999,0.03
PHASE1__Ma4_Kn0.8_BWD_hphs1.5_Tw1,local,Cq,0.6681821774148908,25.49294755840689,0.028336534978995263,0.0641119568438184,0.03577542186482314,29,29,0.0,4.0,0.8,1.5,1.0,BWD,0.0199999999999999,0.03
PHASE1__Ma4_Kn0.8_BWD_hphs1.5_Tw1,local,tau_abs,0.6009299376514685,12.792124385076043,0.8718923596878229,1.9230536552716042,1.0511612955837815,29,29,0.0,4.0,0.8,1.5,1.0,BWD,0.0199999999999999,0.03
PHASE1__Ma4_Kn0.8_FWD_hphs1.5_Tw1,local,Cp,0.5936782201165963,20.016306041731838,0.20061819998860883,0.34359943080978,0.14298123082117117,29,29,0.0,4.0,0.8,1.5,1.0,FWD,0.0199999999999999,0.03
PHASE1__Ma4_Kn0.8_FWD_hphs1.5_Tw1,local,Cq,0.502126715993866,10.627291620120912,0.04202824789859222,0.08277489271304998,0.040746644814457764,29,29,0.0,4.0,0.8,1.5,1.0,FWD,0.0199999999999999,0.03
PHASE1__Ma4_Kn0.8_FWD_hphs1.5_Tw1,local,tau_abs,0.2923690371155515,13.18937048837605,0.24910956109985022,0.4404445027358103,0.1913349416359601,22,29,7.0,4.0,0.8,1.5,1.0,FWD,0.0199999999999999,0.03
PHASE1__Ma4_Kn0.8_ISO_hphs1.5_Tw1,local,Cp,0.32300769906455823,11.690440958437785,0.16848922123804277,0.23920115396213879,0.07071193272409601,29,29,0.0,4.0,0.8,1.5,1.0,ISO,0.0199999999999999,0.03
PHASE1__Ma4_Kn0.8_ISO_hphs1.5_Tw1,local,Cq,0.2396683298332077,7.224513655896555,0.038271549090210445,0.05931154681241752,0.021039997722207077,29,29,0.0,4.0,0.8,1.5,1.0,ISO,0.0199999999999999,0.03
PHASE1__Ma4_Kn0.8_ISO_hphs1.5_Tw1,local,tau_abs,0.9060796120347203,14.48189911015279,0.5748536957704977,1.3131503791723684,0.7382966834018707,29,29,0.0,4.0,0.8,1.5,1.0,ISO,0.0199999999999999,0.03
PHASE1__Ma6_Kn0.1_BWD_hphs1.5_Tw1,local,Cp,0.05971795067479746,1.9144770799219464,1.5339085610781122,1.6694171019273056,0.1355085408491934,23,26,3.0,6.0,0.1,1.5,1.0,BWD,0.0199999999999999,0.03
PHASE1__Ma6_Kn0.1_BWD_hphs1.5_Tw1,local,Cq,0.10127979321029679,2.581215847094134,0.2874192952717853,0.29084962156215655,0.003430326290371266,29,27,2.0,6.0,0.1,1.5,1.0,BWD,0.0199999999999999,0.03
PHASE1__Ma6_Kn0.1_BWD_hphs1.5_Tw1,local,tau_abs,0.21751491334219322,2.650581070137852,6.780560061882794,4.694064385221164,2.08649567666163,29,29,0.0,6.0,0.1,1.5,1.0,BWD,0.0199999999999999,0.03
PHASE1__Ma6_Kn0.1_FWD_hphs1.5_Tw1,local,Cp,0.06812128092778681,1.6899757504043238,2.45257496245697,2.176784714057589,0.2757902483993808,29,27,2.0,6.0,0.1,1.5,1.0,FWD,0.0199999999999999,0.03
PHASE1__Ma6_Kn0.1_FWD_hphs1.5_Tw1,local,Cq,0.14237943905384026,2.5376990640600012,0.5530867893007966,0.4638008241107276,0.08928596519006898,29,29,0.0,6.0,0.1,1.5,1.0,FWD,0.0199999999999999,0.03
PHASE1__Ma6_Kn0.1_FWD_hphs1.5_Tw1,local,tau_abs,0.2978571179915275,7.510630875727858,1.73797673405745,1.6534457618537641,0.08453097220368577,23,27,4.0,6.0,0.1,1.5,1.0,FWD,0.0199999999999999,0.03
PHASE1__Ma6_Kn0.1_ISO_hphs1.5_Tw1,local,Cp,0.0384108708270769,1.4405124938421645,1.941088311058775,1.9433978195574955,0.0023095084987203585,29,26,3.0,6.0,0.1,1.5,1.0,ISO,0.0199999999999999,0.03
PHASE1__Ma6_Kn0.1_ISO_hphs1.5_Tw1,local,Cq,0.05431956430096211,1.2604569544365918,0.4219718895734579,0.45153937513154313,0.02956748555808525,29,29,0.0,6.0,0.1,1.5,1.0,ISO,0.0199999999999999,0.03
PHASE1__Ma6_Kn0.1_ISO_hphs1.5_Tw1,local,tau_abs,0.27800612361107346,2.8535814632690517,5.6442007685853985,3.896171730488136,1.7480290380972625,29,29,0.0,6.0,0.1,1.5,1.0,ISO,0.0199999999999999,0.03
PHASE1__Ma6_Kn0.33_BWD_hphs1.5_Tw1,local,Cp,0.19160616737447628,8.013480286288965,0.6104722158762647,0.7774626319090644,0.16699041603279974,24,29,5.0,6.0,0.33,1.5,1.0,BWD,0.0199999999999999,0.03
PHASE1__Ma6_Kn0.33_BWD_hphs1.5_Tw1,local,Cq,0.21394605428117988,7.200128222225875,0.1741071995388561,0.24362269873894693,0.06951549920009084,29,29,0.0,6.0,0.33,1.5,1.0,BWD,0.0199999999999999,0.03
PHASE1__Ma6_Kn0.33_BWD_hphs1.5_Tw1,local,tau_abs,0.1064630042556272,1.5414867422560887,3.8102873168305824,4.524390619774536,0.7141033029439536,29,29,0.0,6.0,0.33,1.5,1.0,BWD,0.0199999999999999,0.03
PHASE1__Ma6_Kn0.33_FWD_hphs1.5_Tw1,local,Cp,0.06496602181306285,2.1469314636653567,1.0704930318440726,1.1670728358332174,0.09657980398914479,29,28,1.0,6.0,0.33,1.5,1.0,FWD,0.0199999999999999,0.03
PHASE1__Ma6_Kn0.33_FWD_hphs1.5_Tw1,local,Cq,0.15231909427267104,2.5993848700596436,0.3019719036699473,0.36962521750702926,0.06765331383708195,29,29,0.0,6.0,0.33,1.5,1.0,FWD,0.0199999999999999,0.03
PHASE1__Ma6_Kn0.33_FWD_hphs1.5_Tw1,local,tau_abs,0.2620045033169544,8.431674536964609,0.9095880593378521,1.0119802363775008,0.10239217703964865,21,23,2.0,6.0,0.33,1.5,1.0,FWD,0.0199999999999999,0.03
PHASE1__Ma6_Kn0.33_ISO_hphs1.5_Tw1,local,Cp,0.071867283996235,2.4491583912994037,0.8552880339081496,1.0392139852681181,0.1839259513599686,29,29,0.0,6.0,0.33,1.5,1.0,ISO,0.0199999999999999,0.03
PHASE1__Ma6_Kn0.33_ISO_hphs1.5_Tw1,local,Cq,0.10692067674871535,1.9996266769578377,0.24852413609916824,0.31967446017242973,0.0711503240732615,29,29,0.0,6.0,0.33,1.5,1.0,ISO,0.0199999999999999,0.03
PHASE1__Ma6_Kn0.33_ISO_hphs1.5_Tw1,local,tau_abs,0.25611460253159524,3.681713374060871,3.018045543633164,4.02210473438703,1.0040591907538658,29,29,0.0,6.0,0.33,1.5,1.0,ISO,0.0199999999999999,0.03
PHASE1__Ma6_Kn0.8_BWD_hphs1.5_Tw1,local,Cp,0.363850243432883,14.177915899637826,0.28692135110386213,0.4847633857642331,0.19784203466037098,24,29,5.0,6.0,0.8,1.5,1.0,BWD,0.0199999999999999,0.03
PHASE1__Ma6_Kn0.8_BWD_hphs1.5_Tw1,local,Cq,0.43470915333873295,15.234153636983347,0.11163164414093354,0.23186833073282515,0.1202366865918916,29,29,0.0,6.0,0.8,1.5,1.0,BWD,0.0199999999999999,0.03
PHASE1__Ma6_Kn0.8_BWD_hphs1.5_Tw1,local,tau_abs,0.3384606737962629,4.998364892359816,2.3508189204615486,4.38833378765259,2.037514867191041,29,29,0.0,6.0,0.8,1.5,1.0,BWD,0.0199999999999999,0.03
PHASE1__Ma6_Kn0.8_FWD_hphs1.5_Tw1,local,Cp,0.22743149816482766,6.691805215015521,0.5258980145285392,0.8021279394092113,0.2762299248806721,29,29,0.0,6.0,0.8,1.5,1.0,FWD,0.0199999999999999,0.03
PHASE1__Ma6_Kn0.8_FWD_hphs1.5_Tw1,local,Cq,0.40087727618882996,5.20801597767111,0.177797345808941,0.32762197192426107,0.14982462611532008,29,29,0.0,6.0,0.8,1.5,1.0,FWD,0.0199999999999999,0.03
PHASE1__Ma6_Kn0.8_FWD_hphs1.5_Tw1,local,tau_abs,0.26190789482461163,8.47367609546916,0.6717689679048892,1.1217202870238236,0.4499513191189345,21,29,8.0,6.0,0.8,1.5,1.0,FWD,0.0199999999999999,0.03
PHASE1__Ma6_Kn0.8_ISO_hphs1.5_Tw1,local,Cp,0.15030453504958555,5.144791270630009,0.4375722833376935,0.5976925170261232,0.16012023368842976,29,29,0.0,6.0,0.8,1.5,1.0,ISO,0.0199999999999999,0.03
PHASE1__Ma6_Kn0.8_ISO_hphs1.5_Tw1,local,Cq,0.1882159625031595,3.63275095901039,0.15647429649557942,0.24297709617839128,0.08650279968281185,29,29,0.0,6.0,0.8,1.5,1.0,ISO,0.0199999999999999,0.03
PHASE1__Ma6_Kn0.8_ISO_hphs1.5_Tw1,local,tau_abs,0.4775152070082488,7.006251428950225,1.6973528503234088,3.0470908054904897,1.349737955167081,29,29,0.0,6.0,0.8,1.5,1.0,ISO,0.0199999999999999,0.03
PHASE1__Ma8_Kn0.1_BWD_hphs1.5_Tw1,local,Cp,0.19029591205533686,8.342807989594313,2.8331607269414056,2.347634276003373,0.4855264509380328,24,25,1.0,8.0,0.1,1.5,1.0,BWD,0.0199999999999999,0.03
PHASE1__Ma8_Kn0.1_BWD_hphs1.5_Tw1,local,Cq,0.146782441332364,4.2562436831287584,0.7817971468709604,0.6374380017911409,0.1443591450798195,29,25,4.0,8.0,0.1,1.5,1.0,BWD,0.0199999999999999,0.03
PHASE1__Ma8_Kn0.1_BWD_hphs1.5_Tw1,local,tau_abs,0.38939236996353527,5.008704720563374,13.353188303689873,6.396678934949427,6.956509368740446,29,29,0.0,8.0,0.1,1.5,1.0,BWD,0.0199999999999999,0.03
PHASE1__Ma8_Kn0.1_FWD_hphs1.5_Tw1,local,Cp,0.2594214515202582,8.860132061109743,4.676719235597958,2.983666258211472,1.6930529773864862,29,25,4.0,8.0,0.1,1.5,1.0,FWD,0.0199999999999999,0.03
PHASE1__Ma8_Kn0.1_FWD_hphs1.5_Tw1,local,Cq,0.3327735989039598,3.435088738884874,1.569868790261158,0.8018035415139356,0.7680652487472225,29,29,0.0,8.0,0.1,1.5,1.0,FWD,0.0199999999999999,0.03
PHASE1__Ma8_Kn0.1_FWD_hphs1.5_Tw1,local,tau_abs,0.48331106450387895,14.876226560837852,3.8464048091692065,2.3144337322307225,1.531971076938484,24,27,3.0,8.0,0.1,1.5,1.0,FWD,0.0199999999999999,0.03
PHASE1__Ma8_Kn0.1_ISO_hphs1.5_Tw1,local,Cp,0.16016835333217613,6.201014265871367,3.681442580636097,2.9506294215971134,0.7308131590389837,28,28,0.0,8.0,0.1,1.5,1.0,ISO,0.0199999999999999,0.03
PHASE1__Ma8_Kn0.1_ISO_hphs1.5_Tw1,local,Cq,0.206356739970721,4.0989425526765,1.1727709118761507,0.8665117349050713,0.3062591769710794,29,29,0.0,8.0,0.1,1.5,1.0,ISO,0.0199999999999999,0.03
PHASE1__Ma8_Kn0.1_ISO_hphs1.5_Tw1,local,tau_abs,0.47422077521012707,5.142651904101305,11.52976870413713,5.368174275326559,6.161594428810571,29,29,0.0,8.0,0.1,1.5,1.0,ISO,0.0199999999999999,0.03
PHASE1__Ma8_Kn0.33_BWD_hphs1.5_Tw1,local,Cp,0.09381321097113994,3.3150297114758165,1.1913212841394143,1.3164026606897705,0.12508137655035623,25,26,1.0,8.0,0.33,1.5,1.0,BWD,0.0199999999999999,0.03
PHASE1__Ma8_Kn0.33_BWD_hphs1.5_Tw1,local,Cq,0.05484420142486643,1.6204821266446476,0.4850144214034094,0.49074331554206735,0.005728894138657958,29,27,2.0,8.0,0.33,1.5,1.0,BWD,0.0199999999999999,0.03
PHASE1__Ma8_Kn0.33_BWD_hphs1.5_Tw1,local,tau_abs,0.1910399046481895,4.197706435630267,7.927034712627416,6.565057130745576,1.36197758188184,29,29,0.0,8.0,0.33,1.5,1.0,BWD,0.0199999999999999,0.03
PHASE1__Ma8_Kn0.33_FWD_hphs1.5_Tw1,local,Cp,0.05259125738365086,1.591015825865141,2.1247311482438764,1.8903110111607888,0.23442013708308762,29,28,1.0,8.0,0.33,1.5,1.0,FWD,0.0199999999999999,0.03
PHASE1__Ma8_Kn0.33_FWD_hphs1.5_Tw1,local,Cq,0.08831757216607078,1.4601293852620185,0.8706127890846229,0.7498122681488009,0.12080052093582205,29,28,1.0,8.0,0.33,1.5,1.0,FWD,0.0199999999999999,0.03
PHASE1__Ma8_Kn0.33_FWD_hphs1.5_Tw1,local,tau_abs,0.3178317737657252,7.819575249451657,2.0211166402323246,2.368441283220866,0.3473246429885415,21,29,8.0,8.0,0.33,1.5,1.0,FWD,0.0199999999999999,0.03
PHASE1__Ma8_Kn0.33_ISO_hphs1.5_Tw1,local,Cp,0.05153149718916443,1.8185264376674837,1.7127566755112738,1.8903510017841199,0.1775943262728461,28,29,1.0,8.0,0.33,1.5,1.0,ISO,0.0199999999999999,0.03
PHASE1__Ma8_Kn0.33_ISO_hphs1.5_Tw1,local,Cq,0.10899349579446467,2.6198573150783093,0.7197337052678761,0.7127895320403034,0.006944173227572681,29,29,0.0,8.0,0.33,1.5,1.0,ISO,0.0199999999999999,0.03
PHASE1__Ma8_Kn0.33_ISO_hphs1.5_Tw1,local,tau_abs,0.1878283904880429,3.1204618976165084,6.600432423409849,5.759553904620279,0.8408785187895704,29,29,0.0,8.0,0.33,1.5,1.0,ISO,0.0199999999999999,0.03
PHASE1__Ma8_Kn0.8_BWD_hphs1.5_Tw1,local,Cp,0.22376697227532882,8.783236900292184,0.5658899669083529,0.7491363756784346,0.1832464087700817,25,25,0.0,8.0,0.8,1.5,1.0,BWD,0.0199999999999999,0.03
PHASE1__Ma8_Kn0.8_BWD_hphs1.5_Tw1,local,Cq,0.1718778654418462,5.870761119785391,0.3021254864506323,0.3729521863798262,0.07082669992919388,29,27,2.0,8.0,0.8,1.5,1.0,BWD,0.0199999999999999,0.03
PHASE1__Ma8_Kn0.8_BWD_hphs1.5_Tw1,local,tau_abs,0.1248302417907093,3.565744238639696,4.837840749115249,5.224598136965029,0.3867573878497801,29,28,1.0,8.0,0.8,1.5,1.0,BWD,0.0199999999999999,0.03
PHASE1__Ma8_Kn0.8_FWD_hphs1.5_Tw1,local,Cp,0.06239343055650195,1.8353758466754841,1.0355485472914951,1.1571822583155773,0.12163371102408216,29,29,0.0,8.0,0.8,1.5,1.0,FWD,0.0199999999999999,0.03
PHASE1__Ma8_Kn0.8_FWD_hphs1.5_Tw1,local,Cq,0.12109128385901827,2.2460149726180303,0.49284394357708305,0.5989248646563989,0.10608092107931588,29,29,0.0,8.0,0.8,1.5,1.0,FWD,0.0199999999999999,0.03
PHASE1__Ma8_Kn0.8_FWD_hphs1.5_Tw1,local,tau_abs,0.2152494653501356,9.541420369466131,1.4460564477308624,1.381021913330268,0.06503453440059448,21,24,3.0,8.0,0.8,1.5,1.0,FWD,0.0199999999999999,0.03
PHASE1__Ma8_Kn0.8_ISO_hphs1.5_Tw1,local,Cp,0.06827404709858943,2.1693644090562336,0.8653978369199925,1.0296556712638165,0.16425783434382402,29,29,0.0,8.0,0.8,1.5,1.0,ISO,0.0199999999999999,0.03
PHASE1__Ma8_Kn0.8_ISO_hphs1.5_Tw1,local,Cq,0.11414316316382876,2.9107772531290697,0.43211155273993584,0.5593971927488702,0.1272856400089344,29,29,0.0,8.0,0.8,1.5,1.0,ISO,0.0199999999999999,0.03
PHASE1__Ma8_Kn0.8_ISO_hphs1.5_Tw1,local,tau_abs,0.2011705856212504,3.492717019193787,3.676242648275546,4.259025724948354,0.5827830766728082,29,28,1.0,8.0,0.8,1.5,1.0,ISO,0.0199999999999999,0.03
PHASE1__Ma4_Kn0.1_BWD_hphs1.5_Tw1,R0p05,Cp,0.16480551009206232,7.606160827663803,0.701968411026339,0.8151705096811085,0.11320209865476949,22,26,4.0,4.0,0.1,1.5,1.0,BWD,0.0199999999999999,0.03
PHASE1__Ma4_Kn0.1_BWD_hphs1.5_Tw1,R0p05,Cq,0.3230020745473372,10.702255780112012,0.07402977996733523,0.10389467721129275,0.029864897243957522,29,29,0.0,4.0,0.1,1.5,1.0,BWD,0.0199999999999999,0.03
PHASE1__Ma4_Kn0.1_BWD_hphs1.5_Tw1,R0p05,tau_abs,0.10986160261500949,2.129543691099038,2.8424561232849315,2.6370792979065834,0.20537682537834812,29,29,0.0,4.0,0.1,1.5,1.0,BWD,0.0199999999999999,0.03
PHASE1__Ma4_Kn0.1_FWD_hphs1.5_Tw1,R0p05,Cp,0.16550870253020783,6.804343827899867,1.076309885415225,1.1289228405640768,0.05261295514885167,29,27,2.0,4.0,0.1,1.5,1.0,FWD,0.0199999999999999,0.03
PHASE1__Ma4_Kn0.1_FWD_hphs1.5_Tw1,R0p05,Cq,0.26270870669003243,6.594045390121327,0.13179674328075505,0.1366441400469002,0.004847396766145151,29,29,0.0,4.0,0.1,1.5,1.0,FWD,0.0199999999999999,0.03
PHASE1__Ma4_Kn0.1_FWD_hphs1.5_Tw1,R0p05,tau_abs,0.5335978497779313,13.861694158750955,0.5220490347180042,0.8628981272496085,0.3408490925316042,22,29,7.0,4.0,0.1,1.5,1.0,FWD,0.0199999999999999,0.03
PHASE1__Ma4_Kn0.1_ISO_hphs1.5_Tw1,R0p05,Cp,0.09668738134420829,4.50895928366514,0.8634403015328955,0.9329483455459384,0.06950804401304289,29,29,0.0,4.0,0.1,1.5,1.0,ISO,0.0199999999999999,0.03
PHASE1__Ma4_Kn0.1_ISO_hphs1.5_Tw1,R0p05,Cq,0.1674289591106881,4.734043517667298,0.10494855343224858,0.12097251640269377,0.016023962970445185,29,29,0.0,4.0,0.1,1.5,1.0,ISO,0.0199999999999999,0.03
PHASE1__Ma4_Kn0.1_ISO_hphs1.5_Tw1,R0p05,tau_abs,0.24240508908692396,3.5270838753448417,2.273624827624162,1.793172873577848,0.4804519540463139,29,29,0.0,4.0,0.1,1.5,1.0,ISO,0.0199999999999999,0.03
PHASE1__Ma4_Kn0.33_BWD_hphs1.5_Tw1,R0p05,Cp,0.31015442253229353,13.484262258618857,0.2502652620340223,0.3606543328119858,0.1103890707779635,20,29,9.0,4.0,0.33,1.5,1.0,BWD,0.0199999999999999,0.03
PHASE1__Ma4_Kn0.33_BWD_hphs1.5_Tw1,R0p05,Cq,0.36438755629888164,13.164525066623645,0.042792962160753234,0.0704927550505728,0.027699792889819566,29,29,0.0,4.0,0.33,1.5,1.0,BWD,0.0199999999999999,0.03
PHASE1__Ma4_Kn0.33_BWD_hphs1.5_Tw1,R0p05,tau_abs,0.2311914785737863,4.873761332571735,1.4231513920872931,1.8392175009004492,0.4160661088131561,29,29,0.0,4.0,0.33,1.5,1.0,BWD,0.0199999999999999,0.03
PHASE1__Ma4_Kn0.33_FWD_hphs1.5_Tw1,R0p05,Cp,0.3495836436053816,12.820287661310939,0.42600671825000297,0.6231608549557958,0.1971541367057928,29,28,1.0,4.0,0.33,1.5,1.0,FWD,0.0199999999999999,0.03
PHASE1__Ma4_Kn0.33_FWD_hphs1.5_Tw1,R0p05,Cq,0.49467432107343273,10.081105808903851,0.06827426526116272,0.11344926520701382,0.0451749999458511,29,29,0.0,4.0,0.33,1.5,1.0,FWD,0.0199999999999999,0.03
PHASE1__Ma4_Kn0.33_FWD_hphs1.5_Tw1,R0p05,tau_abs,0.5821553738918718,28.452771152071083,0.28509087337768285,0.4852588679958059,0.20016799461812307,21,28,7.0,4.0,0.33,1.5,1.0,FWD,0.0199999999999999,0.03
PHASE1__Ma4_Kn0.33_ISO_hphs1.5_Tw1,R0p05,Cp,0.21686138121925802,8.893996639282289,0.345417588150757,0.45129198176166035,0.10587439361090334,29,29,0.0,4.0,0.33,1.5,1.0,ISO,0.0199999999999999,0.03
PHASE1__Ma4_Kn0.33_ISO_hphs1.5_Tw1,R0p05,Cq,0.20281903365605775,5.712516313600613,0.05883884313695097,0.08125709848340582,0.022418255346454842,29,29,0.0,4.0,0.33,1.5,1.0,ISO,0.0199999999999999,0.03
PHASE1__Ma4_Kn0.33_ISO_hphs1.5_Tw1,R0p05,tau_abs,0.383183644074368,5.401622729179706,1.0448997068221428,1.5716377156215104,0.5267380087993676,29,29,0.0,4.0,0.33,1.5,1.0,ISO,0.0199999999999999,0.03
PHASE1__Ma4_Kn0.8_BWD_hphs1.5_Tw1,R0p05,Cp,0.7575152395568069,29.191560289124443,0.10920129741117635,0.25404248122848594,0.1448411838173096,23,29,6.0,4.0,0.8,1.5,1.0,BWD,0.0199999999999999,0.03
PHASE1__Ma4_Kn0.8_BWD_hphs1.5_Tw1,R0p05,Cq,0.8173464198264949,29.62575687021488,0.028336534978995263,0.08199458258036967,0.0536580476013744,29,29,0.0,4.0,0.8,1.5,1.0,BWD,0.0199999999999999,0.03
PHASE1__Ma4_Kn0.8_BWD_hphs1.5_Tw1,R0p05,tau_abs,0.7799198051277368,17.613587721391575,0.8718923596878229,2.2800878261216204,1.4081954664337974,29,29,0.0,4.0,0.8,1.5,1.0,BWD,0.0199999999999999,0.03
PHASE1__Ma4_Kn0.8_FWD_hphs1.5_Tw1,R0p05,Cp,0.5847953807823918,19.53501787890321,0.20061819998860883,0.35177659824579643,0.1511583982571876,29,29,0.0,4.0,0.8,1.5,1.0,FWD,0.0199999999999999,0.03
PHASE1__Ma4_Kn0.8_FWD_hphs1.5_Tw1,R0p05,Cq,0.5502331074023648,12.099236041724224,0.04202824789859222,0.08461269135893693,0.042584443460344706,29,29,0.0,4.0,0.8,1.5,1.0,FWD,0.0199999999999999,0.03
PHASE1__Ma4_Kn0.8_FWD_hphs1.5_Tw1,R0p05,tau_abs,0.3892885016907399,16.172103273465154,0.24910956109985022,0.4886112725019468,0.23950171140209658,22,29,7.0,4.0,0.8,1.5,1.0,FWD,0.0199999999999999,0.03
PHASE1__Ma4_Kn0.8_ISO_hphs1.5_Tw1,R0p05,Cp,0.4029890697683331,13.809508482398957,0.16848922123804277,0.3236334456556718,0.15514422441762904,29,29,0.0,4.0,0.8,1.5,1.0,ISO,0.0199999999999999,0.03
PHASE1__Ma4_Kn0.8_ISO_hphs1.5_Tw1,R0p05,Cq,0.3517024509027919,8.587276700533636,0.038271549090210445,0.07568443666936997,0.037412887579159525,29,29,0.0,4.0,0.8,1.5,1.0,ISO,0.0199999999999999,0.03
PHASE1__Ma4_Kn0.8_ISO_hphs1.5_Tw1,R0p05,tau_abs,0.9518907565002063,14.922957606998752,0.5748536957704977,1.4909944843246201,0.9161407885541224,29,29,0.0,4.0,0.8,1.5,1.0,ISO,0.0199999999999999,0.03
PHASE1__Ma6_Kn0.1_BWD_hphs1.5_Tw1,R0p05,Cp,0.05139049716326123,1.5606763299870468,1.5339085610781122,1.6060661327228936,0.07215757164478132,23,25,2.0,6.0,0.1,1.5,1.0,BWD,0.0199999999999999,0.03
PHASE1__Ma6_Kn0.1_BWD_hphs1.5_Tw1,R0p05,Cq,0.1271248020430907,3.308708852549328,0.2874192952717853,0.3002059724289524,0.012786677157167137,29,26,3.0,6.0,0.1,1.5,1.0,BWD,0.0199999999999999,0.03
PHASE1__Ma6_Kn0.1_BWD_hphs1.5_Tw1,R0p05,tau_abs,0.2379668500064949,2.7297102021164372,6.780560061882794,4.40637634839024,2.3741837134925543,29,29,0.0,6.0,0.1,1.5,1.0,BWD,0.0199999999999999,0.03
PHASE1__Ma6_Kn0.1_FWD_hphs1.5_Tw1,R0p05,Cp,0.07058371479716698,2.250475864259962,2.45257496245697,2.304889688793455,0.14768527366351503,29,27,2.0,6.0,0.1,1.5,1.0,FWD,0.0199999999999999,0.03
PHASE1__Ma6_Kn0.1_FWD_hphs1.5_Tw1,R0p05,Cq,0.1731446684498256,3.1857372797630905,0.5530867893007966,0.5163317512986061,0.03675503800219049,29,29,0.0,6.0,0.1,1.5,1.0,FWD,0.0199999999999999,0.03
PHASE1__Ma6_Kn0.1_FWD_hphs1.5_Tw1,R0p05,tau_abs,0.2877972871213533,6.86407348823942,1.73797673405745,1.6513646877229284,0.08661204633452146,23,27,4.0,6.0,0.1,1.5,1.0,FWD,0.0199999999999999,0.03
PHASE1__Ma6_Kn0.1_ISO_hphs1.5_Tw1,R0p05,Cp,0.039429891865127756,1.4643649500427642,1.941088311058775,2.111397703921354,0.17030939286257873,29,29,0.0,6.0,0.1,1.5,1.0,ISO,0.0199999999999999,0.03
PHASE1__Ma6_Kn0.1_ISO_hphs1.5_Tw1,R0p05,Cq,0.08257015594338378,1.8905572834757338,0.4219718895734579,0.4463583118984784,0.02438642232502053,29,29,0.0,6.0,0.1,1.5,1.0,ISO,0.0199999999999999,0.03
PHASE1__Ma6_Kn0.1_ISO_hphs1.5_Tw1,R0p05,tau_abs,0.28904950417655567,3.2479507223878077,5.6442007685853985,4.1114556611766195,1.532745107408779,29,29,0.0,6.0,0.1,1.5,1.0,ISO,0.0199999999999999,0.03
PHASE1__Ma6_Kn0.33_BWD_hphs1.5_Tw1,R0p05,Cp,0.17925776073569502,7.33743030538839,0.6104722158762647,0.7689817707463352,0.15850955487007057,24,25,1.0,6.0,0.33,1.5,1.0,BWD,0.0199999999999999,0.03
PHASE1__Ma6_Kn0.33_BWD_hphs1.5_Tw1,R0p05,Cq,0.25035376567438017,8.982117619836725,0.1741071995388561,0.2200871326626991,0.04597993312384302,29,28,1.0,6.0,0.33,1.5,1.0,BWD,0.0199999999999999,0.03
PHASE1__Ma6_Kn0.33_BWD_hphs1.5_Tw1,R0p05,tau_abs,0.12223056014994427,2.386807882678522,3.8102873168305824,4.3989281089570085,0.5886407921264261,29,29,0.0,6.0,0.33,1.5,1.0,BWD,0.0199999999999999,0.03
PHASE1__Ma6_Kn0.33_FWD_hphs1.5_Tw1,R0p05,Cp,0.12286501874658763,4.463524058677099,1.0704930318440726,1.2078920152270989,0.13739898338302625,29,28,1.0,6.0,0.33,1.5,1.0,FWD,0.0199999999999999,0.03
PHASE1__Ma6_Kn0.33_FWD_hphs1.5_Tw1,R0p05,Cq,0.2067019548702044,3.414016892876619,0.3019719036699473,0.39651613539732694,0.09454423172737964,29,29,0.0,6.0,0.33,1.5,1.0,FWD,0.0199999999999999,0.03
PHASE1__Ma6_Kn0.33_FWD_hphs1.5_Tw1,R0p05,tau_abs,0.2774008774606701,8.154186644770855,0.9095880593378521,1.0782673623560581,0.168679303018206,21,23,2.0,6.0,0.33,1.5,1.0,FWD,0.0199999999999999,0.03
PHASE1__Ma6_Kn0.33_ISO_hphs1.5_Tw1,R0p05,Cp,0.09243763340150181,2.3745862703544294,0.8552880339081496,1.1403073926527407,0.28501935874459117,29,29,0.0,6.0,0.33,1.5,1.0,ISO,0.0199999999999999,0.03
PHASE1__Ma6_Kn0.33_ISO_hphs1.5_Tw1,R0p05,Cq,0.1247526505168631,2.4210574343915723,0.24852413609916824,0.3264713668363894,0.07794723073722115,29,29,0.0,6.0,0.33,1.5,1.0,ISO,0.0199999999999999,0.03
PHASE1__Ma6_Kn0.33_ISO_hphs1.5_Tw1,R0p05,tau_abs,0.21315483278484176,3.4651006711500836,3.018045543633164,3.663290092972216,0.645244549339052,29,29,0.0,6.0,0.33,1.5,1.0,ISO,0.0199999999999999,0.03
PHASE1__Ma6_Kn0.8_BWD_hphs1.5_Tw1,R0p05,Cp,0.3365741166656557,13.300992755659198,0.28692135110386213,0.471714554518085,0.1847932034142229,24,29,5.0,6.0,0.8,1.5,1.0,BWD,0.0199999999999999,0.03
PHASE1__Ma6_Kn0.8_BWD_hphs1.5_Tw1,R0p05,Cq,0.4286460403862981,15.923421817541279,0.11163164414093354,0.2085511173763165,0.09691947323538297,29,29,0.0,6.0,0.8,1.5,1.0,BWD,0.0199999999999999,0.03
PHASE1__Ma6_Kn0.8_BWD_hphs1.5_Tw1,R0p05,tau_abs,0.3248031122909379,6.108218260939844,2.3508189204615486,4.23866825077776,1.8878493303162114,29,29,0.0,6.0,0.8,1.5,1.0,BWD,0.0199999999999999,0.03
PHASE1__Ma6_Kn0.8_FWD_hphs1.5_Tw1,R0p05,Cp,0.21272744800209817,6.252902052876113,0.5258980145285392,0.8194812385547707,0.2935832240262315,29,29,0.0,6.0,0.8,1.5,1.0,FWD,0.0199999999999999,0.03
PHASE1__Ma6_Kn0.8_FWD_hphs1.5_Tw1,R0p05,Cq,0.4076134942102593,5.135540648134819,0.177797345808941,0.36424255527536614,0.18644520946642515,29,29,0.0,6.0,0.8,1.5,1.0,FWD,0.0199999999999999,0.03
PHASE1__Ma6_Kn0.8_FWD_hphs1.5_Tw1,R0p05,tau_abs,0.24827280570580068,7.43223433344563,0.6717689679048892,1.135343047515426,0.46357407961053687,21,29,8.0,6.0,0.8,1.5,1.0,FWD,0.0199999999999999,0.03
PHASE1__Ma6_Kn0.8_ISO_hphs1.5_Tw1,R0p05,Cp,0.1870011952969261,5.91424452500221,0.4375722833376935,0.6720708221211129,0.23449853878341942,29,29,0.0,6.0,0.8,1.5,1.0,ISO,0.0199999999999999,0.03
PHASE1__Ma6_Kn0.8_ISO_hphs1.5_Tw1,R0p05,Cq,0.2520060733856915,4.8543344531375014,0.15647429649557942,0.2792520257038363,0.12277772920825686,29,29,0.0,6.0,0.8,1.5,1.0,ISO,0.0199999999999999,0.03
PHASE1__Ma6_Kn0.8_ISO_hphs1.5_Tw1,R0p05,tau_abs,0.5119302404273146,8.577517408678588,1.6973528503234088,3.065638761646508,1.3682859113230992,29,29,0.0,6.0,0.8,1.5,1.0,ISO,0.0199999999999999,0.03
PHASE1__Ma8_Kn0.1_BWD_hphs1.5_Tw1,R0p05,Cp,0.20405528732244632,8.84747405281543,2.8331607269414056,2.2553274762357653,0.5778332507056403,24,26,2.0,8.0,0.1,1.5,1.0,BWD,0.0199999999999999,0.03
PHASE1__Ma8_Kn0.1_BWD_hphs1.5_Tw1,R0p05,Cq,0.15389020967226869,4.607624799467326,0.7817971468709604,0.6481376740182733,0.1336594728526871,29,26,3.0,8.0,0.1,1.5,1.0,BWD,0.0199999999999999,0.03
PHASE1__Ma8_Kn0.1_BWD_hphs1.5_Tw1,R0p05,tau_abs,0.4030145068945778,5.248391800100725,13.353188303689873,6.148691293232032,7.204497010457841,29,29,0.0,8.0,0.1,1.5,1.0,BWD,0.0199999999999999,0.03
PHASE1__Ma8_Kn0.1_FWD_hphs1.5_Tw1,R0p05,Cp,0.24897693391620285,8.411328124499468,4.676719235597958,2.957947436712597,1.7187717988853612,29,25,4.0,8.0,0.1,1.5,1.0,FWD,0.0199999999999999,0.03
PHASE1__Ma8_Kn0.1_FWD_hphs1.5_Tw1,R0p05,Cq,0.3652014000663417,3.837879179761749,1.569868790261158,0.7543632476916943,0.8155055425694638,29,29,0.0,8.0,0.1,1.5,1.0,FWD,0.0199999999999999,0.03
PHASE1__Ma8_Kn0.1_FWD_hphs1.5_Tw1,R0p05,tau_abs,0.4852737595927505,15.220666291704626,3.8464048091692065,2.21204881289601,1.6343559962731966,24,29,5.0,8.0,0.1,1.5,1.0,FWD,0.0199999999999999,0.03
PHASE1__Ma8_Kn0.1_ISO_hphs1.5_Tw1,R0p05,Cp,0.17326691723889748,6.599221875290431,3.681442580636097,2.8422163365021382,0.8392262441339589,28,25,3.0,8.0,0.1,1.5,1.0,ISO,0.0199999999999999,0.03
PHASE1__Ma8_Kn0.1_ISO_hphs1.5_Tw1,R0p05,Cq,0.22480756302371835,4.298902890536383,1.1727709118761507,0.8424823281439819,0.33028858373216874,29,29,0.0,8.0,0.1,1.5,1.0,ISO,0.0199999999999999,0.03
PHASE1__Ma8_Kn0.1_ISO_hphs1.5_Tw1,R0p05,tau_abs,0.4768233157514843,4.733050774850212,11.52976870413713,5.121036326544247,6.408732377592883,29,29,0.0,8.0,0.1,1.5,1.0,ISO,0.0199999999999999,0.03
PHASE1__Ma8_Kn0.33_BWD_hphs1.5_Tw1,R0p05,Cp,0.1377157791994193,5.392583391345127,1.1913212841394143,1.4236148920776686,0.23229360793825427,25,26,1.0,8.0,0.33,1.5,1.0,BWD,0.0199999999999999,0.03
PHASE1__Ma8_Kn0.33_BWD_hphs1.5_Tw1,R0p05,Cq,0.06935536997833563,2.257034874698988,0.4850144214034094,0.48754927719283087,0.002534855789421475,29,26,3.0,8.0,0.33,1.5,1.0,BWD,0.0199999999999999,0.03
PHASE1__Ma8_Kn0.33_BWD_hphs1.5_Tw1,R0p05,tau_abs,0.1565263795728699,3.4976538160934774,7.927034712627416,6.617443876339146,1.3095908362882698,29,29,0.0,8.0,0.33,1.5,1.0,BWD,0.0199999999999999,0.03
PHASE1__Ma8_Kn0.33_FWD_hphs1.5_Tw1,R0p05,Cp,0.04823261858969308,1.454249210451831,2.1247311482438764,1.9983988462961841,0.1263323019476923,29,28,1.0,8.0,0.33,1.5,1.0,FWD,0.0199999999999999,0.03
PHASE1__Ma8_Kn0.33_FWD_hphs1.5_Tw1,R0p05,Cq,0.10694181641908934,1.8377884929081967,0.8706127890846229,0.7182563507217862,0.15235643836283674,29,29,0.0,8.0,0.33,1.5,1.0,FWD,0.0199999999999999,0.03
PHASE1__Ma8_Kn0.33_FWD_hphs1.5_Tw1,R0p05,tau_abs,0.36275100939773414,8.05383446421495,2.0211166402323246,2.6660387374527206,0.644922097220396,21,29,8.0,8.0,0.33,1.5,1.0,FWD,0.0199999999999999,0.03
PHASE1__Ma8_Kn0.33_ISO_hphs1.5_Tw1,R0p05,Cp,0.04944552044590126,1.5443515400156713,1.7127566755112738,1.7069371762093157,0.00581949930195802,28,29,1.0,8.0,0.33,1.5,1.0,ISO,0.0199999999999999,0.03
PHASE1__Ma8_Kn0.33_ISO_hphs1.5_Tw1,R0p05,Cq,0.1497141389249389,3.6123243599298536,0.7197337052678761,0.6153370149293311,0.10439669033854493,29,29,0.0,8.0,0.33,1.5,1.0,ISO,0.0199999999999999,0.03
PHASE1__Ma8_Kn0.33_ISO_hphs1.5_Tw1,R0p05,tau_abs,0.246245208811081,3.6703832219742423,6.600432423409849,4.817117315268205,1.783315108141644,29,29,0.0,8.0,0.33,1.5,1.0,ISO,0.0199999999999999,0.03
PHASE1__Ma8_Kn0.8_BWD_hphs1.5_Tw1,R0p05,Cp,0.1919940646612249,7.4882842891892585,0.5658899669083529,0.7211557756333049,0.155265808724952,25,25,0.0,8.0,0.8,1.5,1.0,BWD,0.0199999999999999,0.03
PHASE1__Ma8_Kn0.8_BWD_hphs1.5_Tw1,R0p05,Cq,0.1674291140837081,5.629211479806597,0.3021254864506323,0.3561801286496573,0.054054642199025005,29,25,4.0,8.0,0.8,1.5,1.0,BWD,0.0199999999999999,0.03
PHASE1__Ma8_Kn0.8_BWD_hphs1.5_Tw1,R0p05,tau_abs,0.1182915397743498,3.2178358157039804,4.837840749115249,5.050217042478403,0.2123762933631541,29,28,1.0,8.0,0.8,1.5,1.0,BWD,0.0199999999999999,0.03
PHASE1__Ma8_Kn0.8_FWD_hphs1.5_Tw1,R0p05,Cp,0.03533442073934546,1.0561689989257106,1.0355485472914951,1.1044582376011252,0.06890969030963001,29,29,0.0,8.0,0.8,1.5,1.0,FWD,0.0199999999999999,0.03
PHASE1__Ma8_Kn0.8_FWD_hphs1.5_Tw1,R0p05,Cq,0.06376306038998496,1.4107040623950886,0.49284394357708305,0.5380405542478789,0.045196610670795834,29,29,0.0,8.0,0.8,1.5,1.0,FWD,0.0199999999999999,0.03
PHASE1__Ma8_Kn0.8_FWD_hphs1.5_Tw1,R0p05,tau_abs,0.20401387993577816,9.48921612468299,1.4460564477308624,1.317668098880153,0.12838834885070938,21,23,2.0,8.0,0.8,1.5,1.0,FWD,0.0199999999999999,0.03
PHASE1__Ma8_Kn0.8_ISO_hphs1.5_Tw1,R0p05,Cp,0.09585883515143434,1.6371183958272542,0.8653978369199925,1.2029154165869125,0.33751757966692,29,29,0.0,8.0,0.8,1.5,1.0,ISO,0.0199999999999999,0.03
PHASE1__Ma8_Kn0.8_ISO_hphs1.5_Tw1,R0p05,Cq,0.10921930806046178,2.7563000133173707,0.43211155273993584,0.5546295387212011,0.12251798598126529,29,29,0.0,8.0,0.8,1.5,1.0,ISO,0.0199999999999999,0.03
PHASE1__Ma8_Kn0.8_ISO_hphs1.5_Tw1,R0p05,tau_abs,0.19575545885017828,3.665343707223372,3.676242648275546,3.9040080566892605,0.22776540841371462,29,29,0.0,8.0,0.8,1.5,1.0,ISO,0.0199999999999999,0.03
PHASE1__Ma4_Kn0.1_BWD_hphs1.5_Tw1,R0p10,Cp,0.15971201935447646,7.525668670820809,0.701968411026339,0.7970230567037149,0.09505464567737587,22,21,1.0,4.0,0.1,1.5,1.0,BWD,0.0199999999999999,0.03
PHASE1__Ma4_Kn0.1_BWD_hphs1.5_Tw1,R0p10,Cq,0.25853199617136574,9.024423239241653,0.07402977996733523,0.09029190314780655,0.016262123180471322,29,29,0.0,4.0,0.1,1.5,1.0,BWD,0.0199999999999999,0.03
PHASE1__Ma4_Kn0.1_BWD_hphs1.5_Tw1,R0p10,tau_abs,0.14715495689206948,2.3049393787032204,2.8424561232849315,2.299091388989478,0.5433647342954533,29,29,0.0,4.0,0.1,1.5,1.0,BWD,0.0199999999999999,0.03
PHASE1__Ma4_Kn0.1_FWD_hphs1.5_Tw1,R0p10,Cp,0.17935122178672405,7.145044519843355,1.076309885415225,1.1353894687744404,0.05907958335921526,29,27,2.0,4.0,0.1,1.5,1.0,FWD,0.0199999999999999,0.03
PHASE1__Ma4_Kn0.1_FWD_hphs1.5_Tw1,R0p10,Cq,0.24478713189511897,5.839763800318261,0.13179674328075505,0.14002292936805216,0.00822618608729711,29,29,0.0,4.0,0.1,1.5,1.0,FWD,0.0199999999999999,0.03
PHASE1__Ma4_Kn0.1_FWD_hphs1.5_Tw1,R0p10,tau_abs,0.5071089548842832,13.23471407838864,0.5220490347180042,0.8021055052703959,0.2800564705523917,22,27,5.0,4.0,0.1,1.5,1.0,FWD,0.0199999999999999,0.03
PHASE1__Ma4_Kn0.1_ISO_hphs1.5_Tw1,R0p10,Cp,0.09665414580947632,4.373072780020196,0.8634403015328955,0.9420883062799538,0.07864800474705824,29,29,0.0,4.0,0.1,1.5,1.0,ISO,0.0199999999999999,0.03
PHASE1__Ma4_Kn0.1_ISO_hphs1.5_Tw1,R0p10,Cq,0.13328140448060308,3.6918503630599298,0.10494855343224858,0.10871967119565962,0.0037711177634110332,29,29,0.0,4.0,0.1,1.5,1.0,ISO,0.0199999999999999,0.03
PHASE1__Ma4_Kn0.1_ISO_hphs1.5_Tw1,R0p10,tau_abs,0.2432284414573649,3.2151737101029445,2.273624827624162,1.7333269752876939,0.5402978523364681,29,29,0.0,4.0,0.1,1.5,1.0,ISO,0.0199999999999999,0.03
PHASE1__Ma4_Kn0.33_BWD_hphs1.5_Tw1,R0p10,Cp,0.31973705623100945,14.01642419543913,0.2502652620340223,0.34656840179381415,0.09630313975979188,20,29,9.0,4.0,0.33,1.5,1.0,BWD,0.0199999999999999,0.03
PHASE1__Ma4_Kn0.33_BWD_hphs1.5_Tw1,R0p10,Cq,0.3248522020005003,12.142435906855257,0.042792962160753234,0.06107058017938359,0.018277618018630357,29,29,0.0,4.0,0.33,1.5,1.0,BWD,0.0199999999999999,0.03
PHASE1__Ma4_Kn0.33_BWD_hphs1.5_Tw1,R0p10,tau_abs,0.23428482960621141,4.435361572712286,1.4231513920872931,1.8673035990762172,0.4441522069889241,29,29,0.0,4.0,0.33,1.5,1.0,BWD,0.0199999999999999,0.03
PHASE1__Ma4_Kn0.33_FWD_hphs1.5_Tw1,R0p10,Cp,0.2848280939595707,10.666652810688424,0.42600671825000297,0.5765746122722446,0.15056789402224163,29,28,1.0,4.0,0.33,1.5,1.0,FWD,0.0199999999999999,0.03
PHASE1__Ma4_Kn0.33_FWD_hphs1.5_Tw1,R0p10,Cq,0.36820117016944237,7.744824914467151,0.06827426526116272,0.10263341531770605,0.03435915005654333,29,29,0.0,4.0,0.33,1.5,1.0,FWD,0.0199999999999999,0.03
PHASE1__Ma4_Kn0.33_FWD_hphs1.5_Tw1,R0p10,tau_abs,0.5478588602069532,25.127737199958545,0.28509087337768285,0.5011329598052031,0.21604208642752026,21,29,8.0,4.0,0.33,1.5,1.0,FWD,0.0199999999999999,0.03
PHASE1__Ma4_Kn0.33_ISO_hphs1.5_Tw1,R0p10,Cp,0.18259669285852043,7.393211767404328,0.345417588150757,0.4161936084534076,0.07077602030265057,29,29,0.0,4.0,0.33,1.5,1.0,ISO,0.0199999999999999,0.03
PHASE1__Ma4_Kn0.33_ISO_hphs1.5_Tw1,R0p10,Cq,0.1679932534548891,4.915250392394926,0.05883884313695097,0.07483549484518176,0.015996651708230787,29,29,0.0,4.0,0.33,1.5,1.0,ISO,0.0199999999999999,0.03
PHASE1__Ma4_Kn0.33_ISO_hphs1.5_Tw1,R0p10,tau_abs,0.2915840574118868,4.499632912387178,1.0448997068221428,1.349651982778019,0.30475227595587606,29,29,0.0,4.0,0.33,1.5,1.0,ISO,0.0199999999999999,0.03
PHASE1__Ma4_Kn0.8_BWD_hphs1.5_Tw1,R0p10,Cp,0.7433186725195433,28.891457083832623,0.10920129741117635,0.24070338263705826,0.13150208522588192,23,28,5.0,4.0,0.8,1.5,1.0,BWD,0.0199999999999999,0.03
PHASE1__Ma4_Kn0.8_BWD_hphs1.5_Tw1,R0p10,Cq,0.6658633838950938,24.296300628460717,0.028336534978995263,0.06556952388811522,0.03723298890911996,29,29,0.0,4.0,0.8,1.5,1.0,BWD,0.0199999999999999,0.03
PHASE1__Ma4_Kn0.8_BWD_hphs1.5_Tw1,R0p10,tau_abs,0.6307819416056509,13.642654133496505,0.8718923596878229,1.9937616889944014,1.1218693293065787,29,29,0.0,4.0,0.8,1.5,1.0,BWD,0.0199999999999999,0.03
PHASE1__Ma4_Kn0.8_FWD_hphs1.5_Tw1,R0p10,Cp,0.6237642223538562,20.956297119066388,0.20061819998860883,0.33120509876610416,0.13058689877749532,29,29,0.0,4.0,0.8,1.5,1.0,FWD,0.0199999999999999,0.03
PHASE1__Ma4_Kn0.8_FWD_hphs1.5_Tw1,R0p10,Cq,0.4952587137250418,10.956702182773833,0.04202824789859222,0.07804580118251259,0.03601755328392037,29,29,0.0,4.0,0.8,1.5,1.0,FWD,0.0199999999999999,0.03
PHASE1__Ma4_Kn0.8_FWD_hphs1.5_Tw1,R0p10,tau_abs,0.31688811170379605,13.610750033628168,0.24910956109985022,0.43733357155834435,0.18822401045849413,22,29,7.0,4.0,0.8,1.5,1.0,FWD,0.0199999999999999,0.03
PHASE1__Ma4_Kn0.8_ISO_hphs1.5_Tw1,R0p10,Cp,0.3529875954889794,12.680793196861357,0.16848922123804277,0.25453536278253747,0.08604614154449469,29,29,0.0,4.0,0.8,1.5,1.0,ISO,0.0199999999999999,0.03
PHASE1__Ma4_Kn0.8_ISO_hphs1.5_Tw1,R0p10,Cq,0.33472643615453235,8.686991995836824,0.038271549090210445,0.06996576277790174,0.0316942136876913,29,29,0.0,4.0,0.8,1.5,1.0,ISO,0.0199999999999999,0.03
PHASE1__Ma4_Kn0.8_ISO_hphs1.5_Tw1,R0p10,tau_abs,0.9381676163867859,14.38671512076416,0.5748536957704977,1.4399422175206493,0.8650885217501516,29,29,0.0,4.0,0.8,1.5,1.0,ISO,0.0199999999999999,0.03
PHASE1__Ma6_Kn0.1_BWD_hphs1.5_Tw1,R0p10,Cp,0.06351086437869773,2.2235903864042066,1.5339085610781122,1.642354147200995,0.1084455861228828,23,26,3.0,6.0,0.1,1.5,1.0,BWD,0.0199999999999999,0.03
PHASE1__Ma6_Kn0.1_BWD_hphs1.5_Tw1,R0p10,Cq,0.12068354158370498,3.4557488849314195,0.2874192952717853,0.31764467193841245,0.03022537666662717,29,29,0.0,6.0,0.1,1.5,1.0,BWD,0.0199999999999999,0.03
PHASE1__Ma6_Kn0.1_BWD_hphs1.5_Tw1,R0p10,tau_abs,0.20319194807259722,2.344887557726696,6.780560061882794,4.617040396196034,2.163519665686761,29,28,1.0,6.0,0.1,1.5,1.0,BWD,0.0199999999999999,0.03
PHASE1__Ma6_Kn0.1_FWD_hphs1.5_Tw1,R0p10,Cp,0.039658286389121146,1.0615707623924473,2.45257496245697,2.233224494339184,0.2193504681177858,29,28,1.0,6.0,0.1,1.5,1.0,FWD,0.0199999999999999,0.03
PHASE1__Ma6_Kn0.1_FWD_hphs1.5_Tw1,R0p10,Cq,0.14542199519465238,2.98124276589415,0.5530867893007966,0.5205643653900884,0.03252242391070814,29,29,0.0,6.0,0.1,1.5,1.0,FWD,0.0199999999999999,0.03
PHASE1__Ma6_Kn0.1_FWD_hphs1.5_Tw1,R0p10,tau_abs,0.2508989021028326,5.9108756553563016,1.73797673405745,1.6972868288876595,0.04068990516979043,23,27,4.0,6.0,0.1,1.5,1.0,FWD,0.0199999999999999,0.03
PHASE1__Ma6_Kn0.1_ISO_hphs1.5_Tw1,R0p10,Cp,0.02494072499978992,0.9534724316949899,1.941088311058775,1.937495941645073,0.0035923694137021123,29,28,1.0,6.0,0.1,1.5,1.0,ISO,0.0199999999999999,0.03
PHASE1__Ma6_Kn0.1_ISO_hphs1.5_Tw1,R0p10,Cq,0.05401587718554895,1.3573840279803941,0.4219718895734579,0.42434825271143073,0.002376363137972848,29,29,0.0,6.0,0.1,1.5,1.0,ISO,0.0199999999999999,0.03
PHASE1__Ma6_Kn0.1_ISO_hphs1.5_Tw1,R0p10,tau_abs,0.25059269124413747,2.691143822134079,5.6442007685853985,4.120776076475944,1.5234246921094545,29,29,0.0,6.0,0.1,1.5,1.0,ISO,0.0199999999999999,0.03
PHASE1__Ma6_Kn0.33_BWD_hphs1.5_Tw1,R0p10,Cp,0.16847249272107065,6.789759933119873,0.6104722158762647,0.7458133307591465,0.1353411148828818,24,29,5.0,6.0,0.33,1.5,1.0,BWD,0.0199999999999999,0.03
PHASE1__Ma6_Kn0.33_BWD_hphs1.5_Tw1,R0p10,Cq,0.2232957655316229,7.905228846229783,0.1741071995388561,0.23164293483838852,0.05753573529953243,29,29,0.0,6.0,0.33,1.5,1.0,BWD,0.0199999999999999,0.03
PHASE1__Ma6_Kn0.33_BWD_hphs1.5_Tw1,R0p10,tau_abs,0.07576021146315054,1.1287836887463154,3.8102873168305824,4.2379051357690205,0.4276178189384381,29,29,0.0,6.0,0.33,1.5,1.0,BWD,0.0199999999999999,0.03
PHASE1__Ma6_Kn0.33_FWD_hphs1.5_Tw1,R0p10,Cp,0.10002092190594565,3.692520803574749,1.0704930318440726,1.2061042474563175,0.13561121561224487,29,29,0.0,6.0,0.33,1.5,1.0,FWD,0.0199999999999999,0.03
PHASE1__Ma6_Kn0.33_FWD_hphs1.5_Tw1,R0p10,Cq,0.18421187186782031,3.155667588278223,0.3019719036699473,0.3592295277041392,0.05725762403419188,29,29,0.0,6.0,0.33,1.5,1.0,FWD,0.0199999999999999,0.03
PHASE1__Ma6_Kn0.33_FWD_hphs1.5_Tw1,R0p10,tau_abs,0.27168400871091175,8.273934678460899,0.9095880593378521,1.0934107808975784,0.18382272155972623,21,25,4.0,6.0,0.33,1.5,1.0,FWD,0.0199999999999999,0.03
PHASE1__Ma6_Kn0.33_ISO_hphs1.5_Tw1,R0p10,Cp,0.05703576988495441,1.8493289189193438,0.8552880339081496,0.9972222978937519,0.14193426398560238,29,29,0.0,6.0,0.33,1.5,1.0,ISO,0.0199999999999999,0.03
PHASE1__Ma6_Kn0.33_ISO_hphs1.5_Tw1,R0p10,Cq,0.10634841821948719,2.100487670109283,0.24852413609916824,0.30713328055278655,0.05860914445361831,29,29,0.0,6.0,0.33,1.5,1.0,ISO,0.0199999999999999,0.03
PHASE1__Ma6_Kn0.33_ISO_hphs1.5_Tw1,R0p10,tau_abs,0.20145899428076838,3.0239971314308414,3.018045543633164,3.6983213694857193,0.6802758258525552,29,29,0.0,6.0,0.33,1.5,1.0,ISO,0.0199999999999999,0.03
PHASE1__Ma6_Kn0.8_BWD_hphs1.5_Tw1,R0p10,Cp,0.34683248699030383,13.920631454141974,0.28692135110386213,0.4469175581606569,0.1599962070567948,24,29,5.0,6.0,0.8,1.5,1.0,BWD,0.0199999999999999,0.03
PHASE1__Ma6_Kn0.8_BWD_hphs1.5_Tw1,R0p10,Cq,0.3796004834010792,13.99649724550153,0.11163164414093354,0.19854547672813483,0.08691383258720128,29,29,0.0,6.0,0.8,1.5,1.0,BWD,0.0199999999999999,0.03
PHASE1__Ma6_Kn0.8_BWD_hphs1.5_Tw1,R0p10,tau_abs,0.3326644188607612,4.606517427330989,2.3508189204615486,4.32501591391319,1.9741969934516415,29,29,0.0,6.0,0.8,1.5,1.0,BWD,0.0199999999999999,0.03
PHASE1__Ma6_Kn0.8_FWD_hphs1.5_Tw1,R0p10,Cp,0.2187340399917442,6.6638427101518145,0.5258980145285392,0.7749325975692778,0.24903458304073856,29,29,0.0,6.0,0.8,1.5,1.0,FWD,0.0199999999999999,0.03
PHASE1__Ma6_Kn0.8_FWD_hphs1.5_Tw1,R0p10,Cq,0.3543460295123334,5.435244554260704,0.177797345808941,0.2981888301843426,0.12039148437540162,29,29,0.0,6.0,0.8,1.5,1.0,FWD,0.0199999999999999,0.03
PHASE1__Ma6_Kn0.8_FWD_hphs1.5_Tw1,R0p10,tau_abs,0.2829058133106504,9.002800232336025,0.6717689679048892,1.0779169553868462,0.406147987481957,21,29,8.0,6.0,0.8,1.5,1.0,FWD,0.0199999999999999,0.03
PHASE1__Ma6_Kn0.8_ISO_hphs1.5_Tw1,R0p10,Cp,0.16294294413054392,5.316374721043945,0.4375722833376935,0.6093066652121615,0.171734381874468,29,29,0.0,6.0,0.8,1.5,1.0,ISO,0.0199999999999999,0.03
PHASE1__Ma6_Kn0.8_ISO_hphs1.5_Tw1,R0p10,Cq,0.2006743063673058,3.543468166570786,0.15647429649557942,0.24376986775459203,0.0872955712590126,29,29,0.0,6.0,0.8,1.5,1.0,ISO,0.0199999999999999,0.03
PHASE1__Ma6_Kn0.8_ISO_hphs1.5_Tw1,R0p10,tau_abs,0.4579129884582247,7.416340975990911,1.6973528503234088,2.809364555583847,1.1120117052604381,29,29,0.0,6.0,0.8,1.5,1.0,ISO,0.0199999999999999,0.03
PHASE1__Ma8_Kn0.1_BWD_hphs1.5_Tw1,R0p10,Cp,0.2070597055866934,8.91097425752495,2.8331607269414056,2.2703569642745927,0.562803762666813,24,26,2.0,8.0,0.1,1.5,1.0,BWD,0.0199999999999999,0.03
PHASE1__Ma8_Kn0.1_BWD_hphs1.5_Tw1,R0p10,Cq,0.1784670311178026,5.348623840416523,0.7817971468709604,0.6438620359482011,0.13793511092275923,29,29,0.0,8.0,0.1,1.5,1.0,BWD,0.0199999999999999,0.03
PHASE1__Ma8_Kn0.1_BWD_hphs1.5_Tw1,R0p10,tau_abs,0.39363848653846567,5.170192335742299,13.353188303689873,6.663844217011987,6.6893440866778855,29,29,0.0,8.0,0.1,1.5,1.0,BWD,0.0199999999999999,0.03
PHASE1__Ma8_Kn0.1_FWD_hphs1.5_Tw1,R0p10,Cp,0.2462088821049369,8.565372402595647,4.676719235597958,3.032329135487398,1.6443901001105603,29,25,4.0,8.0,0.1,1.5,1.0,FWD,0.0199999999999999,0.03
PHASE1__Ma8_Kn0.1_FWD_hphs1.5_Tw1,R0p10,Cq,0.33203045554296495,3.612709443099963,1.569868790261158,0.8007234617293648,0.7691453285317933,29,28,1.0,8.0,0.1,1.5,1.0,FWD,0.0199999999999999,0.03
PHASE1__Ma8_Kn0.1_FWD_hphs1.5_Tw1,R0p10,tau_abs,0.4915107844401471,15.176908738525766,3.8464048091692065,2.411520960637476,1.4348838485317303,24,27,3.0,8.0,0.1,1.5,1.0,FWD,0.0199999999999999,0.03
PHASE1__Ma8_Kn0.1_ISO_hphs1.5_Tw1,R0p10,Cp,0.16400713090974312,6.517124711639222,3.681442580636097,2.949439533367914,0.7320030472681829,28,26,2.0,8.0,0.1,1.5,1.0,ISO,0.0199999999999999,0.03
PHASE1__Ma8_Kn0.1_ISO_hphs1.5_Tw1,R0p10,Cq,0.20573478869128503,4.048698589505951,1.1727709118761507,0.8698272581331399,0.3029436537430108,29,29,0.0,8.0,0.1,1.5,1.0,ISO,0.0199999999999999,0.03
PHASE1__Ma8_Kn0.1_ISO_hphs1.5_Tw1,R0p10,tau_abs,0.4867124394367978,5.050638046692849,11.52976870413713,5.054033321046092,6.475735383091037,29,29,0.0,8.0,0.1,1.5,1.0,ISO,0.0199999999999999,0.03
PHASE1__Ma8_Kn0.33_BWD_hphs1.5_Tw1,R0p10,Cp,0.10918101561743036,4.018555793831182,1.1913212841394143,1.3877676682905078,0.1964463841510935,25,26,1.0,8.0,0.33,1.5,1.0,BWD,0.0199999999999999,0.03
PHASE1__Ma8_Kn0.33_BWD_hphs1.5_Tw1,R0p10,Cq,0.05405520068655087,1.5864495569132837,0.4850144214034094,0.4759567973902883,0.009057624013121102,29,26,3.0,8.0,0.33,1.5,1.0,BWD,0.0199999999999999,0.03
PHASE1__Ma8_Kn0.33_BWD_hphs1.5_Tw1,R0p10,tau_abs,0.1438736756923917,3.317083059672929,7.927034712627416,6.85884172704497,1.0681929855824457,29,29,0.0,8.0,0.33,1.5,1.0,BWD,0.0199999999999999,0.03
PHASE1__Ma8_Kn0.33_FWD_hphs1.5_Tw1,R0p10,Cp,0.05914888623428236,1.7773980486817706,2.1247311482438764,1.9833955266350456,0.14133562160883084,29,28,1.0,8.0,0.33,1.5,1.0,FWD,0.0199999999999999,0.03
PHASE1__Ma8_Kn0.33_FWD_hphs1.5_Tw1,R0p10,Cq,0.11935336976226409,1.87611888742615,0.8706127890846229,0.7381732725976027,0.13243951648702024,29,29,0.0,8.0,0.33,1.5,1.0,FWD,0.0199999999999999,0.03
PHASE1__Ma8_Kn0.33_FWD_hphs1.5_Tw1,R0p10,tau_abs,0.3282551505826951,8.489887072273742,2.0211166402323246,2.3382011892293684,0.31708454899704375,21,29,8.0,8.0,0.33,1.5,1.0,FWD,0.0199999999999999,0.03
PHASE1__Ma8_Kn0.33_ISO_hphs1.5_Tw1,R0p10,Cp,0.044029632206430476,1.4568832054599021,1.7127566755112738,1.7697668580519443,0.057010182540670584,28,29,1.0,8.0,0.33,1.5,1.0,ISO,0.0199999999999999,0.03
PHASE1__Ma8_Kn0.33_ISO_hphs1.5_Tw1,R0p10,Cq,0.09242777775238428,2.236357159705393,0.7197337052678761,0.7512694165960303,0.03153571132815425,29,29,0.0,8.0,0.33,1.5,1.0,ISO,0.0199999999999999,0.03
PHASE1__Ma8_Kn0.33_ISO_hphs1.5_Tw1,R0p10,tau_abs,0.1692549780778506,2.818068907211115,6.600432423409849,5.733533679988192,0.8668987434216566,29,29,0.0,8.0,0.33,1.5,1.0,ISO,0.0199999999999999,0.03
PHASE1__Ma8_Kn0.8_BWD_hphs1.5_Tw1,R0p10,Cp,0.23825400420167364,9.612007659145869,0.5658899669083529,0.728165448464328,0.16227548155597504,25,26,1.0,8.0,0.8,1.5,1.0,BWD,0.0199999999999999,0.03
PHASE1__Ma8_Kn0.8_BWD_hphs1.5_Tw1,R0p10,Cq,0.16430025687250602,6.05709307187706,0.3021254864506323,0.35201816539587766,0.04989267894524535,29,27,2.0,8.0,0.8,1.5,1.0,BWD,0.0199999999999999,0.03
PHASE1__Ma8_Kn0.8_BWD_hphs1.5_Tw1,R0p10,tau_abs,0.11624486344117557,3.013089394573617,4.837840749115249,5.6630107224342145,0.8251699733189657,29,28,1.0,8.0,0.8,1.5,1.0,BWD,0.0199999999999999,0.03
PHASE1__Ma8_Kn0.8_FWD_hphs1.5_Tw1,R0p10,Cp,0.0706059218844121,1.7267607552420292,1.0355485472914951,1.2526565888721588,0.21710804158066366,29,29,0.0,8.0,0.8,1.5,1.0,FWD,0.0199999999999999,0.03
PHASE1__Ma8_Kn0.8_FWD_hphs1.5_Tw1,R0p10,Cq,0.1502661106057739,2.226360276860948,0.49284394357708305,0.6456144966414308,0.15277055306434772,29,29,0.0,8.0,0.8,1.5,1.0,FWD,0.0199999999999999,0.03
PHASE1__Ma8_Kn0.8_FWD_hphs1.5_Tw1,R0p10,tau_abs,0.21855143779872452,9.550834873257703,1.4460564477308624,1.367325155255917,0.07873129247494548,21,23,2.0,8.0,0.8,1.5,1.0,FWD,0.0199999999999999,0.03
PHASE1__Ma8_Kn0.8_ISO_hphs1.5_Tw1,R0p10,Cp,0.048853941032838855,0.903693418291061,0.8653978369199925,1.030612398209644,0.1652145612896515,29,29,0.0,8.0,0.8,1.5,1.0,ISO,0.0199999999999999,0.03
PHASE1__Ma8_Kn0.8_ISO_hphs1.5_Tw1,R0p10,Cq,0.09613799521552638,2.2088413586782925,0.43211155273993584,0.5545659240279714,0.1224543712880356,29,29,0.0,8.0,0.8,1.5,1.0,ISO,0.0199999999999999,0.03
PHASE1__Ma8_Kn0.8_ISO_hphs1.5_Tw1,R0p10,tau_abs,0.21941495676176934,3.6020236678745623,3.676242648275546,4.6945255095439595,1.0182828612684136,29,29,0.0,8.0,0.8,1.5,1.0,ISO,0.0199999999999999,0.03
PHASE1__Ma4_Kn0.1_BWD_hphs1.5_Tw1,R0p20,Cp,0.11904182915132393,5.517304846545813,0.701968411026339,0.7756807073123166,0.07371229628597764,22,22,0.0,4.0,0.1,1.5,1.0,BWD,0.0199999999999999,0.03
PHASE1__Ma4_Kn0.1_BWD_hphs1.5_Tw1,R0p20,Cq,0.20097967484255674,7.1139618625022525,0.07402977996733523,0.07829555377781068,0.004265773810475451,29,28,1.0,4.0,0.1,1.5,1.0,BWD,0.0199999999999999,0.03
PHASE1__Ma4_Kn0.1_BWD_hphs1.5_Tw1,R0p20,tau_abs,0.258245201311016,3.3727097080129735,2.8424561232849315,1.8128015214132571,1.0296546018716743,29,29,0.0,4.0,0.1,1.5,1.0,BWD,0.0199999999999999,0.03
PHASE1__Ma4_Kn0.1_FWD_hphs1.5_Tw1,R0p20,Cp,0.17175129146495552,6.815045600940498,1.076309885415225,1.1266528147909949,0.050342929375769785,29,28,1.0,4.0,0.1,1.5,1.0,FWD,0.0199999999999999,0.03
PHASE1__Ma4_Kn0.1_FWD_hphs1.5_Tw1,R0p20,Cq,0.23234754600390306,5.578369227593393,0.13179674328075505,0.12072219618749164,0.011074547093263415,29,29,0.0,4.0,0.1,1.5,1.0,FWD,0.0199999999999999,0.03
PHASE1__Ma4_Kn0.1_FWD_hphs1.5_Tw1,R0p20,tau_abs,0.5053782602976522,14.213664526456661,0.5220490347180042,0.7687269685087319,0.24667793379072767,22,26,4.0,4.0,0.1,1.5,1.0,FWD,0.0199999999999999,0.03
PHASE1__Ma4_Kn0.1_ISO_hphs1.5_Tw1,R0p20,Cp,0.059087569225786576,2.498127031459452,0.8634403015328955,0.8959436683194797,0.032503366786584165,29,29,0.0,4.0,0.1,1.5,1.0,ISO,0.0199999999999999,0.03
PHASE1__Ma4_Kn0.1_ISO_hphs1.5_Tw1,R0p20,Cq,0.09634441066410569,2.858693475521116,0.10494855343224858,0.09762049294854573,0.007328060483702853,29,29,0.0,4.0,0.1,1.5,1.0,ISO,0.0199999999999999,0.03
PHASE1__Ma4_Kn0.1_ISO_hphs1.5_Tw1,R0p20,tau_abs,0.31180107693572234,3.5531566327879385,2.273624827624162,1.4430780154447254,0.8305468121794366,29,29,0.0,4.0,0.1,1.5,1.0,ISO,0.0199999999999999,0.03
PHASE1__Ma4_Kn0.33_BWD_hphs1.5_Tw1,R0p20,Cp,0.2513081414940399,10.881811545063956,0.2502652620340223,0.3281332912481797,0.07786802921415742,20,25,5.0,4.0,0.33,1.5,1.0,BWD,0.0199999999999999,0.03
PHASE1__Ma4_Kn0.33_BWD_hphs1.5_Tw1,R0p20,Cq,0.2436799966712634,9.091208245404482,0.042792962160753234,0.05514307638485701,0.012350114224103773,29,29,0.0,4.0,0.33,1.5,1.0,BWD,0.0199999999999999,0.03
PHASE1__Ma4_Kn0.33_BWD_hphs1.5_Tw1,R0p20,tau_abs,0.17704309057828688,2.9315949513517565,1.4231513920872931,1.7231071600500563,0.29995576796276313,29,29,0.0,4.0,0.33,1.5,1.0,BWD,0.0199999999999999,0.03
PHASE1__Ma4_Kn0.33_FWD_hphs1.5_Tw1,R0p20,Cp,0.2465749622573641,9.295162950608963,0.42600671825000297,0.4998523008592012,0.07384558260919821,29,28,1.0,4.0,0.33,1.5,1.0,FWD,0.0199999999999999,0.03
PHASE1__Ma4_Kn0.33_FWD_hphs1.5_Tw1,R0p20,Cq,0.2283545083767497,5.816154863856324,0.06827426526116272,0.0792418046190489,0.010967539357886177,29,29,0.0,4.0,0.33,1.5,1.0,FWD,0.0199999999999999,0.03
PHASE1__Ma4_Kn0.33_FWD_hphs1.5_Tw1,R0p20,tau_abs,0.5576350302126283,27.9389569662394,0.28509087337768285,0.4417274742710405,0.15663660089335762,21,24,3.0,4.0,0.33,1.5,1.0,FWD,0.0199999999999999,0.03
PHASE1__Ma4_Kn0.33_ISO_hphs1.5_Tw1,R0p20,Cp,0.18703277416461378,7.70441262127744,0.345417588150757,0.40900601356240346,0.06358842541164644,29,29,0.0,4.0,0.33,1.5,1.0,ISO,0.0199999999999999,0.03
PHASE1__Ma4_Kn0.33_ISO_hphs1.5_Tw1,R0p20,Cq,0.09586625142709508,3.2686635038099707,0.05883884313695097,0.06104435555583829,0.0022055124188873135,29,29,0.0,4.0,0.33,1.5,1.0,ISO,0.0199999999999999,0.03
PHASE1__Ma4_Kn0.33_ISO_hphs1.5_Tw1,R0p20,tau_abs,0.23823448621613286,3.8334613720938133,1.0448997068221428,1.2428416173302692,0.19794191050812637,29,29,0.0,4.0,0.33,1.5,1.0,ISO,0.0199999999999999,0.03
PHASE1__Ma4_Kn0.8_BWD_hphs1.5_Tw1,R0p20,Cp,0.7138324486509738,27.99709311152583,0.10920129741117635,0.2052890261583199,0.09608772874714355,23,29,6.0,4.0,0.8,1.5,1.0,BWD,0.0199999999999999,0.03
PHASE1__Ma4_Kn0.8_BWD_hphs1.5_Tw1,R0p20,Cq,0.5985064457279216,23.516473461374854,0.028336534978995263,0.05523613922659701,0.026899604247601745,29,29,0.0,4.0,0.8,1.5,1.0,BWD,0.0199999999999999,0.03
PHASE1__Ma4_Kn0.8_BWD_hphs1.5_Tw1,R0p20,tau_abs,0.500722519779943,11.733899504839362,0.8718923596878229,1.6116822038345615,0.7397898441467387,29,29,0.0,4.0,0.8,1.5,1.0,BWD,0.0199999999999999,0.03
PHASE1__Ma4_Kn0.8_FWD_hphs1.5_Tw1,R0p20,Cp,0.6181272544621381,20.640784167994724,0.20061819998860883,0.3260088329778911,0.1253906329892823,29,29,0.0,4.0,0.8,1.5,1.0,FWD,0.0199999999999999,0.03
PHASE1__Ma4_Kn0.8_FWD_hphs1.5_Tw1,R0p20,Cq,0.44331185753225205,10.350725943845427,0.04202824789859222,0.06737921918897471,0.025350971290382496,29,29,0.0,4.0,0.8,1.5,1.0,FWD,0.0199999999999999,0.03
PHASE1__Ma4_Kn0.8_FWD_hphs1.5_Tw1,R0p20,tau_abs,0.2846247069067322,14.12219843933824,0.24910956109985022,0.3616659488750022,0.11255638777515198,22,25,3.0,4.0,0.8,1.5,1.0,FWD,0.0199999999999999,0.03
PHASE1__Ma4_Kn0.8_ISO_hphs1.5_Tw1,R0p20,Cp,0.3331276102422191,11.956356979600788,0.16848922123804277,0.2364940605122083,0.06800483927416553,29,29,0.0,4.0,0.8,1.5,1.0,ISO,0.0199999999999999,0.03
PHASE1__Ma4_Kn0.8_ISO_hphs1.5_Tw1,R0p20,Cq,0.18421854736435245,5.6951406483457125,0.038271549090210445,0.0498014648012235,0.011529915711013056,29,29,0.0,4.0,0.8,1.5,1.0,ISO,0.0199999999999999,0.03
PHASE1__Ma4_Kn0.8_ISO_hphs1.5_Tw1,R0p20,tau_abs,0.7727306390690801,13.393063813123955,0.5748536957704977,1.076315129611152,0.5014614338406542,29,29,0.0,4.0,0.8,1.5,1.0,ISO,0.0199999999999999,0.03
PHASE1__Ma6_Kn0.1_BWD_hphs1.5_Tw1,R0p20,Cp,0.05789944539513637,1.392951580255213,1.5339085610781122,1.5878291757188003,0.05392061464068809,23,23,0.0,6.0,0.1,1.5,1.0,BWD,0.0199999999999999,0.03
PHASE1__Ma6_Kn0.1_BWD_hphs1.5_Tw1,R0p20,Cq,0.08435901951468643,2.3781837670290558,0.2874192952717853,0.28521889415244156,0.00220040111934372,29,29,0.0,6.0,0.1,1.5,1.0,BWD,0.0199999999999999,0.03
PHASE1__Ma6_Kn0.1_BWD_hphs1.5_Tw1,R0p20,tau_abs,0.24108291203371757,2.942314125740396,6.780560061882794,4.357518821016966,2.423041240865828,29,29,0.0,6.0,0.1,1.5,1.0,BWD,0.0199999999999999,0.03
PHASE1__Ma6_Kn0.1_FWD_hphs1.5_Tw1,R0p20,Cp,0.053171802728893124,1.2564244145217232,2.45257496245697,2.1549289351992353,0.2976460272577346,29,28,1.0,6.0,0.1,1.5,1.0,FWD,0.0199999999999999,0.03
PHASE1__Ma6_Kn0.1_FWD_hphs1.5_Tw1,R0p20,Cq,0.13424114037671656,2.0735173111669236,0.5530867893007966,0.44514669316840727,0.10794009613238931,29,29,0.0,6.0,0.1,1.5,1.0,FWD,0.0199999999999999,0.03
PHASE1__Ma6_Kn0.1_FWD_hphs1.5_Tw1,R0p20,tau_abs,0.31940596456457154,7.379926478178843,1.73797673405745,1.784920376787676,0.04694364273022611,23,27,4.0,6.0,0.1,1.5,1.0,FWD,0.0199999999999999,0.03
PHASE1__Ma6_Kn0.1_ISO_hphs1.5_Tw1,R0p20,Cp,0.02056410275135326,0.8207977555315732,1.941088311058775,1.9859519395437835,0.044863628485008356,29,29,0.0,6.0,0.1,1.5,1.0,ISO,0.0199999999999999,0.03
PHASE1__Ma6_Kn0.1_ISO_hphs1.5_Tw1,R0p20,Cq,0.04121930240886464,0.8863892934879525,0.4219718895734579,0.39387513512572997,0.028096754447727912,29,29,0.0,6.0,0.1,1.5,1.0,ISO,0.0199999999999999,0.03
PHASE1__Ma6_Kn0.1_ISO_hphs1.5_Tw1,R0p20,tau_abs,0.29559938403823643,3.0708028057274617,5.6442007685853985,3.800556736006055,1.8436440325793435,29,29,0.0,6.0,0.1,1.5,1.0,ISO,0.0199999999999999,0.03
PHASE1__Ma6_Kn0.33_BWD_hphs1.5_Tw1,R0p20,Cp,0.1639068376910259,7.094675498013507,0.6104722158762647,0.7138132885033395,0.10334107262707481,24,29,5.0,6.0,0.33,1.5,1.0,BWD,0.0199999999999999,0.03
PHASE1__Ma6_Kn0.33_BWD_hphs1.5_Tw1,R0p20,Cq,0.16592030138467576,6.218944070524078,0.1741071995388561,0.20719019128040336,0.033082991741547274,29,29,0.0,6.0,0.33,1.5,1.0,BWD,0.0199999999999999,0.03
PHASE1__Ma6_Kn0.33_BWD_hphs1.5_Tw1,R0p20,tau_abs,0.07460963647915594,1.3141153239936876,3.8102873168305824,3.9056547670473316,0.0953674502167492,29,29,0.0,6.0,0.33,1.5,1.0,BWD,0.0199999999999999,0.03
PHASE1__Ma6_Kn0.33_FWD_hphs1.5_Tw1,R0p20,Cp,0.10596856567815846,3.9399811338869344,1.0704930318440726,1.1374178752864759,0.06692484344240324,29,28,1.0,6.0,0.33,1.5,1.0,FWD,0.0199999999999999,0.03
PHASE1__Ma6_Kn0.33_FWD_hphs1.5_Tw1,R0p20,Cq,0.1213638912567877,2.3984477254419483,0.3019719036699473,0.33822318366535953,0.03625127999541222,29,29,0.0,6.0,0.33,1.5,1.0,FWD,0.0199999999999999,0.03
PHASE1__Ma6_Kn0.33_FWD_hphs1.5_Tw1,R0p20,tau_abs,0.3158828151335179,10.286085176060544,0.9095880593378521,1.149116834722381,0.23952877538452888,21,25,4.0,6.0,0.33,1.5,1.0,FWD,0.0199999999999999,0.03
PHASE1__Ma6_Kn0.33_ISO_hphs1.5_Tw1,R0p20,Cp,0.06310109580930906,2.517586779254188,0.8552880339081496,0.9279682408721283,0.0726802069639787,29,29,0.0,6.0,0.33,1.5,1.0,ISO,0.0199999999999999,0.03
PHASE1__Ma6_Kn0.33_ISO_hphs1.5_Tw1,R0p20,Cq,0.048967728435000815,1.2604323235271557,0.24852413609916824,0.27245927460453834,0.0239351385053701,29,29,0.0,6.0,0.33,1.5,1.0,ISO,0.0199999999999999,0.03
PHASE1__Ma6_Kn0.33_ISO_hphs1.5_Tw1,R0p20,tau_abs,0.17082248263069016,2.7918077969174577,3.018045543633164,3.334849659324802,0.3168041156916379,29,29,0.0,6.0,0.33,1.5,1.0,ISO,0.0199999999999999,0.03
PHASE1__Ma6_Kn0.8_BWD_hphs1.5_Tw1,R0p20,Cp,0.38381345813614565,15.583948627068834,0.28692135110386213,0.44188797030201554,0.1549666191981534,24,29,5.0,6.0,0.8,1.5,1.0,BWD,0.0199999999999999,0.03
PHASE1__Ma6_Kn0.8_BWD_hphs1.5_Tw1,R0p20,Cq,0.3582673748610746,13.454688755161683,0.11163164414093354,0.18190498895337437,0.07027334481244082,29,29,0.0,6.0,0.8,1.5,1.0,BWD,0.0199999999999999,0.03
PHASE1__Ma6_Kn0.8_BWD_hphs1.5_Tw1,R0p20,tau_abs,0.2747823448786926,4.734321773145989,2.3508189204615486,3.660846391927491,1.3100274714659426,29,29,0.0,6.0,0.8,1.5,1.0,BWD,0.0199999999999999,0.03
PHASE1__Ma6_Kn0.8_FWD_hphs1.5_Tw1,R0p20,Cp,0.2120086467297031,6.747527845221904,0.5258980145285392,0.7236638198832827,0.19776580535474342,29,29,0.0,6.0,0.8,1.5,1.0,FWD,0.0199999999999999,0.03
PHASE1__Ma6_Kn0.8_FWD_hphs1.5_Tw1,R0p20,Cq,0.4064966009260106,6.052746076090236,0.177797345808941,0.29764420596042807,0.11984686015148707,29,29,0.0,6.0,0.8,1.5,1.0,FWD,0.0199999999999999,0.03
PHASE1__Ma6_Kn0.8_FWD_hphs1.5_Tw1,R0p20,tau_abs,0.2131923033827126,8.32292624561183,0.6717689679048892,0.893683135167851,0.22191416726296187,21,29,8.0,6.0,0.8,1.5,1.0,FWD,0.0199999999999999,0.03
PHASE1__Ma6_Kn0.8_ISO_hphs1.5_Tw1,R0p20,Cp,0.12276464893166249,4.429610567326122,0.4375722833376935,0.5333616043632826,0.09578932102558912,29,29,0.0,6.0,0.8,1.5,1.0,ISO,0.0199999999999999,0.03
PHASE1__Ma6_Kn0.8_ISO_hphs1.5_Tw1,R0p20,Cq,0.14846407885760757,3.6735598593369176,0.15647429649557942,0.20116262693168702,0.04468833043610759,29,29,0.0,6.0,0.8,1.5,1.0,ISO,0.0199999999999999,0.03
PHASE1__Ma6_Kn0.8_ISO_hphs1.5_Tw1,R0p20,tau_abs,0.3972165899552607,6.777382397508018,1.6973528503234088,2.3917282504442277,0.6943754001208189,29,29,0.0,6.0,0.8,1.5,1.0,ISO,0.0199999999999999,0.03
PHASE1__Ma8_Kn0.1_BWD_hphs1.5_Tw1,R0p20,Cp,0.19240768563600172,8.44185119510428,2.8331607269414056,2.344788440137938,0.48837228680346767,24,23,1.0,8.0,0.1,1.5,1.0,BWD,0.0199999999999999,0.03
PHASE1__Ma8_Kn0.1_BWD_hphs1.5_Tw1,R0p20,Cq,0.16553304707600366,4.989672856501372,0.7817971468709604,0.6642172660275502,0.1175798808434102,29,29,0.0,8.0,0.1,1.5,1.0,BWD,0.0199999999999999,0.03
PHASE1__Ma8_Kn0.1_BWD_hphs1.5_Tw1,R0p20,tau_abs,0.3741318269653743,4.930392264949292,13.353188303689873,6.777167444857124,6.576020858832749,29,29,0.0,8.0,0.1,1.5,1.0,BWD,0.0199999999999999,0.03
PHASE1__Ma8_Kn0.1_FWD_hphs1.5_Tw1,R0p20,Cp,0.25080735452852104,8.973120291249161,4.676719235597958,3.011751975415891,1.6649672601820673,29,27,2.0,8.0,0.1,1.5,1.0,FWD,0.0199999999999999,0.03
PHASE1__Ma8_Kn0.1_FWD_hphs1.5_Tw1,R0p20,Cq,0.30039365926658235,3.120546490347123,1.569868790261158,0.8412159467118615,0.7286528435492966,29,28,1.0,8.0,0.1,1.5,1.0,FWD,0.0199999999999999,0.03
PHASE1__Ma8_Kn0.1_FWD_hphs1.5_Tw1,R0p20,tau_abs,0.47630257645111557,14.79675668597782,3.8464048091692065,2.676967905303287,1.1694369038659196,24,29,5.0,8.0,0.1,1.5,1.0,FWD,0.0199999999999999,0.03
PHASE1__Ma8_Kn0.1_ISO_hphs1.5_Tw1,R0p20,Cp,0.16433958346836386,6.191792737828454,3.681442580636097,2.957598678325394,0.7238439023107031,28,28,0.0,8.0,0.1,1.5,1.0,ISO,0.0199999999999999,0.03
PHASE1__Ma8_Kn0.1_ISO_hphs1.5_Tw1,R0p20,Cq,0.18352619769286685,3.721244623050257,1.1727709118761507,0.8999189223794575,0.2728519894966932,29,29,0.0,8.0,0.1,1.5,1.0,ISO,0.0199999999999999,0.03
PHASE1__Ma8_Kn0.1_ISO_hphs1.5_Tw1,R0p20,tau_abs,0.4502119040569003,4.816644965066001,11.52976870413713,5.513452913468876,6.016315790668254,29,29,0.0,8.0,0.1,1.5,1.0,ISO,0.0199999999999999,0.03
PHASE1__Ma8_Kn0.33_BWD_hphs1.5_Tw1,R0p20,Cp,0.13295261687972004,5.069476252864749,1.1913212841394143,1.3945395262282791,0.20321824208886485,25,23,2.0,8.0,0.33,1.5,1.0,BWD,0.0199999999999999,0.03
PHASE1__Ma8_Kn0.33_BWD_hphs1.5_Tw1,R0p20,Cq,0.04963952383770332,1.3135239991712524,0.4850144214034094,0.5092466009188888,0.024232179515479457,29,29,0.0,8.0,0.33,1.5,1.0,BWD,0.0199999999999999,0.03
PHASE1__Ma8_Kn0.33_BWD_hphs1.5_Tw1,R0p20,tau_abs,0.1475696519495951,3.582778627441737,7.927034712627416,6.884145575929274,1.0428891366981414,29,29,0.0,8.0,0.33,1.5,1.0,BWD,0.0199999999999999,0.03
PHASE1__Ma8_Kn0.33_FWD_hphs1.5_Tw1,R0p20,Cp,0.037068042131474355,1.3195385141804425,2.1247311482438764,2.1001538247742966,0.02457732346957986,29,28,1.0,8.0,0.33,1.5,1.0,FWD,0.0199999999999999,0.03
PHASE1__Ma8_Kn0.33_FWD_hphs1.5_Tw1,R0p20,Cq,0.06713227509783028,0.9980291516928339,0.8706127890846229,0.7585889351907843,0.11202385389383862,29,29,0.0,8.0,0.33,1.5,1.0,FWD,0.0199999999999999,0.03
PHASE1__Ma8_Kn0.33_FWD_hphs1.5_Tw1,R0p20,tau_abs,0.3142716552351952,9.039060447767486,2.0211166402323246,2.314124922299568,0.2930082820672433,21,24,3.0,8.0,0.33,1.5,1.0,FWD,0.0199999999999999,0.03
PHASE1__Ma8_Kn0.33_ISO_hphs1.5_Tw1,R0p20,Cp,0.03640824538161341,1.1671439763509157,1.7127566755112738,1.8064016258023632,0.09364495029108943,28,29,1.0,8.0,0.33,1.5,1.0,ISO,0.0199999999999999,0.03
PHASE1__Ma8_Kn0.33_ISO_hphs1.5_Tw1,R0p20,Cq,0.0642748821905329,1.6805307812295707,0.7197337052678761,0.7246510566652855,0.004917351397409453,29,29,0.0,8.0,0.33,1.5,1.0,ISO,0.0199999999999999,0.03
PHASE1__Ma8_Kn0.33_ISO_hphs1.5_Tw1,R0p20,tau_abs,0.16283127206111686,2.6958808619789507,6.600432423409849,6.11636786095732,0.48406456245252905,29,29,0.0,8.0,0.33,1.5,1.0,ISO,0.0199999999999999,0.03
PHASE1__Ma8_Kn0.8_BWD_hphs1.5_Tw1,R0p20,Cp,0.27800932368525816,11.517015990678617,0.5658899669083529,0.7593185670867685,0.19342860017841557,25,28,3.0,8.0,0.8,1.5,1.0,BWD,0.0199999999999999,0.03
PHASE1__Ma8_Kn0.8_BWD_hphs1.5_Tw1,R0p20,Cq,0.16862603550238753,6.000728645634907,0.3021254864506323,0.3944734019896902,0.09234791553905791,29,28,1.0,8.0,0.8,1.5,1.0,BWD,0.0199999999999999,0.03
PHASE1__Ma8_Kn0.8_BWD_hphs1.5_Tw1,R0p20,tau_abs,0.1588701936348099,4.600073055964106,4.837840749115249,5.78594490086793,0.9481041517526814,29,28,1.0,8.0,0.8,1.5,1.0,BWD,0.0199999999999999,0.03
PHASE1__Ma8_Kn0.8_FWD_hphs1.5_Tw1,R0p20,Cp,0.09545575419730361,2.5008882730153323,1.0355485472914951,1.2276026055659435,0.19205405827444832,29,29,0.0,8.0,0.8,1.5,1.0,FWD,0.0199999999999999,0.03
PHASE1__Ma8_Kn0.8_FWD_hphs1.5_Tw1,R0p20,Cq,0.20676659527077929,3.056930967088253,0.49284394357708305,0.6508241290525605,0.15798018547547743,29,29,0.0,8.0,0.8,1.5,1.0,FWD,0.0199999999999999,0.03
PHASE1__Ma8_Kn0.8_FWD_hphs1.5_Tw1,R0p20,tau_abs,0.24138632545661892,11.067169065528935,1.4460564477308624,1.6144360737988843,0.16837962606802193,21,26,5.0,8.0,0.8,1.5,1.0,FWD,0.0199999999999999,0.03
PHASE1__Ma8_Kn0.8_ISO_hphs1.5_Tw1,R0p20,Cp,0.0558243647698491,1.5250717807634397,0.8653978369199925,0.982285904908153,0.11688806798816054,29,29,0.0,8.0,0.8,1.5,1.0,ISO,0.0199999999999999,0.03
PHASE1__Ma8_Kn0.8_ISO_hphs1.5_Tw1,R0p20,Cq,0.10203448993076368,2.915721116695424,0.43211155273993584,0.5049874335493943,0.0728758808094585,29,29,0.0,8.0,0.8,1.5,1.0,ISO,0.0199999999999999,0.03
PHASE1__Ma8_Kn0.8_ISO_hphs1.5_Tw1,R0p20,tau_abs,0.26610561005460764,4.451819554807772,3.676242648275546,4.69691407712129,1.0206714288457444,29,29,0.0,8.0,0.8,1.5,1.0,ISO,0.0199999999999999,0.03
PHASE1__Ma4_Kn0.1_BWD_hphs1.5_Tw1,R0p35,Cp,0.14840280388003138,6.818958394896094,0.701968411026339,0.7836423263240025,0.08167391529766355,22,18,4.0,4.0,0.1,1.5,1.0,BWD,0.0199999999999999,0.03
PHASE1__Ma4_Kn0.1_BWD_hphs1.5_Tw1,R0p35,Cq,0.15045933189685,5.2471731401128245,0.07402977996733523,0.07361175763056144,0.0004180223367737934,29,29,0.0,4.0,0.1,1.5,1.0,BWD,0.0199999999999999,0.03
PHASE1__Ma4_Kn0.1_BWD_hphs1.5_Tw1,R0p35,tau_abs,0.2578977428632401,3.310434167036016,2.8424561232849315,1.8141191267609995,1.028336996523932,29,29,0.0,4.0,0.1,1.5,1.0,BWD,0.0199999999999999,0.03
PHASE1__Ma4_Kn0.1_FWD_hphs1.5_Tw1,R0p35,Cp,0.15777364237142077,6.505715064760059,1.076309885415225,1.0786195454721552,0.0023096600569301184,29,28,1.0,4.0,0.1,1.5,1.0,FWD,0.0199999999999999,0.03
PHASE1__Ma4_Kn0.1_FWD_hphs1.5_Tw1,R0p35,Cq,0.28173379215273076,6.177135748853105,0.13179674328075505,0.10416254645276399,0.027634196827991064,29,29,0.0,4.0,0.1,1.5,1.0,FWD,0.0199999999999999,0.03
PHASE1__Ma4_Kn0.1_FWD_hphs1.5_Tw1,R0p35,tau_abs,0.5620978483341978,15.382337269460157,0.5220490347180042,0.8187317866308638,0.29668275191285953,22,28,6.0,4.0,0.1,1.5,1.0,FWD,0.0199999999999999,0.03
PHASE1__Ma4_Kn0.1_ISO_hphs1.5_Tw1,R0p35,Cp,0.045281620932933184,2.0252950958153484,0.8634403015328955,0.8848685353357392,0.021428233802843644,29,29,0.0,4.0,0.1,1.5,1.0,ISO,0.0199999999999999,0.03
PHASE1__Ma4_Kn0.1_ISO_hphs1.5_Tw1,R0p35,Cq,0.08035115570158835,2.438966536467764,0.10494855343224858,0.09928362014959098,0.005664933282657603,29,29,0.0,4.0,0.1,1.5,1.0,ISO,0.0199999999999999,0.03
PHASE1__Ma4_Kn0.1_ISO_hphs1.5_Tw1,R0p35,tau_abs,0.43200295412102213,4.660099623132782,2.273624827624162,1.142913310519933,1.130711517104229,29,29,0.0,4.0,0.1,1.5,1.0,ISO,0.0199999999999999,0.03
PHASE1__Ma4_Kn0.33_BWD_hphs1.5_Tw1,R0p35,Cp,0.3229272736716999,14.184263561647416,0.2502652620340223,0.3387895734198978,0.08852431138587552,20,22,2.0,4.0,0.33,1.5,1.0,BWD,0.0199999999999999,0.03
PHASE1__Ma4_Kn0.33_BWD_hphs1.5_Tw1,R0p35,Cq,0.16246219426027023,6.259599355663261,0.042792962160753234,0.04982114156682565,0.007028179406072414,29,29,0.0,4.0,0.33,1.5,1.0,BWD,0.0199999999999999,0.03
PHASE1__Ma4_Kn0.33_BWD_hphs1.5_Tw1,R0p35,tau_abs,0.16200417910455528,2.616896280163866,1.4231513920872931,1.6843318538454521,0.261180461758159,29,29,0.0,4.0,0.33,1.5,1.0,BWD,0.0199999999999999,0.03
PHASE1__Ma4_Kn0.33_FWD_hphs1.5_Tw1,R0p35,Cp,0.28709968209328246,10.746705645612105,0.42600671825000297,0.4825330070056389,0.05652628875563592,29,28,1.0,4.0,0.33,1.5,1.0,FWD,0.0199999999999999,0.03
PHASE1__Ma4_Kn0.33_FWD_hphs1.5_Tw1,R0p35,Cq,0.21622639596535825,5.5496994307237015,0.06827426526116272,0.07058226239604523,0.002307997134882514,29,29,0.0,4.0,0.33,1.5,1.0,FWD,0.0199999999999999,0.03
PHASE1__Ma4_Kn0.33_FWD_hphs1.5_Tw1,R0p35,tau_abs,0.5565542865099794,27.6098471977281,0.28509087337768285,0.45607582962741966,0.1709849562497368,21,23,2.0,4.0,0.33,1.5,1.0,FWD,0.0199999999999999,0.03
PHASE1__Ma4_Kn0.33_ISO_hphs1.5_Tw1,R0p35,Cp,0.1247366035766991,5.219056633586086,0.345417588150757,0.3758327217520544,0.030415133601297384,29,28,1.0,4.0,0.33,1.5,1.0,ISO,0.0199999999999999,0.03
PHASE1__Ma4_Kn0.33_ISO_hphs1.5_Tw1,R0p35,Cq,0.07556969398027355,2.512439183105443,0.05883884313695097,0.05776932376709549,0.0010695193698554845,29,29,0.0,4.0,0.33,1.5,1.0,ISO,0.0199999999999999,0.03
PHASE1__Ma4_Kn0.33_ISO_hphs1.5_Tw1,R0p35,tau_abs,0.1526943211717894,2.696501322277149,1.0448997068221428,1.0396532263022962,0.0052464805198466635,29,29,0.0,4.0,0.33,1.5,1.0,ISO,0.0199999999999999,0.03
PHASE1__Ma4_Kn0.8_BWD_hphs1.5_Tw1,R0p35,Cp,0.7271811578197406,28.678124112449368,0.10920129741117635,0.20538568786418138,0.09618439045300503,23,29,6.0,4.0,0.8,1.5,1.0,BWD,0.0199999999999999,0.03
PHASE1__Ma4_Kn0.8_BWD_hphs1.5_Tw1,R0p35,Cq,0.49127940151339455,20.032669573283986,0.028336534978995263,0.04528810378553183,0.016951568806536567,29,29,0.0,4.0,0.8,1.5,1.0,BWD,0.0199999999999999,0.03
PHASE1__Ma4_Kn0.8_BWD_hphs1.5_Tw1,R0p35,tau_abs,0.4396148916648094,9.603401817888313,0.8718923596878229,1.4797081494400628,0.6078157897522399,29,29,0.0,4.0,0.8,1.5,1.0,BWD,0.0199999999999999,0.03
PHASE1__Ma4_Kn0.8_FWD_hphs1.5_Tw1,R0p35,Cp,0.5862926215622997,19.756020575133636,0.20061819998860883,0.3145012912700611,0.11388309128145227,29,28,1.0,4.0,0.8,1.5,1.0,FWD,0.0199999999999999,0.03
PHASE1__Ma4_Kn0.8_FWD_hphs1.5_Tw1,R0p35,Cq,0.4104633559758777,10.25000080473645,0.04202824789859222,0.060895235356038996,0.018866987457446777,29,29,0.0,4.0,0.8,1.5,1.0,FWD,0.0199999999999999,0.03
PHASE1__Ma4_Kn0.8_FWD_hphs1.5_Tw1,R0p35,tau_abs,0.33071908807394707,16.02379952973477,0.24910956109985022,0.36384888481310995,0.11473932371325973,22,29,7.0,4.0,0.8,1.5,1.0,FWD,0.0199999999999999,0.03
PHASE1__Ma4_Kn0.8_ISO_hphs1.5_Tw1,R0p35,Cp,0.37154510327320206,13.486357083380517,0.16848922123804277,0.22498324398457104,0.05649402274652826,29,29,0.0,4.0,0.8,1.5,1.0,ISO,0.0199999999999999,0.03
PHASE1__Ma4_Kn0.8_ISO_hphs1.5_Tw1,R0p35,Cq,0.17466729939606754,5.957808582735663,0.038271549090210445,0.04733389228774036,0.009062343197529917,29,29,0.0,4.0,0.8,1.5,1.0,ISO,0.0199999999999999,0.03
PHASE1__Ma4_Kn0.8_ISO_hphs1.5_Tw1,R0p35,tau_abs,0.5905471852865006,10.8797320320305,0.5748536957704977,0.9309067796140781,0.35605308384358036,29,29,0.0,4.0,0.8,1.5,1.0,ISO,0.0199999999999999,0.03
PHASE1__Ma6_Kn0.1_BWD_hphs1.5_Tw1,R0p35,Cp,0.051540318157939205,1.376449160911646,1.5339085610781122,1.4886114495907399,0.045297111487372366,23,26,3.0,6.0,0.1,1.5,1.0,BWD,0.0199999999999999,0.03
PHASE1__Ma6_Kn0.1_BWD_hphs1.5_Tw1,R0p35,Cq,0.05290593078368939,1.2329096366251875,0.2874192952717853,0.2854886176139175,0.0019306776578678075,29,29,0.0,6.0,0.1,1.5,1.0,BWD,0.0199999999999999,0.03
PHASE1__Ma6_Kn0.1_BWD_hphs1.5_Tw1,R0p35,tau_abs,0.27031458332475417,3.381933856735805,6.780560061882794,4.169713402883373,2.6108466589994217,29,29,0.0,6.0,0.1,1.5,1.0,BWD,0.0199999999999999,0.03
PHASE1__Ma6_Kn0.1_FWD_hphs1.5_Tw1,R0p35,Cp,0.05853218628016227,1.955934643869962,2.45257496245697,2.35755011678678,0.09502484567018987,29,28,1.0,6.0,0.1,1.5,1.0,FWD,0.0199999999999999,0.03
PHASE1__Ma6_Kn0.1_FWD_hphs1.5_Tw1,R0p35,Cq,0.18571373368877067,2.6103596588818263,0.5530867893007966,0.405694019235024,0.14739277006577256,29,29,0.0,6.0,0.1,1.5,1.0,FWD,0.0199999999999999,0.03
PHASE1__Ma6_Kn0.1_FWD_hphs1.5_Tw1,R0p35,tau_abs,0.37330409044542495,8.826691642024747,1.73797673405745,1.803488711655771,0.06551197759832106,23,27,4.0,6.0,0.1,1.5,1.0,FWD,0.0199999999999999,0.03
PHASE1__Ma6_Kn0.1_ISO_hphs1.5_Tw1,R0p35,Cp,0.031673883171547755,1.0214044134330853,1.941088311058775,1.894675521875216,0.04641278918355907,29,29,0.0,6.0,0.1,1.5,1.0,ISO,0.0199999999999999,0.03
PHASE1__Ma6_Kn0.1_ISO_hphs1.5_Tw1,R0p35,Cq,0.04611157503672834,0.9814130737896086,0.4219718895734579,0.3927754162753042,0.02919647329815367,29,29,0.0,6.0,0.1,1.5,1.0,ISO,0.0199999999999999,0.03
PHASE1__Ma6_Kn0.1_ISO_hphs1.5_Tw1,R0p35,tau_abs,0.3929492229694229,4.035595084909246,5.6442007685853985,3.153992111173516,2.4902086574118827,29,29,0.0,6.0,0.1,1.5,1.0,ISO,0.0199999999999999,0.03
PHASE1__Ma6_Kn0.33_BWD_hphs1.5_Tw1,R0p35,Cp,0.17324846539774674,7.42686332219775,0.6104722158762647,0.7175321025623561,0.10705988668609145,24,28,4.0,6.0,0.33,1.5,1.0,BWD,0.0199999999999999,0.03
PHASE1__Ma6_Kn0.33_BWD_hphs1.5_Tw1,R0p35,Cq,0.09258944967640068,3.3692461106093554,0.1741071995388561,0.19180841180925387,0.01770121227039778,29,29,0.0,6.0,0.33,1.5,1.0,BWD,0.0199999999999999,0.03
PHASE1__Ma6_Kn0.33_BWD_hphs1.5_Tw1,R0p35,tau_abs,0.07100359226410789,1.236518023194525,3.8102873168305824,4.090549037821705,0.2802617209911227,29,29,0.0,6.0,0.33,1.5,1.0,BWD,0.0199999999999999,0.03
PHASE1__Ma6_Kn0.33_FWD_hphs1.5_Tw1,R0p35,Cp,0.09234371458668486,3.188017818183641,1.0704930318440726,1.1184871612151805,0.04799412937110792,29,28,1.0,6.0,0.33,1.5,1.0,FWD,0.0199999999999999,0.03
PHASE1__Ma6_Kn0.33_FWD_hphs1.5_Tw1,R0p35,Cq,0.11884983015972887,2.3308832225830547,0.3019719036699473,0.3144074498816725,0.012435546211725212,29,29,0.0,6.0,0.33,1.5,1.0,FWD,0.0199999999999999,0.03
PHASE1__Ma6_Kn0.33_FWD_hphs1.5_Tw1,R0p35,tau_abs,0.33508549312929437,10.277974530488324,0.9095880593378521,1.197237123343442,0.28764906400558987,21,25,4.0,6.0,0.33,1.5,1.0,FWD,0.0199999999999999,0.03
PHASE1__Ma6_Kn0.33_ISO_hphs1.5_Tw1,R0p35,Cp,0.07392983640635191,2.953244449497837,0.8552880339081496,0.9419035579077274,0.08661552399957784,29,29,0.0,6.0,0.33,1.5,1.0,ISO,0.0199999999999999,0.03
PHASE1__Ma6_Kn0.33_ISO_hphs1.5_Tw1,R0p35,Cq,0.05084118080730785,1.2957865312506123,0.24852413609916824,0.26576085236800473,0.017236716268836494,29,29,0.0,6.0,0.33,1.5,1.0,ISO,0.0199999999999999,0.03
PHASE1__Ma6_Kn0.33_ISO_hphs1.5_Tw1,R0p35,tau_abs,0.1504506036612599,2.284287562486821,3.018045543633164,3.213274181993825,0.19522863836066096,29,29,0.0,6.0,0.33,1.5,1.0,ISO,0.0199999999999999,0.03
PHASE1__Ma6_Kn0.8_BWD_hphs1.5_Tw1,R0p35,Cp,0.36861922666546615,15.043153088586704,0.28692135110386213,0.4288510669126299,0.1419297158087678,24,29,5.0,6.0,0.8,1.5,1.0,BWD,0.0199999999999999,0.03
PHASE1__Ma6_Kn0.8_BWD_hphs1.5_Tw1,R0p35,Cq,0.29175555080294546,10.761231706850188,0.11163164414093354,0.16583634556055585,0.0542047014196223,29,29,0.0,6.0,0.8,1.5,1.0,BWD,0.0199999999999999,0.03
PHASE1__Ma6_Kn0.8_BWD_hphs1.5_Tw1,R0p35,tau_abs,0.24111737905378042,4.764002020392003,2.3508189204615486,3.326755833247332,0.9759369127857833,29,29,0.0,6.0,0.8,1.5,1.0,BWD,0.0199999999999999,0.03
PHASE1__Ma6_Kn0.8_FWD_hphs1.5_Tw1,R0p35,Cp,0.225913525925338,7.44710635783233,0.5258980145285392,0.6761406134618012,0.15024259893326197,29,29,0.0,6.0,0.8,1.5,1.0,FWD,0.0199999999999999,0.03
PHASE1__Ma6_Kn0.8_FWD_hphs1.5_Tw1,R0p35,Cq,0.3073488550343362,5.2788863480235815,0.177797345808941,0.2544203614479608,0.07662301563901983,29,29,0.0,6.0,0.8,1.5,1.0,FWD,0.0199999999999999,0.03
PHASE1__Ma6_Kn0.8_FWD_hphs1.5_Tw1,R0p35,tau_abs,0.2980778505806651,11.66610034152458,0.6717689679048892,0.962106426658531,0.2903374587536418,21,24,3.0,6.0,0.8,1.5,1.0,FWD,0.0199999999999999,0.03
PHASE1__Ma6_Kn0.8_ISO_hphs1.5_Tw1,R0p35,Cp,0.12742831431735807,4.574983678050765,0.4375722833376935,0.5339388730926363,0.09636658975494283,29,29,0.0,6.0,0.8,1.5,1.0,ISO,0.0199999999999999,0.03
PHASE1__Ma6_Kn0.8_ISO_hphs1.5_Tw1,R0p35,Cq,0.12184296494553777,2.7085670698756537,0.15647429649557942,0.19647575623890573,0.040001459743326306,29,29,0.0,6.0,0.8,1.5,1.0,ISO,0.0199999999999999,0.03
PHASE1__Ma6_Kn0.8_ISO_hphs1.5_Tw1,R0p35,tau_abs,0.37819901553478547,6.218871488078725,1.6973528503234088,2.3474504988440885,0.6500976485206797,29,29,0.0,6.0,0.8,1.5,1.0,ISO,0.0199999999999999,0.03
PHASE1__Ma8_Kn0.1_BWD_hphs1.5_Tw1,R0p35,Cp,0.21195362686426258,8.96158289360952,2.8331607269414056,2.2153072851837323,0.6178534417576733,24,29,5.0,8.0,0.1,1.5,1.0,BWD,0.0199999999999999,0.03
PHASE1__Ma8_Kn0.1_BWD_hphs1.5_Tw1,R0p35,Cq,0.18107159033025072,5.675156268270022,0.7817971468709604,0.6897973054026584,0.09199984146830198,29,29,0.0,8.0,0.1,1.5,1.0,BWD,0.0199999999999999,0.03
PHASE1__Ma8_Kn0.1_BWD_hphs1.5_Tw1,R0p35,tau_abs,0.3577101677518233,4.9108764847461615,13.353188303689873,7.068240191385365,6.284948112304508,29,29,0.0,8.0,0.1,1.5,1.0,BWD,0.0199999999999999,0.03
PHASE1__Ma8_Kn0.1_FWD_hphs1.5_Tw1,R0p35,Cp,0.2653915429578781,9.593204534641668,4.676719235597958,3.08381213152637,1.5929071040715885,29,28,1.0,8.0,0.1,1.5,1.0,FWD,0.0199999999999999,0.03
PHASE1__Ma8_Kn0.1_FWD_hphs1.5_Tw1,R0p35,Cq,0.2793617896841103,2.6245495852647904,1.569868790261158,0.8771957333193824,0.6926730569417757,29,28,1.0,8.0,0.1,1.5,1.0,FWD,0.0199999999999999,0.03
PHASE1__Ma8_Kn0.1_FWD_hphs1.5_Tw1,R0p35,tau_abs,0.482270058928525,15.22806765178937,3.8464048091692065,3.1510497287113712,0.6953550804578352,24,29,5.0,8.0,0.1,1.5,1.0,FWD,0.0199999999999999,0.03
PHASE1__Ma8_Kn0.1_ISO_hphs1.5_Tw1,R0p35,Cp,0.1550835981693491,6.049959273770005,3.681442580636097,2.9911898136620527,0.6902527669740444,28,29,1.0,8.0,0.1,1.5,1.0,ISO,0.0199999999999999,0.03
PHASE1__Ma8_Kn0.1_ISO_hphs1.5_Tw1,R0p35,Cq,0.1907922359495054,3.9903055797918277,1.1727709118761507,0.884366042097262,0.2884048697788887,29,29,0.0,8.0,0.1,1.5,1.0,ISO,0.0199999999999999,0.03
PHASE1__Ma8_Kn0.1_ISO_hphs1.5_Tw1,R0p35,tau_abs,0.4724367256560171,5.349711020564551,11.52976870413713,5.417875127228509,6.111893576908621,29,29,0.0,8.0,0.1,1.5,1.0,ISO,0.0199999999999999,0.03
PHASE1__Ma8_Kn0.33_BWD_hphs1.5_Tw1,R0p35,Cp,0.12248092970718188,4.964327927656664,1.1913212841394143,1.3272709132548268,0.13594962911541253,25,21,4.0,8.0,0.33,1.5,1.0,BWD,0.0199999999999999,0.03
PHASE1__Ma8_Kn0.33_BWD_hphs1.5_Tw1,R0p35,Cq,0.04060024231960105,0.9598756172017114,0.4850144214034094,0.5090385191323047,0.0240240977288953,29,29,0.0,8.0,0.33,1.5,1.0,BWD,0.0199999999999999,0.03
PHASE1__Ma8_Kn0.33_BWD_hphs1.5_Tw1,R0p35,tau_abs,0.13324768345384777,3.3950612668522866,7.927034712627416,7.226313089874168,0.7007216227532478,29,29,0.0,8.0,0.33,1.5,1.0,BWD,0.0199999999999999,0.03
PHASE1__Ma8_Kn0.33_FWD_hphs1.5_Tw1,R0p35,Cp,0.0418029335479101,1.3592562481463901,2.1247311482438764,1.991531559194881,0.13319958904899543,29,28,1.0,8.0,0.33,1.5,1.0,FWD,0.0199999999999999,0.03
PHASE1__Ma8_Kn0.33_FWD_hphs1.5_Tw1,R0p35,Cq,0.056021070815393356,0.6722306054781392,0.8706127890846229,0.7665903152390436,0.10402247384557928,29,29,0.0,8.0,0.33,1.5,1.0,FWD,0.0199999999999999,0.03
PHASE1__Ma8_Kn0.33_FWD_hphs1.5_Tw1,R0p35,tau_abs,0.32973092743712906,9.328891818799617,2.0211166402323246,2.281450502431718,0.26033386219939336,21,21,0.0,8.0,0.33,1.5,1.0,FWD,0.0199999999999999,0.03
PHASE1__Ma8_Kn0.33_ISO_hphs1.5_Tw1,R0p35,Cp,0.042193596633916024,1.4029964503140027,1.7127566755112738,1.725188447671035,0.012431772159761323,28,28,0.0,8.0,0.33,1.5,1.0,ISO,0.0199999999999999,0.03
PHASE1__Ma8_Kn0.33_ISO_hphs1.5_Tw1,R0p35,Cq,0.06605067085315211,1.7075463799609616,0.7197337052678761,0.7000595459559724,0.01967415931190364,29,29,0.0,8.0,0.33,1.5,1.0,ISO,0.0199999999999999,0.03
PHASE1__Ma8_Kn0.33_ISO_hphs1.5_Tw1,R0p35,tau_abs,0.17639992195403648,2.925547353335966,6.600432423409849,6.162589597267408,0.4378428261424414,29,29,0.0,8.0,0.33,1.5,1.0,ISO,0.0199999999999999,0.03
PHASE1__Ma8_Kn0.8_BWD_hphs1.5_Tw1,R0p35,Cp,0.2904529795198042,12.057920258447904,0.5658899669083529,0.7860738860035367,0.22018391909518376,25,28,3.0,8.0,0.8,1.5,1.0,BWD,0.0199999999999999,0.03
PHASE1__Ma8_Kn0.8_BWD_hphs1.5_Tw1,R0p35,Cq,0.19548037774754115,7.180054131981322,0.3021254864506323,0.38473105351150194,0.08260556706086963,29,28,1.0,8.0,0.8,1.5,1.0,BWD,0.0199999999999999,0.03
PHASE1__Ma8_Kn0.8_BWD_hphs1.5_Tw1,R0p35,tau_abs,0.15782299568920044,4.443358723882206,4.837840749115249,5.80704151242173,0.969200763306481,29,28,1.0,8.0,0.8,1.5,1.0,BWD,0.0199999999999999,0.03
PHASE1__Ma8_Kn0.8_FWD_hphs1.5_Tw1,R0p35,Cp,0.09942018282945718,3.0975752588696075,1.0355485472914951,1.1771886454727787,0.14164009818128354,29,28,1.0,8.0,0.8,1.5,1.0,FWD,0.0199999999999999,0.03
PHASE1__Ma8_Kn0.8_FWD_hphs1.5_Tw1,R0p35,Cq,0.1956109845003197,3.435878830960781,0.49284394357708305,0.6302043039065222,0.1373603603294391,29,29,0.0,8.0,0.8,1.5,1.0,FWD,0.0199999999999999,0.03
PHASE1__Ma8_Kn0.8_FWD_hphs1.5_Tw1,R0p35,tau_abs,0.23879231113438024,11.096954264455114,1.4460564477308624,1.694262826054668,0.24820637832380554,21,23,2.0,8.0,0.8,1.5,1.0,FWD,0.0199999999999999,0.03
PHASE1__Ma8_Kn0.8_ISO_hphs1.5_Tw1,R0p35,Cp,0.06144182726931634,1.6200464414525082,0.8653978369199925,0.9867663627136932,0.12136852579370072,29,29,0.0,8.0,0.8,1.5,1.0,ISO,0.0199999999999999,0.03
PHASE1__Ma8_Kn0.8_ISO_hphs1.5_Tw1,R0p35,Cq,0.08560706836865514,2.640266230336317,0.43211155273993584,0.46775659663774916,0.03564504389781331,29,29,0.0,8.0,0.8,1.5,1.0,ISO,0.0199999999999999,0.03
PHASE1__Ma8_Kn0.8_ISO_hphs1.5_Tw1,R0p35,tau_abs,0.288243576447613,5.105141134359198,3.676242648275546,4.735742563102376,1.0594999148268305,29,29,0.0,8.0,0.8,1.5,1.0,ISO,0.0199999999999999,0.03
PHASE1__Ma4_Kn0.1_BWD_hphs1.5_Tw1,R0p50,Cp,0.10426426251544645,4.319397992219225,0.701968411026339,0.7478426888565014,0.0458742778301624,22,24,2.0,4.0,0.1,1.5,1.0,BWD,0.0199999999999999,0.03
PHASE1__Ma4_Kn0.1_BWD_hphs1.5_Tw1,R0p50,Cq,0.11977426948914845,4.165366524691647,0.07402977996733523,0.07576476059297868,0.0017349806256434508,29,29,0.0,4.0,0.1,1.5,1.0,BWD,0.0199999999999999,0.03
PHASE1__Ma4_Kn0.1_BWD_hphs1.5_Tw1,R0p50,tau_abs,0.29470048231470775,4.1583237099656385,2.8424561232849315,1.7774504931025112,1.0650056301824202,29,29,0.0,4.0,0.1,1.5,1.0,BWD,0.0199999999999999,0.03
PHASE1__Ma4_Kn0.1_FWD_hphs1.5_Tw1,R0p50,Cp,0.17763730392428193,7.267855508710576,1.076309885415225,1.095814741463407,0.019504856048181862,29,28,1.0,4.0,0.1,1.5,1.0,FWD,0.0199999999999999,0.03
PHASE1__Ma4_Kn0.1_FWD_hphs1.5_Tw1,R0p50,Cq,0.2976791759600812,6.544825013628026,0.13179674328075505,0.09742024979364942,0.03437649348710563,29,29,0.0,4.0,0.1,1.5,1.0,FWD,0.0199999999999999,0.03
PHASE1__Ma4_Kn0.1_FWD_hphs1.5_Tw1,R0p50,tau_abs,0.564515987741225,14.969229919994516,0.5220490347180042,0.811945033860205,0.28989599914220077,22,27,5.0,4.0,0.1,1.5,1.0,FWD,0.0199999999999999,0.03
PHASE1__Ma4_Kn0.1_ISO_hphs1.5_Tw1,R0p50,Cp,0.04983015520267467,2.0743387940451723,0.8634403015328955,0.8579223934385628,0.005517908094332724,29,29,0.0,4.0,0.1,1.5,1.0,ISO,0.0199999999999999,0.03
PHASE1__Ma4_Kn0.1_ISO_hphs1.5_Tw1,R0p50,Cq,0.08415446527738064,2.6145964703877635,0.10494855343224858,0.09675510869425726,0.008193444737991329,29,29,0.0,4.0,0.1,1.5,1.0,ISO,0.0199999999999999,0.03
PHASE1__Ma4_Kn0.1_ISO_hphs1.5_Tw1,R0p50,tau_abs,0.4638946745304602,4.935803784269326,2.273624827624162,1.046259406606857,1.227365421017305,29,29,0.0,4.0,0.1,1.5,1.0,ISO,0.0199999999999999,0.03
PHASE1__Ma4_Kn0.33_BWD_hphs1.5_Tw1,R0p50,Cp,0.3071218635179632,13.495335532831291,0.2502652620340223,0.33664402684110695,0.08637876480708467,20,25,5.0,4.0,0.33,1.5,1.0,BWD,0.0199999999999999,0.03
PHASE1__Ma4_Kn0.33_BWD_hphs1.5_Tw1,R0p50,Cq,0.11816927357259426,4.563709872229576,0.042792962160753234,0.04761451882860415,0.004821556667850918,29,29,0.0,4.0,0.33,1.5,1.0,BWD,0.0199999999999999,0.03
PHASE1__Ma4_Kn0.33_BWD_hphs1.5_Tw1,R0p50,tau_abs,0.0984707466054111,1.9083458661934352,1.4231513920872931,1.5467283466635808,0.1235769545762877,29,29,0.0,4.0,0.33,1.5,1.0,BWD,0.0199999999999999,0.03
PHASE1__Ma4_Kn0.33_FWD_hphs1.5_Tw1,R0p50,Cp,0.27235237784441385,10.34401333959001,0.42600671825000297,0.4809781955595714,0.05497147730956842,29,28,1.0,4.0,0.33,1.5,1.0,FWD,0.0199999999999999,0.03
PHASE1__Ma4_Kn0.33_FWD_hphs1.5_Tw1,R0p50,Cq,0.2164450441437153,5.853662086674603,0.06827426526116272,0.06664356199725109,0.001630703263911626,29,28,1.0,4.0,0.33,1.5,1.0,FWD,0.0199999999999999,0.03
PHASE1__Ma4_Kn0.33_FWD_hphs1.5_Tw1,R0p50,tau_abs,0.5479828767731675,27.397880340399176,0.28509087337768285,0.43906625617492206,0.1539753827972392,21,29,8.0,4.0,0.33,1.5,1.0,FWD,0.0199999999999999,0.03
PHASE1__Ma4_Kn0.33_ISO_hphs1.5_Tw1,R0p50,Cp,0.13671662283173738,5.694748771968258,0.345417588150757,0.3904662376504284,0.04504864949967141,29,29,0.0,4.0,0.33,1.5,1.0,ISO,0.0199999999999999,0.03
PHASE1__Ma4_Kn0.33_ISO_hphs1.5_Tw1,R0p50,Cq,0.06720821293105078,2.237010253977316,0.05883884313695097,0.0550193937274982,0.003819449409452773,29,29,0.0,4.0,0.33,1.5,1.0,ISO,0.0199999999999999,0.03
PHASE1__Ma4_Kn0.33_ISO_hphs1.5_Tw1,R0p50,tau_abs,0.18134091981239767,3.3031126321280375,1.0448997068221428,0.9216342728632239,0.12326543395891898,29,29,0.0,4.0,0.33,1.5,1.0,ISO,0.0199999999999999,0.03
PHASE1__Ma4_Kn0.8_BWD_hphs1.5_Tw1,R0p50,Cp,0.7001196434856618,27.50323867248607,0.10920129741117635,0.20194715415324827,0.09274585674207192,23,29,6.0,4.0,0.8,1.5,1.0,BWD,0.0199999999999999,0.03
PHASE1__Ma4_Kn0.8_BWD_hphs1.5_Tw1,R0p50,Cq,0.46015139318853193,18.865050668530166,0.028336534978995263,0.04243096387326838,0.01409442889427312,29,29,0.0,4.0,0.8,1.5,1.0,BWD,0.0199999999999999,0.03
PHASE1__Ma4_Kn0.8_BWD_hphs1.5_Tw1,R0p50,tau_abs,0.4026677903918241,8.556559384302009,0.8718923596878229,1.395087957917122,0.5231955982292992,29,29,0.0,4.0,0.8,1.5,1.0,BWD,0.0199999999999999,0.03
PHASE1__Ma4_Kn0.8_FWD_hphs1.5_Tw1,R0p50,Cp,0.625197198686048,21.144033295661806,0.20061819998860883,0.295049927096391,0.09443172710778217,29,29,0.0,4.0,0.8,1.5,1.0,FWD,0.0199999999999999,0.03
PHASE1__Ma4_Kn0.8_FWD_hphs1.5_Tw1,R0p50,Cq,0.41636275990573834,10.739592502652933,0.04202824789859222,0.06199524999091729,0.01996700209232507,29,29,0.0,4.0,0.8,1.5,1.0,FWD,0.0199999999999999,0.03
PHASE1__Ma4_Kn0.8_FWD_hphs1.5_Tw1,R0p50,tau_abs,0.3139005519614588,16.356937529968157,0.24910956109985022,0.3726900281037891,0.12358046700393888,22,29,7.0,4.0,0.8,1.5,1.0,FWD,0.0199999999999999,0.03
PHASE1__Ma4_Kn0.8_ISO_hphs1.5_Tw1,R0p50,Cp,0.3420364186629173,12.452216783906715,0.16848922123804277,0.21108993086762565,0.04260070962958287,29,29,0.0,4.0,0.8,1.5,1.0,ISO,0.0199999999999999,0.03
PHASE1__Ma4_Kn0.8_ISO_hphs1.5_Tw1,R0p50,Cq,0.13777239322248727,4.687579865894009,0.038271549090210445,0.04443359615954966,0.006162047069339212,29,29,0.0,4.0,0.8,1.5,1.0,ISO,0.0199999999999999,0.03
PHASE1__Ma4_Kn0.8_ISO_hphs1.5_Tw1,R0p50,tau_abs,0.544459341507991,10.133140621224236,0.5748536957704977,0.9217220218882917,0.34686832611779395,29,29,0.0,4.0,0.8,1.5,1.0,ISO,0.0199999999999999,0.03
PHASE1__Ma6_Kn0.1_BWD_hphs1.5_Tw1,R0p50,Cp,0.08981578196436522,2.8154380481706296,1.5339085610781122,1.4555041469428251,0.07840441413528709,23,28,5.0,6.0,0.1,1.5,1.0,BWD,0.0199999999999999,0.03
PHASE1__Ma6_Kn0.1_BWD_hphs1.5_Tw1,R0p50,Cq,0.05630792768673246,1.3671827154499723,0.2874192952717853,0.27632025000331245,0.011099045268472829,29,29,0.0,6.0,0.1,1.5,1.0,BWD,0.0199999999999999,0.03
PHASE1__Ma6_Kn0.1_BWD_hphs1.5_Tw1,R0p50,tau_abs,0.2993125859538758,3.6835148881218753,6.780560061882794,3.9382048472325524,2.842355214650242,29,29,0.0,6.0,0.1,1.5,1.0,BWD,0.0199999999999999,0.03
PHASE1__Ma6_Kn0.1_FWD_hphs1.5_Tw1,R0p50,Cp,0.06533085864708078,2.0136321410966773,2.45257496245697,2.208582988001107,0.24399197445586296,29,28,1.0,6.0,0.1,1.5,1.0,FWD,0.0199999999999999,0.03
PHASE1__Ma6_Kn0.1_FWD_hphs1.5_Tw1,R0p50,Cq,0.20796324001091168,2.755943236417672,0.5530867893007966,0.3795272800743758,0.17355950922642077,29,29,0.0,6.0,0.1,1.5,1.0,FWD,0.0199999999999999,0.03
PHASE1__Ma6_Kn0.1_FWD_hphs1.5_Tw1,R0p50,tau_abs,0.37190419877823955,9.196149667338174,1.73797673405745,1.8085542894765954,0.07057755541914545,23,26,3.0,6.0,0.1,1.5,1.0,FWD,0.0199999999999999,0.03
PHASE1__Ma6_Kn0.1_ISO_hphs1.5_Tw1,R0p50,Cp,0.028695285441809763,1.0616648809649285,1.941088311058775,1.875387658708975,0.06570065234980005,29,29,0.0,6.0,0.1,1.5,1.0,ISO,0.0199999999999999,0.03
PHASE1__Ma6_Kn0.1_ISO_hphs1.5_Tw1,R0p50,Cq,0.09278299765854123,1.736130751999013,0.4219718895734579,0.3597677021108261,0.06220418746263179,29,29,0.0,6.0,0.1,1.5,1.0,ISO,0.0199999999999999,0.03
PHASE1__Ma6_Kn0.1_ISO_hphs1.5_Tw1,R0p50,tau_abs,0.39630883658453736,4.572561232000767,5.6442007685853985,3.327909986011436,2.3162907825739625,29,29,0.0,6.0,0.1,1.5,1.0,ISO,0.0199999999999999,0.03
PHASE1__Ma6_Kn0.33_BWD_hphs1.5_Tw1,R0p50,Cp,0.20229174477196682,8.881637350256035,0.6104722158762647,0.7097136113994091,0.09924139552314448,24,24,0.0,6.0,0.33,1.5,1.0,BWD,0.0199999999999999,0.03
PHASE1__Ma6_Kn0.33_BWD_hphs1.5_Tw1,R0p50,Cq,0.09785954996289346,3.5566699743112857,0.1741071995388561,0.1878094084166821,0.013702208877826,29,29,0.0,6.0,0.33,1.5,1.0,BWD,0.0199999999999999,0.03
PHASE1__Ma6_Kn0.33_BWD_hphs1.5_Tw1,R0p50,tau_abs,0.06272787424572046,1.2894602225596248,3.8102873168305824,3.919601533630847,0.10931421680026476,29,29,0.0,6.0,0.33,1.5,1.0,BWD,0.0199999999999999,0.03
PHASE1__Ma6_Kn0.33_FWD_hphs1.5_Tw1,R0p50,Cp,0.10420153253440369,3.7555429572459733,1.0704930318440726,1.1290294167146089,0.05853638487053625,29,28,1.0,6.0,0.33,1.5,1.0,FWD,0.0199999999999999,0.03
PHASE1__Ma6_Kn0.33_FWD_hphs1.5_Tw1,R0p50,Cq,0.13174635041624683,2.6218152900159977,0.3019719036699473,0.30792140816323466,0.00594950449328735,29,29,0.0,6.0,0.33,1.5,1.0,FWD,0.0199999999999999,0.03
PHASE1__Ma6_Kn0.33_FWD_hphs1.5_Tw1,R0p50,tau_abs,0.37177034713941176,11.62390589873687,0.9095880593378521,1.237685567285927,0.3280975079480749,21,23,2.0,6.0,0.33,1.5,1.0,FWD,0.0199999999999999,0.03
PHASE1__Ma6_Kn0.33_ISO_hphs1.5_Tw1,R0p50,Cp,0.07814535455463276,2.8811928252814063,0.8552880339081496,0.8911348400653102,0.03584680615716063,29,29,0.0,6.0,0.33,1.5,1.0,ISO,0.0199999999999999,0.03
PHASE1__Ma6_Kn0.33_ISO_hphs1.5_Tw1,R0p50,Cq,0.04193261255083879,1.0924141782037533,0.24852413609916824,0.2617061266058308,0.013181990506662578,29,29,0.0,6.0,0.33,1.5,1.0,ISO,0.0199999999999999,0.03
PHASE1__Ma6_Kn0.33_ISO_hphs1.5_Tw1,R0p50,tau_abs,0.15934228072012882,2.336105751995165,3.018045543633164,2.959721875480964,0.058323668152199915,29,29,0.0,6.0,0.33,1.5,1.0,ISO,0.0199999999999999,0.03
PHASE1__Ma6_Kn0.8_BWD_hphs1.5_Tw1,R0p50,Cp,0.3705706367371962,15.180299283744091,0.28692135110386213,0.43124172381902726,0.14432037271516512,24,29,5.0,6.0,0.8,1.5,1.0,BWD,0.0199999999999999,0.03
PHASE1__Ma6_Kn0.8_BWD_hphs1.5_Tw1,R0p50,Cq,0.30496773138302347,11.755092699777055,0.11163164414093354,0.16092517435892353,0.04929353021798999,29,29,0.0,6.0,0.8,1.5,1.0,BWD,0.0199999999999999,0.03
PHASE1__Ma6_Kn0.8_BWD_hphs1.5_Tw1,R0p50,tau_abs,0.2931649586849096,6.560942923599317,2.3508189204615486,3.4577698966318544,1.1069509761703058,29,29,0.0,6.0,0.8,1.5,1.0,BWD,0.0199999999999999,0.03
PHASE1__Ma6_Kn0.8_FWD_hphs1.5_Tw1,R0p50,Cp,0.24474470637432347,7.9554145189588406,0.5258980145285392,0.6777802406428093,0.15188222611427005,29,29,0.0,6.0,0.8,1.5,1.0,FWD,0.0199999999999999,0.03
PHASE1__Ma6_Kn0.8_FWD_hphs1.5_Tw1,R0p50,Cq,0.2670645805432346,4.923683347017971,0.177797345808941,0.24004454148685742,0.06224719567791642,29,29,0.0,6.0,0.8,1.5,1.0,FWD,0.0199999999999999,0.03
PHASE1__Ma6_Kn0.8_FWD_hphs1.5_Tw1,R0p50,tau_abs,0.31614869725654526,13.035224421898459,0.6717689679048892,0.9731873809239648,0.3014184130190757,21,23,2.0,6.0,0.8,1.5,1.0,FWD,0.0199999999999999,0.03
PHASE1__Ma6_Kn0.8_ISO_hphs1.5_Tw1,R0p50,Cp,0.13286660161553618,5.015223017197537,0.4375722833376935,0.5169670444233433,0.0793947610856498,29,29,0.0,6.0,0.8,1.5,1.0,ISO,0.0199999999999999,0.03
PHASE1__Ma6_Kn0.8_ISO_hphs1.5_Tw1,R0p50,Cq,0.09977966824541543,2.216829071337,0.15647429649557942,0.188461031534922,0.03198673503934257,29,29,0.0,6.0,0.8,1.5,1.0,ISO,0.0199999999999999,0.03
PHASE1__Ma6_Kn0.8_ISO_hphs1.5_Tw1,R0p50,tau_abs,0.33649382903331526,5.992901827184154,1.6973528503234088,2.269736086034273,0.5723832357108642,29,29,0.0,6.0,0.8,1.5,1.0,ISO,0.0199999999999999,0.03
PHASE1__Ma8_Kn0.1_BWD_hphs1.5_Tw1,R0p50,Cp,0.2187124609327707,9.090732663059425,2.8331607269414056,2.319837352405348,0.5133233745360575,24,29,5.0,8.0,0.1,1.5,1.0,BWD,0.0199999999999999,0.03
PHASE1__Ma8_Kn0.1_BWD_hphs1.5_Tw1,R0p50,Cq,0.18591541924601565,5.854914779487167,0.7817971468709604,0.7115084063368116,0.0702887405341488,29,29,0.0,8.0,0.1,1.5,1.0,BWD,0.0199999999999999,0.03
PHASE1__Ma8_Kn0.1_BWD_hphs1.5_Tw1,R0p50,tau_abs,0.3580792206221073,5.039008375867423,13.353188303689873,7.080613011491727,6.2725752921981455,29,29,0.0,8.0,0.1,1.5,1.0,BWD,0.0199999999999999,0.03
PHASE1__Ma8_Kn0.1_FWD_hphs1.5_Tw1,R0p50,Cp,0.27223669178414434,9.817938789894491,4.676719235597958,3.007461033186442,1.6692582024115161,29,27,2.0,8.0,0.1,1.5,1.0,FWD,0.0199999999999999,0.03
PHASE1__Ma8_Kn0.1_FWD_hphs1.5_Tw1,R0p50,Cq,0.2780992032856187,2.8195077584459907,1.569868790261158,0.8753258821253859,0.6945429081357722,29,28,1.0,8.0,0.1,1.5,1.0,FWD,0.0199999999999999,0.03
PHASE1__Ma8_Kn0.1_FWD_hphs1.5_Tw1,R0p50,tau_abs,0.4736077170042788,15.393057519000962,3.8464048091692065,3.186831342153485,0.6595734670157216,24,29,5.0,8.0,0.1,1.5,1.0,FWD,0.0199999999999999,0.03
PHASE1__Ma8_Kn0.1_ISO_hphs1.5_Tw1,R0p50,Cp,0.15829006125425057,6.212758324833951,3.681442580636097,3.0505731177938222,0.6308694628422749,28,29,1.0,8.0,0.1,1.5,1.0,ISO,0.0199999999999999,0.03
PHASE1__Ma8_Kn0.1_ISO_hphs1.5_Tw1,R0p50,Cq,0.197448386020044,4.009012534364268,1.1727709118761507,0.8525849752990788,0.32018593657707184,29,29,0.0,8.0,0.1,1.5,1.0,ISO,0.0199999999999999,0.03
PHASE1__Ma8_Kn0.1_ISO_hphs1.5_Tw1,R0p50,tau_abs,0.4952902334497815,5.9165179375877,11.52976870413713,5.345175995046638,6.1845927090904915,29,29,0.0,8.0,0.1,1.5,1.0,ISO,0.0199999999999999,0.03
PHASE1__Ma8_Kn0.33_BWD_hphs1.5_Tw1,R0p50,Cp,0.13141335100101847,5.072461335456513,1.1913212841394143,1.3695609606743187,0.17823967653490436,25,29,4.0,8.0,0.33,1.5,1.0,BWD,0.0199999999999999,0.03
PHASE1__Ma8_Kn0.33_BWD_hphs1.5_Tw1,R0p50,Cq,0.052074069790260934,1.4106418928432645,0.4850144214034094,0.5108663388448048,0.025851917441395422,29,29,0.0,8.0,0.33,1.5,1.0,BWD,0.0199999999999999,0.03
PHASE1__Ma8_Kn0.33_BWD_hphs1.5_Tw1,R0p50,tau_abs,0.1324569505625791,3.3732214958011477,7.927034712627416,7.30236419999939,0.6246705126280254,29,29,0.0,8.0,0.33,1.5,1.0,BWD,0.0199999999999999,0.03
PHASE1__Ma8_Kn0.33_FWD_hphs1.5_Tw1,R0p50,Cp,0.03654904220754255,1.2916843454702973,2.1247311482438764,2.1774052525160204,0.05267410427214392,29,28,1.0,8.0,0.33,1.5,1.0,FWD,0.0199999999999999,0.03
PHASE1__Ma8_Kn0.33_FWD_hphs1.5_Tw1,R0p50,Cq,0.05325408404532643,1.0401101834143558,0.8706127890846229,0.8315698430379082,0.039042946046714766,29,29,0.0,8.0,0.33,1.5,1.0,FWD,0.0199999999999999,0.03
PHASE1__Ma8_Kn0.33_FWD_hphs1.5_Tw1,R0p50,tau_abs,0.3999100966203322,10.523544058602132,2.0211166402323246,2.5164882617258373,0.49537162149351266,21,29,8.0,8.0,0.33,1.5,1.0,FWD,0.0199999999999999,0.03
PHASE1__Ma8_Kn0.33_ISO_hphs1.5_Tw1,R0p50,Cp,0.05122879183466676,1.6972251737823283,1.7127566755112738,1.8764193476920192,0.16366267218074548,28,29,1.0,8.0,0.33,1.5,1.0,ISO,0.0199999999999999,0.03
PHASE1__Ma8_Kn0.33_ISO_hphs1.5_Tw1,R0p50,Cq,0.05128443674576474,1.318948577455906,0.7197337052678761,0.7220225117490326,0.002288806481156591,29,29,0.0,8.0,0.33,1.5,1.0,ISO,0.0199999999999999,0.03
PHASE1__Ma8_Kn0.33_ISO_hphs1.5_Tw1,R0p50,tau_abs,0.18795529738725963,3.063840330161996,6.600432423409849,6.089997259382823,0.5104351640270259,29,29,0.0,8.0,0.33,1.5,1.0,ISO,0.0199999999999999,0.03
PHASE1__Ma8_Kn0.8_BWD_hphs1.5_Tw1,R0p50,Cp,0.3001819141238031,12.505869943512492,0.5658899669083529,0.8013576010899796,0.23546763418162664,25,28,3.0,8.0,0.8,1.5,1.0,BWD,0.0199999999999999,0.03
PHASE1__Ma8_Kn0.8_BWD_hphs1.5_Tw1,R0p50,Cq,0.22593547744208511,8.411611224920984,0.3021254864506323,0.4050909049230595,0.10296541847242718,29,28,1.0,8.0,0.8,1.5,1.0,BWD,0.0199999999999999,0.03
PHASE1__Ma8_Kn0.8_BWD_hphs1.5_Tw1,R0p50,tau_abs,0.17006445798722608,4.67366632909122,4.837840749115249,5.837524525314457,0.9996837761992081,29,28,1.0,8.0,0.8,1.5,1.0,BWD,0.0199999999999999,0.03
PHASE1__Ma8_Kn0.8_FWD_hphs1.5_Tw1,R0p50,Cp,0.08001555784873475,2.926410831200887,1.0355485472914951,1.114573128459819,0.07902458116832389,29,28,1.0,8.0,0.8,1.5,1.0,FWD,0.0199999999999999,0.03
PHASE1__Ma8_Kn0.8_FWD_hphs1.5_Tw1,R0p50,Cq,0.16666072068606075,3.5307840252137335,0.49284394357708305,0.5865598633431944,0.09371591976611138,29,29,0.0,8.0,0.8,1.5,1.0,FWD,0.0199999999999999,0.03
PHASE1__Ma8_Kn0.8_FWD_hphs1.5_Tw1,R0p50,tau_abs,0.24272179372886918,11.115236755725125,1.4460564477308624,1.7640173067087046,0.3179608589778422,21,24,3.0,8.0,0.8,1.5,1.0,FWD,0.0199999999999999,0.03
PHASE1__Ma8_Kn0.8_ISO_hphs1.5_Tw1,R0p50,Cp,0.043519924283483245,1.4863176372668143,0.8653978369199925,0.9329693630583394,0.06757152613834694,29,29,0.0,8.0,0.8,1.5,1.0,ISO,0.0199999999999999,0.03
PHASE1__Ma8_Kn0.8_ISO_hphs1.5_Tw1,R0p50,Cq,0.08563526437509926,2.7114809041596297,0.43211155273993584,0.48026030360691735,0.048148750866981505,29,29,0.0,8.0,0.8,1.5,1.0,ISO,0.0199999999999999,0.03
PHASE1__Ma8_Kn0.8_ISO_hphs1.5_Tw1,R0p50,tau_abs,0.23894056340900865,4.311690207909916,3.676242648275546,4.379706247167451,0.7034635988919047,29,29,0.0,8.0,0.8,1.5,1.0,ISO,0.0199999999999999,0.03
PHASE1__Ma4_Kn0.1_BWD_hphs1.5_Tw1,R0p75,Cp,0.12491389304527356,5.4705096079806825,0.701968411026339,0.7792176961957135,0.07724928516937446,22,23,1.0,4.0,0.1,1.5,1.0,BWD,0.0199999999999999,0.03
PHASE1__Ma4_Kn0.1_BWD_hphs1.5_Tw1,R0p75,Cq,0.07278876264395716,2.160673805828282,0.07402977996733523,0.07803398136925688,0.004004201401921648,29,29,0.0,4.0,0.1,1.5,1.0,BWD,0.0199999999999999,0.03
PHASE1__Ma4_Kn0.1_BWD_hphs1.5_Tw1,R0p75,tau_abs,0.3506058949329157,4.733772530135612,2.8424561232849315,1.604347209334608,1.2381089139503234,29,29,0.0,4.0,0.1,1.5,1.0,BWD,0.0199999999999999,0.03
PHASE1__Ma4_Kn0.1_FWD_hphs1.5_Tw1,R0p75,Cp,0.1812913149859271,7.346743599134902,1.076309885415225,1.046232467842215,0.03007741757301008,29,28,1.0,4.0,0.1,1.5,1.0,FWD,0.0199999999999999,0.03
PHASE1__Ma4_Kn0.1_FWD_hphs1.5_Tw1,R0p75,Cq,0.31635878877982687,6.564054516988,0.13179674328075505,0.09272811770349774,0.03906862557725731,29,28,1.0,4.0,0.1,1.5,1.0,FWD,0.0199999999999999,0.03
PHASE1__Ma4_Kn0.1_FWD_hphs1.5_Tw1,R0p75,tau_abs,0.40266507945667845,11.821555288550488,0.5220490347180042,0.646833829911974,0.12478479519396979,22,28,6.0,4.0,0.1,1.5,1.0,FWD,0.0199999999999999,0.03
PHASE1__Ma4_Kn0.1_ISO_hphs1.5_Tw1,R0p75,Cp,0.05490468498016851,2.3095021583101487,0.8634403015328955,0.8472106024533544,0.016229699079541082,29,29,0.0,4.0,0.1,1.5,1.0,ISO,0.0199999999999999,0.03
PHASE1__Ma4_Kn0.1_ISO_hphs1.5_Tw1,R0p75,Cq,0.10714146698936142,2.8445958987306286,0.10494855343224858,0.08939872102593319,0.015549832406315398,29,29,0.0,4.0,0.1,1.5,1.0,ISO,0.0199999999999999,0.03
PHASE1__Ma4_Kn0.1_ISO_hphs1.5_Tw1,R0p75,tau_abs,0.45393870291359323,4.919449887096486,2.273624827624162,1.0928836898275727,1.1807411377965893,29,29,0.0,4.0,0.1,1.5,1.0,ISO,0.0199999999999999,0.03
PHASE1__Ma4_Kn0.33_BWD_hphs1.5_Tw1,R0p75,Cp,0.28692324412961473,12.638819937790617,0.2502652620340223,0.3238624738600988,0.07359721182607654,20,26,6.0,4.0,0.33,1.5,1.0,BWD,0.0199999999999999,0.03
PHASE1__Ma4_Kn0.33_BWD_hphs1.5_Tw1,R0p75,Cq,0.10141611346361944,3.7203512438027304,0.042792962160753234,0.04616453846401967,0.003371576303266434,29,29,0.0,4.0,0.33,1.5,1.0,BWD,0.0199999999999999,0.03
PHASE1__Ma4_Kn0.33_BWD_hphs1.5_Tw1,R0p75,tau_abs,0.07941295480454737,1.7227079684348978,1.4231513920872931,1.4505729309745563,0.027421538887263175,29,29,0.0,4.0,0.33,1.5,1.0,BWD,0.0199999999999999,0.03
PHASE1__Ma4_Kn0.33_FWD_hphs1.5_Tw1,R0p75,Cp,0.29075753730400894,10.948737617420438,0.42600671825000297,0.4731561572224282,0.04714943897242524,29,28,1.0,4.0,0.33,1.5,1.0,FWD,0.0199999999999999,0.03
PHASE1__Ma4_Kn0.33_FWD_hphs1.5_Tw1,R0p75,Cq,0.2024136845356951,5.362494436928148,0.06827426526116272,0.0681369180583968,0.00013734720276591117,29,28,1.0,4.0,0.33,1.5,1.0,FWD,0.0199999999999999,0.03
PHASE1__Ma4_Kn0.33_FWD_hphs1.5_Tw1,R0p75,tau_abs,0.497488959165371,25.20197122626927,0.28509087337768285,0.4049549112568917,0.11986403787920885,21,29,8.0,4.0,0.33,1.5,1.0,FWD,0.0199999999999999,0.03
PHASE1__Ma4_Kn0.33_ISO_hphs1.5_Tw1,R0p75,Cp,0.15877721519357038,6.231811930156789,0.345417588150757,0.3797328446937123,0.03431525654295531,29,29,0.0,4.0,0.33,1.5,1.0,ISO,0.0199999999999999,0.03
PHASE1__Ma4_Kn0.33_ISO_hphs1.5_Tw1,R0p75,Cq,0.06523739872543888,2.0953742556302113,0.05883884313695097,0.05869667896975398,0.00014216416719699254,29,29,0.0,4.0,0.33,1.5,1.0,ISO,0.0199999999999999,0.03
PHASE1__Ma4_Kn0.33_ISO_hphs1.5_Tw1,R0p75,tau_abs,0.16586027944998818,2.814292405465128,1.0448997068221428,1.0767344849684988,0.031834778146355935,29,29,0.0,4.0,0.33,1.5,1.0,ISO,0.0199999999999999,0.03
PHASE1__Ma4_Kn0.8_BWD_hphs1.5_Tw1,R0p75,Cp,0.7545304570386706,29.699725705211062,0.10920129741117635,0.20111392860618077,0.09191263119500442,23,29,6.0,4.0,0.8,1.5,1.0,BWD,0.0199999999999999,0.03
PHASE1__Ma4_Kn0.8_BWD_hphs1.5_Tw1,R0p75,Cq,0.5179700573209202,21.29200427024358,0.028336534978995263,0.04434021243704049,0.016003677458045228,29,29,0.0,4.0,0.8,1.5,1.0,BWD,0.0199999999999999,0.03
PHASE1__Ma4_Kn0.8_BWD_hphs1.5_Tw1,R0p75,tau_abs,0.4177647729934001,9.66740752978668,0.8718923596878229,1.3137092973996163,0.4418169377117934,29,29,0.0,4.0,0.8,1.5,1.0,BWD,0.0199999999999999,0.03
PHASE1__Ma4_Kn0.8_FWD_hphs1.5_Tw1,R0p75,Cp,0.5000840039263158,17.17086675919873,0.20061819998860883,0.26103029418846296,0.06041209419985413,29,29,0.0,4.0,0.8,1.5,1.0,FWD,0.0199999999999999,0.03
PHASE1__Ma4_Kn0.8_FWD_hphs1.5_Tw1,R0p75,Cq,0.3615363442891115,9.73344982220131,0.04202824789859222,0.05667705836842653,0.014648810469834309,29,29,0.0,4.0,0.8,1.5,1.0,FWD,0.0199999999999999,0.03
PHASE1__Ma4_Kn0.8_FWD_hphs1.5_Tw1,R0p75,tau_abs,0.2984105407365498,16.05407569185301,0.24910956109985022,0.3451515546192697,0.0960419935194195,22,29,7.0,4.0,0.8,1.5,1.0,FWD,0.0199999999999999,0.03
PHASE1__Ma4_Kn0.8_ISO_hphs1.5_Tw1,R0p75,Cp,0.2974869236894132,10.667034368098847,0.16848922123804277,0.20093329810324467,0.0324440768652019,29,29,0.0,4.0,0.8,1.5,1.0,ISO,0.0199999999999999,0.03
PHASE1__Ma4_Kn0.8_ISO_hphs1.5_Tw1,R0p75,Cq,0.09939600468141807,3.625105527162488,0.038271549090210445,0.04274343926537517,0.004471890175164722,29,29,0.0,4.0,0.8,1.5,1.0,ISO,0.0199999999999999,0.03
PHASE1__Ma4_Kn0.8_ISO_hphs1.5_Tw1,R0p75,tau_abs,0.5028595207461133,9.4009879322269,0.5748536957704977,0.8810538653704985,0.30620016960000074,29,29,0.0,4.0,0.8,1.5,1.0,ISO,0.0199999999999999,0.03
PHASE1__Ma6_Kn0.1_BWD_hphs1.5_Tw1,R0p75,Cp,0.08414167969963757,3.0850317173379214,1.5339085610781122,1.507695010919728,0.026213550158384225,23,28,5.0,6.0,0.1,1.5,1.0,BWD,0.0199999999999999,0.03
PHASE1__Ma6_Kn0.1_BWD_hphs1.5_Tw1,R0p75,Cq,0.06582682439865443,1.7724950009140563,0.2874192952717853,0.2780074929167557,0.009411802355029586,29,29,0.0,6.0,0.1,1.5,1.0,BWD,0.0199999999999999,0.03
PHASE1__Ma6_Kn0.1_BWD_hphs1.5_Tw1,R0p75,tau_abs,0.27761479960078295,3.919419766094847,6.780560061882794,4.376486027438034,2.4040740344447604,29,29,0.0,6.0,0.1,1.5,1.0,BWD,0.0199999999999999,0.03
PHASE1__Ma6_Kn0.1_FWD_hphs1.5_Tw1,R0p75,Cp,0.07025712450472736,1.9553757708814186,2.45257496245697,2.099082386821595,0.35349257563537506,29,28,1.0,6.0,0.1,1.5,1.0,FWD,0.0199999999999999,0.03
PHASE1__Ma6_Kn0.1_FWD_hphs1.5_Tw1,R0p75,Cq,0.21613819205725898,2.7962934165376643,0.5530867893007966,0.37191063491118176,0.18117615438961482,29,29,0.0,6.0,0.1,1.5,1.0,FWD,0.0199999999999999,0.03
PHASE1__Ma6_Kn0.1_FWD_hphs1.5_Tw1,R0p75,tau_abs,0.31800185511153145,9.104223387957731,1.73797673405745,1.4771262968855223,0.2608504371719276,23,28,5.0,6.0,0.1,1.5,1.0,FWD,0.0199999999999999,0.03
PHASE1__Ma6_Kn0.1_ISO_hphs1.5_Tw1,R0p75,Cp,0.04917776156694049,1.9056278293671707,1.941088311058775,1.8600491259525698,0.08103918510620534,29,29,0.0,6.0,0.1,1.5,1.0,ISO,0.0199999999999999,0.03
PHASE1__Ma6_Kn0.1_ISO_hphs1.5_Tw1,R0p75,Cq,0.08783269473459279,1.3823687283301755,0.4219718895734579,0.3525459806340234,0.06942590893943446,29,29,0.0,6.0,0.1,1.5,1.0,ISO,0.0199999999999999,0.03
PHASE1__Ma6_Kn0.1_ISO_hphs1.5_Tw1,R0p75,tau_abs,0.42062283416618634,4.908648640236211,5.6442007685853985,3.0808700057583973,2.5633307628270012,29,29,0.0,6.0,0.1,1.5,1.0,ISO,0.0199999999999999,0.03
PHASE1__Ma6_Kn0.33_BWD_hphs1.5_Tw1,R0p75,Cp,0.1547739722700316,6.731054196373072,0.6104722158762647,0.6998401194055942,0.08936790352932955,24,28,4.0,6.0,0.33,1.5,1.0,BWD,0.0199999999999999,0.03
PHASE1__Ma6_Kn0.33_BWD_hphs1.5_Tw1,R0p75,Cq,0.1030680341797196,3.747755976493275,0.1741071995388561,0.1929401474141068,0.018832947875250722,29,29,0.0,6.0,0.33,1.5,1.0,BWD,0.0199999999999999,0.03
PHASE1__Ma6_Kn0.33_BWD_hphs1.5_Tw1,R0p75,tau_abs,0.0732413965881163,1.6405709288592394,3.8102873168305824,3.9180336775451847,0.10774636071460231,29,29,0.0,6.0,0.33,1.5,1.0,BWD,0.0199999999999999,0.03
PHASE1__Ma6_Kn0.33_FWD_hphs1.5_Tw1,R0p75,Cp,0.09672332570497788,3.3416534013096153,1.0704930318440726,1.0837046076417653,0.01321157579769272,29,28,1.0,6.0,0.33,1.5,1.0,FWD,0.0199999999999999,0.03
PHASE1__Ma6_Kn0.33_FWD_hphs1.5_Tw1,R0p75,Cq,0.12660185501483243,2.581105127000522,0.3019719036699473,0.29870511694794993,0.0032667867219973723,29,29,0.0,6.0,0.33,1.5,1.0,FWD,0.0199999999999999,0.03
PHASE1__Ma6_Kn0.33_FWD_hphs1.5_Tw1,R0p75,tau_abs,0.37270969491057176,12.163858807464353,0.9095880593378521,1.2306926445140713,0.3211045851762192,21,23,2.0,6.0,0.33,1.5,1.0,FWD,0.0199999999999999,0.03
PHASE1__Ma6_Kn0.33_ISO_hphs1.5_Tw1,R0p75,Cp,0.05882945031410105,2.1633271434722303,0.8552880339081496,0.9068203898344748,0.05153235592632521,29,29,0.0,6.0,0.33,1.5,1.0,ISO,0.0199999999999999,0.03
PHASE1__Ma6_Kn0.33_ISO_hphs1.5_Tw1,R0p75,Cq,0.049304789242570105,1.376626420680696,0.24852413609916824,0.2557536421836123,0.0072295060844440595,29,29,0.0,6.0,0.33,1.5,1.0,ISO,0.0199999999999999,0.03
PHASE1__Ma6_Kn0.33_ISO_hphs1.5_Tw1,R0p75,tau_abs,0.19137685293304202,2.8119755905379877,3.018045543633164,2.852649722552917,0.16539582108024709,29,29,0.0,6.0,0.33,1.5,1.0,ISO,0.0199999999999999,0.03
PHASE1__Ma6_Kn0.8_BWD_hphs1.5_Tw1,R0p75,Cp,0.4039638734770143,16.79934164290016,0.28692135110386213,0.423703830505075,0.13678247940121285,24,28,4.0,6.0,0.8,1.5,1.0,BWD,0.0199999999999999,0.03
PHASE1__Ma6_Kn0.8_BWD_hphs1.5_Tw1,R0p75,Cq,0.319173455204424,11.916859316609576,0.11163164414093354,0.15900245397858337,0.047370809837649824,29,29,0.0,6.0,0.8,1.5,1.0,BWD,0.0199999999999999,0.03
PHASE1__Ma6_Kn0.8_BWD_hphs1.5_Tw1,R0p75,tau_abs,0.2727256877657315,6.585866929585409,2.3508189204615486,3.3065381435345094,0.9557192230729608,29,29,0.0,6.0,0.8,1.5,1.0,BWD,0.0199999999999999,0.03
PHASE1__Ma6_Kn0.8_FWD_hphs1.5_Tw1,R0p75,Cp,0.24097001394055345,8.30825782259536,0.5258980145285392,0.6469806506949414,0.12108263616640214,29,29,0.0,6.0,0.8,1.5,1.0,FWD,0.0199999999999999,0.03
PHASE1__Ma6_Kn0.8_FWD_hphs1.5_Tw1,R0p75,Cq,0.25382618991477074,5.346227072660881,0.177797345808941,0.22107850188898584,0.04328115608004485,29,29,0.0,6.0,0.8,1.5,1.0,FWD,0.0199999999999999,0.03
PHASE1__Ma6_Kn0.8_FWD_hphs1.5_Tw1,R0p75,tau_abs,0.28048068945201815,11.721040859793291,0.6717689679048892,0.9209253927299916,0.24915642482510247,21,22,1.0,6.0,0.8,1.5,1.0,FWD,0.0199999999999999,0.03
PHASE1__Ma6_Kn0.8_ISO_hphs1.5_Tw1,R0p75,Cp,0.16976578263469783,6.36777816371347,0.4375722833376935,0.5204637096157014,0.08289142627800794,29,28,1.0,6.0,0.8,1.5,1.0,ISO,0.0199999999999999,0.03
PHASE1__Ma6_Kn0.8_ISO_hphs1.5_Tw1,R0p75,Cq,0.10970968565099558,2.566732400620441,0.15647429649557942,0.1842512295664376,0.027776933070858184,29,29,0.0,6.0,0.8,1.5,1.0,ISO,0.0199999999999999,0.03
PHASE1__Ma6_Kn0.8_ISO_hphs1.5_Tw1,R0p75,tau_abs,0.32004164364952425,5.931653053569092,1.6973528503234088,2.195633897488167,0.4982810471647581,29,29,0.0,6.0,0.8,1.5,1.0,ISO,0.0199999999999999,0.03
PHASE1__Ma8_Kn0.1_BWD_hphs1.5_Tw1,R0p75,Cp,0.2323646023691307,9.595379224300133,2.8331607269414056,2.2146597510290067,0.6185009759123989,24,29,5.0,8.0,0.1,1.5,1.0,BWD,0.0199999999999999,0.03
PHASE1__Ma8_Kn0.1_BWD_hphs1.5_Tw1,R0p75,Cq,0.19804619567930307,6.264455722014987,0.7817971468709604,0.6998056633776016,0.08199148349335872,29,29,0.0,8.0,0.1,1.5,1.0,BWD,0.0199999999999999,0.03
PHASE1__Ma8_Kn0.1_BWD_hphs1.5_Tw1,R0p75,tau_abs,0.36482359826175104,5.250713189394098,13.353188303689873,7.114192280207932,6.238996023481941,29,29,0.0,8.0,0.1,1.5,1.0,BWD,0.0199999999999999,0.03
PHASE1__Ma8_Kn0.1_FWD_hphs1.5_Tw1,R0p75,Cp,0.2822314879495627,10.061918668485388,4.676719235597958,2.9708034634906744,1.705915772107284,29,28,1.0,8.0,0.1,1.5,1.0,FWD,0.0199999999999999,0.03
PHASE1__Ma8_Kn0.1_FWD_hphs1.5_Tw1,R0p75,Cq,0.28539530352564774,3.1113541667761795,1.569868790261158,0.8718046513611953,0.6980641388999628,29,28,1.0,8.0,0.1,1.5,1.0,FWD,0.0199999999999999,0.03
PHASE1__Ma8_Kn0.1_FWD_hphs1.5_Tw1,R0p75,tau_abs,0.4566203820657798,14.930088668523846,3.8464048091692065,2.3050385008863827,1.5413663082828237,24,27,3.0,8.0,0.1,1.5,1.0,FWD,0.0199999999999999,0.03
PHASE1__Ma8_Kn0.1_ISO_hphs1.5_Tw1,R0p75,Cp,0.16351920631780362,6.606718300595363,3.681442580636097,3.0209875101780024,0.6604550704580947,28,29,1.0,8.0,0.1,1.5,1.0,ISO,0.0199999999999999,0.03
PHASE1__Ma8_Kn0.1_ISO_hphs1.5_Tw1,R0p75,Cq,0.19444534069017155,3.8514723435779437,1.1727709118761507,0.8586694414394728,0.3141014704366779,29,29,0.0,8.0,0.1,1.5,1.0,ISO,0.0199999999999999,0.03
PHASE1__Ma8_Kn0.1_ISO_hphs1.5_Tw1,R0p75,tau_abs,0.4988059864748775,6.122171023642149,11.52976870413713,5.381004015719073,6.148764688418057,29,29,0.0,8.0,0.1,1.5,1.0,ISO,0.0199999999999999,0.03
PHASE1__Ma8_Kn0.33_BWD_hphs1.5_Tw1,R0p75,Cp,0.13344841192444667,5.12223913461021,1.1913212841394143,1.3066734815612109,0.11535219742179659,25,27,2.0,8.0,0.33,1.5,1.0,BWD,0.0199999999999999,0.03
PHASE1__Ma8_Kn0.33_BWD_hphs1.5_Tw1,R0p75,Cq,0.06039345391474773,1.7733562585374176,0.4850144214034094,0.5197925611392746,0.03477813973586524,29,29,0.0,8.0,0.33,1.5,1.0,BWD,0.0199999999999999,0.03
PHASE1__Ma8_Kn0.33_BWD_hphs1.5_Tw1,R0p75,tau_abs,0.1270511016771594,3.177141304276147,7.927034712627416,7.419648276981847,0.5073864356455688,29,29,0.0,8.0,0.33,1.5,1.0,BWD,0.0199999999999999,0.03
PHASE1__Ma8_Kn0.33_FWD_hphs1.5_Tw1,R0p75,Cp,0.08492213447147645,2.925996701481453,2.1247311482438764,2.2133446913686297,0.08861354312475322,29,28,1.0,8.0,0.33,1.5,1.0,FWD,0.0199999999999999,0.03
PHASE1__Ma8_Kn0.33_FWD_hphs1.5_Tw1,R0p75,Cq,0.08373357073956209,1.5485139243392656,0.8706127890846229,0.8028356542391576,0.06777713484546533,29,29,0.0,8.0,0.33,1.5,1.0,FWD,0.0199999999999999,0.03
PHASE1__Ma8_Kn0.33_FWD_hphs1.5_Tw1,R0p75,tau_abs,0.38542111272756857,11.00200356560348,2.0211166402323246,2.481657546678551,0.4605409064462265,21,24,3.0,8.0,0.33,1.5,1.0,FWD,0.0199999999999999,0.03
PHASE1__Ma8_Kn0.33_ISO_hphs1.5_Tw1,R0p75,Cp,0.05566613728207498,1.778023853991056,1.7127566755112738,1.7812491087214715,0.06849243321019771,28,29,1.0,8.0,0.33,1.5,1.0,ISO,0.0199999999999999,0.03
PHASE1__Ma8_Kn0.33_ISO_hphs1.5_Tw1,R0p75,Cq,0.036645846012765534,1.0131813888966088,0.7197337052678761,0.6950319670594688,0.024701738208407265,29,29,0.0,8.0,0.33,1.5,1.0,ISO,0.0199999999999999,0.03
PHASE1__Ma8_Kn0.33_ISO_hphs1.5_Tw1,R0p75,tau_abs,0.20238369375867743,3.077042663624914,6.600432423409849,6.563238513591951,0.03719390981789772,29,29,0.0,8.0,0.33,1.5,1.0,ISO,0.0199999999999999,0.03
PHASE1__Ma8_Kn0.8_BWD_hphs1.5_Tw1,R0p75,Cp,0.3490982739046264,14.629946987608724,0.5658899669083529,0.8134164269816014,0.24752646007324852,25,28,3.0,8.0,0.8,1.5,1.0,BWD,0.0199999999999999,0.03
PHASE1__Ma8_Kn0.8_BWD_hphs1.5_Tw1,R0p75,Cq,0.19674253904577052,7.327029015029436,0.3021254864506323,0.3899700523497629,0.08784456589913059,29,28,1.0,8.0,0.8,1.5,1.0,BWD,0.0199999999999999,0.03
PHASE1__Ma8_Kn0.8_BWD_hphs1.5_Tw1,R0p75,tau_abs,0.15040314691114626,4.2791868974228935,4.837840749115249,5.481981992788239,0.6441412436729905,29,28,1.0,8.0,0.8,1.5,1.0,BWD,0.0199999999999999,0.03
PHASE1__Ma8_Kn0.8_FWD_hphs1.5_Tw1,R0p75,Cp,0.12206234959730311,3.7539499464578485,1.0355485472914951,1.162356212411825,0.12680766512032982,29,28,1.0,8.0,0.8,1.5,1.0,FWD,0.0199999999999999,0.03
PHASE1__Ma8_Kn0.8_FWD_hphs1.5_Tw1,R0p75,Cq,0.13743499412960306,3.24762515423276,0.49284394357708305,0.5492015819525072,0.05635763837542418,29,29,0.0,8.0,0.8,1.5,1.0,FWD,0.0199999999999999,0.03
PHASE1__Ma8_Kn0.8_FWD_hphs1.5_Tw1,R0p75,tau_abs,0.27019990901653845,12.771208359903415,1.4460564477308624,1.7873667172025876,0.34131026947172516,21,23,2.0,8.0,0.8,1.5,1.0,FWD,0.0199999999999999,0.03
PHASE1__Ma8_Kn0.8_ISO_hphs1.5_Tw1,R0p75,Cp,0.0737958056687356,2.2239160747264606,0.8653978369199925,0.9168020433339941,0.05140420641400156,29,29,0.0,8.0,0.8,1.5,1.0,ISO,0.0199999999999999,0.03
PHASE1__Ma8_Kn0.8_ISO_hphs1.5_Tw1,R0p75,Cq,0.054011844179324954,1.7494098547733108,0.43211155273993584,0.45327443629179787,0.021162883551862022,29,29,0.0,8.0,0.8,1.5,1.0,ISO,0.0199999999999999,0.03
PHASE1__Ma8_Kn0.8_ISO_hphs1.5_Tw1,R0p75,tau_abs,0.2479844151719819,4.368300448540668,3.676242648275546,4.258306930346608,0.582064282071062,29,29,0.0,8.0,0.8,1.5,1.0,ISO,0.0199999999999999,0.03
PHASE1__Ma4_Kn0.1_BWD_hphs1.5_Tw1,R1,Cp,0.1472140398025279,6.398661729356338,0.701968411026339,0.7949184196076107,0.09295000858127167,22,0,22.0,4.0,0.1,1.5,1.0,BWD,0.0199999999999999,0.03
PHASE1__Ma4_Kn0.1_BWD_hphs1.5_Tw1,R1,Cq,0.10653659047611048,3.498952781436149,0.07402977996733523,0.07562402718610065,0.0015942472187654155,29,29,0.0,4.0,0.1,1.5,1.0,BWD,0.0199999999999999,0.03
PHASE1__Ma4_Kn0.1_BWD_hphs1.5_Tw1,R1,tau_abs,0.3499845917800696,4.949701445124625,2.8424561232849315,1.6187612847935722,1.2236948384913593,29,29,0.0,4.0,0.1,1.5,1.0,BWD,0.0199999999999999,0.03
PHASE1__Ma4_Kn0.1_FWD_hphs1.5_Tw1,R1,Cp,0.13916996452406272,5.5816910343157,1.076309885415225,0.9898907013283752,0.0864191840868499,29,28,1.0,4.0,0.1,1.5,1.0,FWD,0.0199999999999999,0.03
PHASE1__Ma4_Kn0.1_FWD_hphs1.5_Tw1,R1,Cq,0.2819981356958065,5.920706119087774,0.13179674328075505,0.09388700341968989,0.03790973986106516,29,29,0.0,4.0,0.1,1.5,1.0,FWD,0.0199999999999999,0.03
PHASE1__Ma4_Kn0.1_FWD_hphs1.5_Tw1,R1,tau_abs,0.4519600535671394,14.068894110781219,0.5220490347180042,0.7091415287016924,0.1870924939836882,22,29,7.0,4.0,0.1,1.5,1.0,FWD,0.0199999999999999,0.03
PHASE1__Ma4_Kn0.1_ISO_hphs1.5_Tw1,R1,Cp,0.07735286775618155,3.066119210744467,0.8634403015328955,0.8922977990901373,0.028857497557241762,29,29,0.0,4.0,0.1,1.5,1.0,ISO,0.0199999999999999,0.03
PHASE1__Ma4_Kn0.1_ISO_hphs1.5_Tw1,R1,Cq,0.11816680773861253,3.0898086053065517,0.10494855343224858,0.08806633169190148,0.016882221740347106,29,29,0.0,4.0,0.1,1.5,1.0,ISO,0.0199999999999999,0.03
PHASE1__Ma4_Kn0.1_ISO_hphs1.5_Tw1,R1,tau_abs,0.47588075313725253,5.102343747758393,2.273624827624162,1.047709656017017,1.225915171607145,29,29,0.0,4.0,0.1,1.5,1.0,ISO,0.0199999999999999,0.03
PHASE1__Ma4_Kn0.33_BWD_hphs1.5_Tw1,R1,Cp,0.2939735321155332,12.998808303079556,0.2502652620340223,0.3263743033420263,0.076109041308004,20,21,1.0,4.0,0.33,1.5,1.0,BWD,0.0199999999999999,0.03
PHASE1__Ma4_Kn0.33_BWD_hphs1.5_Tw1,R1,Cq,0.08495390870008633,2.911206589191807,0.042792962160753234,0.04569921439115628,0.002906252230403049,29,29,0.0,4.0,0.33,1.5,1.0,BWD,0.0199999999999999,0.03
PHASE1__Ma4_Kn0.33_BWD_hphs1.5_Tw1,R1,tau_abs,0.07899255204081299,1.717300930421078,1.4231513920872931,1.3977171132155728,0.02543427887172034,29,29,0.0,4.0,0.33,1.5,1.0,BWD,0.0199999999999999,0.03
PHASE1__Ma4_Kn0.33_FWD_hphs1.5_Tw1,R1,Cp,0.3340121313832097,12.50670857774856,0.42600671825000297,0.4760528644481942,0.050046146198191255,29,28,1.0,4.0,0.33,1.5,1.0,FWD,0.0199999999999999,0.03
PHASE1__Ma4_Kn0.33_FWD_hphs1.5_Tw1,R1,Cq,0.18267472507801816,5.087327083477179,0.06827426526116272,0.06364763574723362,0.004626629513929101,29,29,0.0,4.0,0.33,1.5,1.0,FWD,0.0199999999999999,0.03
PHASE1__Ma4_Kn0.33_FWD_hphs1.5_Tw1,R1,tau_abs,0.530337398328519,24.364464189721815,0.28509087337768285,0.4773494962331584,0.19225862285547557,21,29,8.0,4.0,0.33,1.5,1.0,FWD,0.0199999999999999,0.03
PHASE1__Ma4_Kn0.33_ISO_hphs1.5_Tw1,R1,Cp,0.10382807551881652,4.185658063039236,0.345417588150757,0.3589778498094821,0.013560261658725092,29,29,0.0,4.0,0.33,1.5,1.0,ISO,0.0199999999999999,0.03
PHASE1__Ma4_Kn0.33_ISO_hphs1.5_Tw1,R1,Cq,0.06509272435076684,2.1675083735220855,0.05883884313695097,0.0585181299886083,0.00032071314834267173,29,29,0.0,4.0,0.33,1.5,1.0,ISO,0.0199999999999999,0.03
PHASE1__Ma4_Kn0.33_ISO_hphs1.5_Tw1,R1,tau_abs,0.17627819497324412,2.955623248862554,1.0448997068221428,1.0041151242138615,0.04078458260828133,29,29,0.0,4.0,0.33,1.5,1.0,ISO,0.0199999999999999,0.03
PHASE1__Ma4_Kn0.8_BWD_hphs1.5_Tw1,R1,Cp,0.7648636257170288,30.179416168151867,0.10920129741117635,0.19796463373372147,0.08876333632254513,23,21,2.0,4.0,0.8,1.5,1.0,BWD,0.0199999999999999,0.03
PHASE1__Ma4_Kn0.8_BWD_hphs1.5_Tw1,R1,Cq,0.420016485777212,17.0400746467215,0.028336534978995263,0.04080853718334021,0.012472002204344947,29,29,0.0,4.0,0.8,1.5,1.0,BWD,0.0199999999999999,0.03
PHASE1__Ma4_Kn0.8_BWD_hphs1.5_Tw1,R1,tau_abs,0.36730191695101766,8.88180802761276,0.8718923596878229,1.2617707613640718,0.389878401676249,29,29,0.0,4.0,0.8,1.5,1.0,BWD,0.0199999999999999,0.03
PHASE1__Ma4_Kn0.8_FWD_hphs1.5_Tw1,R1,Cp,0.5334077299234046,18.294184676244118,0.20061819998860883,0.2751826320238217,0.07456443203521287,29,29,0.0,4.0,0.8,1.5,1.0,FWD,0.0199999999999999,0.03
PHASE1__Ma4_Kn0.8_FWD_hphs1.5_Tw1,R1,Cq,0.2869369351904961,8.167011908653325,0.04202824789859222,0.05348307102295226,0.011454823124360039,29,29,0.0,4.0,0.8,1.5,1.0,FWD,0.0199999999999999,0.03
PHASE1__Ma4_Kn0.8_FWD_hphs1.5_Tw1,R1,tau_abs,0.24030397334051842,13.414037728265097,0.24910956109985022,0.32305311487625255,0.07394355377640233,22,29,7.0,4.0,0.8,1.5,1.0,FWD,0.0199999999999999,0.03
PHASE1__Ma4_Kn0.8_ISO_hphs1.5_Tw1,R1,Cp,0.29578283323217347,10.280174745181727,0.16848922123804277,0.19807963207035365,0.02959041083231087,29,29,0.0,4.0,0.8,1.5,1.0,ISO,0.0199999999999999,0.03
PHASE1__Ma4_Kn0.8_ISO_hphs1.5_Tw1,R1,Cq,0.1464340416282344,4.91857812676948,0.038271549090210445,0.044078148580936234,0.005806599490725789,29,29,0.0,4.0,0.8,1.5,1.0,ISO,0.0199999999999999,0.03
PHASE1__Ma4_Kn0.8_ISO_hphs1.5_Tw1,R1,tau_abs,0.43367270862513446,8.225059610778871,0.5748536957704977,0.8190283044474388,0.24417460867694107,29,29,0.0,4.0,0.8,1.5,1.0,ISO,0.0199999999999999,0.03
PHASE1__Ma6_Kn0.1_BWD_hphs1.5_Tw1,R1,Cp,0.07345146144362823,2.73633413196959,1.5339085610781122,1.5188736246245829,0.01503493645352938,23,29,6.0,6.0,0.1,1.5,1.0,BWD,0.0199999999999999,0.03
PHASE1__Ma6_Kn0.1_BWD_hphs1.5_Tw1,R1,Cq,0.10058186311779345,3.19958038756302,0.2874192952717853,0.27649156902933764,0.010927726242447644,29,29,0.0,6.0,0.1,1.5,1.0,BWD,0.0199999999999999,0.03
PHASE1__Ma6_Kn0.1_BWD_hphs1.5_Tw1,R1,tau_abs,0.3021649116841699,4.286702410688557,6.780560061882794,4.16328136558359,2.6172786962992047,29,29,0.0,6.0,0.1,1.5,1.0,BWD,0.0199999999999999,0.03
PHASE1__Ma6_Kn0.1_FWD_hphs1.5_Tw1,R1,Cp,0.0937892327805237,2.8139464163835446,2.45257496245697,2.045148578803565,0.4074263836534051,29,28,1.0,6.0,0.1,1.5,1.0,FWD,0.0199999999999999,0.03
PHASE1__Ma6_Kn0.1_FWD_hphs1.5_Tw1,R1,Cq,0.24866150342715598,3.3841613472746372,0.5530867893007966,0.34932004029923813,0.20376674900155844,29,29,0.0,6.0,0.1,1.5,1.0,FWD,0.0199999999999999,0.03
PHASE1__Ma6_Kn0.1_FWD_hphs1.5_Tw1,R1,tau_abs,0.34823791243493807,10.856317040727617,1.73797673405745,1.4953184653422176,0.24265826871523233,23,28,5.0,6.0,0.1,1.5,1.0,FWD,0.0199999999999999,0.03
PHASE1__Ma6_Kn0.1_ISO_hphs1.5_Tw1,R1,Cp,0.05134118082128606,1.585426842248511,1.941088311058775,1.8118896790296084,0.1291986320291667,29,29,0.0,6.0,0.1,1.5,1.0,ISO,0.0199999999999999,0.03
PHASE1__Ma6_Kn0.1_ISO_hphs1.5_Tw1,R1,Cq,0.10344756571669264,1.9554303132355861,0.4219718895734579,0.3567763543252136,0.06519553524824429,29,29,0.0,6.0,0.1,1.5,1.0,ISO,0.0199999999999999,0.03
PHASE1__Ma6_Kn0.1_ISO_hphs1.5_Tw1,R1,tau_abs,0.4009205958382636,4.7128352027807034,5.6442007685853985,3.2646391763028824,2.379561592282516,29,29,0.0,6.0,0.1,1.5,1.0,ISO,0.0199999999999999,0.03
PHASE1__Ma6_Kn0.33_BWD_hphs1.5_Tw1,R1,Cp,0.19733690113195385,8.625181767323996,0.6104722158762647,0.7378068569515499,0.12733464107528525,24,26,2.0,6.0,0.33,1.5,1.0,BWD,0.0199999999999999,0.03
PHASE1__Ma6_Kn0.33_BWD_hphs1.5_Tw1,R1,Cq,0.0801081947784113,2.867860654874755,0.1741071995388561,0.19057156259460084,0.016464363055744752,29,29,0.0,6.0,0.33,1.5,1.0,BWD,0.0199999999999999,0.03
PHASE1__Ma6_Kn0.33_BWD_hphs1.5_Tw1,R1,tau_abs,0.09635069509049644,2.29541336707126,3.8102873168305824,3.607130661213254,0.20315665561732832,29,29,0.0,6.0,0.33,1.5,1.0,BWD,0.0199999999999999,0.03
PHASE1__Ma6_Kn0.33_FWD_hphs1.5_Tw1,R1,Cp,0.11564180506428785,3.9695965077470836,1.0704930318440726,1.0677796171046123,0.002713414739460296,29,28,1.0,6.0,0.33,1.5,1.0,FWD,0.0199999999999999,0.03
PHASE1__Ma6_Kn0.33_FWD_hphs1.5_Tw1,R1,Cq,0.13648224908632484,2.8593000018206096,0.3019719036699473,0.2675070946352148,0.03446480903473248,29,29,0.0,6.0,0.33,1.5,1.0,FWD,0.0199999999999999,0.03
PHASE1__Ma6_Kn0.33_FWD_hphs1.5_Tw1,R1,tau_abs,0.3329437304168737,11.156488219726498,0.9095880593378521,1.117871304903744,0.20828324556589195,21,24,3.0,6.0,0.33,1.5,1.0,FWD,0.0199999999999999,0.03
PHASE1__Ma6_Kn0.33_ISO_hphs1.5_Tw1,R1,Cp,0.06873718855004832,2.685265652011211,0.8552880339081496,0.8944696370241925,0.03918160311604291,29,29,0.0,6.0,0.33,1.5,1.0,ISO,0.0199999999999999,0.03
PHASE1__Ma6_Kn0.33_ISO_hphs1.5_Tw1,R1,Cq,0.03516031610950029,0.9610277982100028,0.24852413609916824,0.2477292274653716,0.0007949086337966371,29,29,0.0,6.0,0.33,1.5,1.0,ISO,0.0199999999999999,0.03
PHASE1__Ma6_Kn0.33_ISO_hphs1.5_Tw1,R1,tau_abs,0.19819688865788151,3.1385467097430797,3.018045543633164,2.8229359305382986,0.19510961309486552,29,29,0.0,6.0,0.33,1.5,1.0,ISO,0.0199999999999999,0.03
PHASE1__Ma6_Kn0.8_BWD_hphs1.5_Tw1,R1,Cp,0.40089673157064065,16.668320248076007,0.28692135110386213,0.43418492991989605,0.1472635788160339,24,29,5.0,6.0,0.8,1.5,1.0,BWD,0.0199999999999999,0.03
PHASE1__Ma6_Kn0.8_BWD_hphs1.5_Tw1,R1,Cq,0.31007749694901143,11.825555967412031,0.11163164414093354,0.15195525771383053,0.04032361357289699,29,29,0.0,6.0,0.8,1.5,1.0,BWD,0.0199999999999999,0.03
PHASE1__Ma6_Kn0.8_BWD_hphs1.5_Tw1,R1,tau_abs,0.23457266925190853,5.577017706214507,2.3508189204615486,3.1824660579042576,0.831647137442709,29,29,0.0,6.0,0.8,1.5,1.0,BWD,0.0199999999999999,0.03
PHASE1__Ma6_Kn0.8_FWD_hphs1.5_Tw1,R1,Cp,0.2363929739265668,8.187995446166367,0.5258980145285392,0.6168320486956731,0.09093403416713386,29,29,0.0,6.0,0.8,1.5,1.0,FWD,0.0199999999999999,0.03
PHASE1__Ma6_Kn0.8_FWD_hphs1.5_Tw1,R1,Cq,0.18830080308982675,4.312564691263332,0.177797345808941,0.2040150570788846,0.0262177112699436,29,29,0.0,6.0,0.8,1.5,1.0,FWD,0.0199999999999999,0.03
PHASE1__Ma6_Kn0.8_FWD_hphs1.5_Tw1,R1,tau_abs,0.28525305243061055,12.333852218292135,0.6717689679048892,1.0121682282408453,0.34039926033595613,21,29,8.0,6.0,0.8,1.5,1.0,FWD,0.0199999999999999,0.03
PHASE1__Ma6_Kn0.8_ISO_hphs1.5_Tw1,R1,Cp,0.15281850013058887,5.871133750968921,0.4375722833376935,0.5092317560207889,0.07165947268309536,29,29,0.0,6.0,0.8,1.5,1.0,ISO,0.0199999999999999,0.03
PHASE1__Ma6_Kn0.8_ISO_hphs1.5_Tw1,R1,Cq,0.12279860700212998,3.2987035905137474,0.15647429649557942,0.18252231076332415,0.026048014267744724,29,29,0.0,6.0,0.8,1.5,1.0,ISO,0.0199999999999999,0.03
PHASE1__Ma6_Kn0.8_ISO_hphs1.5_Tw1,R1,tau_abs,0.3052677629166377,5.820349675098844,1.6973528503234088,2.072142659686054,0.3747898093626454,29,29,0.0,6.0,0.8,1.5,1.0,ISO,0.0199999999999999,0.03
PHASE1__Ma8_Kn0.1_BWD_hphs1.5_Tw1,R1,Cp,0.22173546939108407,8.973042716796751,2.8331607269414056,2.3130228220175884,0.5201379049238173,24,29,5.0,8.0,0.1,1.5,1.0,BWD,0.0199999999999999,0.03
PHASE1__Ma8_Kn0.1_BWD_hphs1.5_Tw1,R1,Cq,0.21010392346971213,6.836597453932458,0.7817971468709604,0.7245005683362689,0.0572965785346915,29,29,0.0,8.0,0.1,1.5,1.0,BWD,0.0199999999999999,0.03
PHASE1__Ma8_Kn0.1_BWD_hphs1.5_Tw1,R1,tau_abs,0.36661966989488176,5.4809686318215975,13.353188303689873,6.961644652083187,6.3915436516066855,29,29,0.0,8.0,0.1,1.5,1.0,BWD,0.0199999999999999,0.03
PHASE1__Ma8_Kn0.1_FWD_hphs1.5_Tw1,R1,Cp,0.276780988930156,9.979460244572186,4.676719235597958,2.9677212842755,1.7089979513224582,29,28,1.0,8.0,0.1,1.5,1.0,FWD,0.0199999999999999,0.03
PHASE1__Ma8_Kn0.1_FWD_hphs1.5_Tw1,R1,Cq,0.298278504126355,3.6359917631069285,1.569868790261158,0.848600840776349,0.7212679494848091,29,28,1.0,8.0,0.1,1.5,1.0,FWD,0.0199999999999999,0.03
PHASE1__Ma8_Kn0.1_FWD_hphs1.5_Tw1,R1,tau_abs,0.47451365785351407,15.485629972018769,3.8464048091692065,2.8162134019549057,1.0301914072143008,24,29,5.0,8.0,0.1,1.5,1.0,FWD,0.0199999999999999,0.03
PHASE1__Ma8_Kn0.1_ISO_hphs1.5_Tw1,R1,Cp,0.1551833004916466,6.338867443723468,3.681442580636097,3.0580552856273964,0.6233872950087007,28,29,1.0,8.0,0.1,1.5,1.0,ISO,0.0199999999999999,0.03
PHASE1__Ma8_Kn0.1_ISO_hphs1.5_Tw1,R1,Cq,0.18170402952201936,3.6842441364926115,1.1727709118761507,0.8831161517463377,0.28965476012981295,29,29,0.0,8.0,0.1,1.5,1.0,ISO,0.0199999999999999,0.03
PHASE1__Ma8_Kn0.1_ISO_hphs1.5_Tw1,R1,tau_abs,0.4650364106677673,5.988403726572121,11.52976870413713,5.968812107777498,5.560956596359632,29,29,0.0,8.0,0.1,1.5,1.0,ISO,0.0199999999999999,0.03
PHASE1__Ma8_Kn0.33_BWD_hphs1.5_Tw1,R1,Cp,0.1605989848271976,6.547299138581549,1.1913212841394143,1.396312107958615,0.20499082381920064,25,29,4.0,8.0,0.33,1.5,1.0,BWD,0.0199999999999999,0.03
PHASE1__Ma8_Kn0.33_BWD_hphs1.5_Tw1,R1,Cq,0.05440892412076442,1.4107218331325138,0.4850144214034094,0.5170539882906252,0.03203956688721582,29,29,0.0,8.0,0.33,1.5,1.0,BWD,0.0199999999999999,0.03
PHASE1__Ma8_Kn0.33_BWD_hphs1.5_Tw1,R1,tau_abs,0.15891695099235045,4.107108064975474,7.927034712627416,7.104123651487341,0.8229110611400747,29,29,0.0,8.0,0.33,1.5,1.0,BWD,0.0199999999999999,0.03
PHASE1__Ma8_Kn0.33_FWD_hphs1.5_Tw1,R1,Cp,0.06618939899315933,2.4315883076207028,2.1247311482438764,2.013420044354903,0.11131110388897358,29,28,1.0,8.0,0.33,1.5,1.0,FWD,0.0199999999999999,0.03
PHASE1__Ma8_Kn0.33_FWD_hphs1.5_Tw1,R1,Cq,0.11802267694151046,2.022961424944433,0.8706127890846229,0.7434753390834384,0.12713745000118448,29,28,1.0,8.0,0.33,1.5,1.0,FWD,0.0199999999999999,0.03
PHASE1__Ma8_Kn0.33_FWD_hphs1.5_Tw1,R1,tau_abs,0.416610740647587,11.124784284952135,2.0211166402323246,2.691452859707043,0.6703362194747182,21,29,8.0,8.0,0.33,1.5,1.0,FWD,0.0199999999999999,0.03
PHASE1__Ma8_Kn0.33_ISO_hphs1.5_Tw1,R1,Cp,0.046326046923173415,1.7179014992117185,1.7127566755112738,1.6442253509221083,0.06853132458916544,28,29,1.0,8.0,0.33,1.5,1.0,ISO,0.0199999999999999,0.03
PHASE1__Ma8_Kn0.33_ISO_hphs1.5_Tw1,R1,Cq,0.05904862463294672,1.5094792885768742,0.7197337052678761,0.698068708373578,0.021664996894298016,29,29,0.0,8.0,0.33,1.5,1.0,ISO,0.0199999999999999,0.03
PHASE1__Ma8_Kn0.33_ISO_hphs1.5_Tw1,R1,tau_abs,0.2250049564882675,3.8547887800485032,6.600432423409849,5.830715644478645,0.7697167789312038,29,29,0.0,8.0,0.33,1.5,1.0,ISO,0.0199999999999999,0.03
PHASE1__Ma8_Kn0.8_BWD_hphs1.5_Tw1,R1,Cp,0.3640374400316601,15.323903238470148,0.5658899669083529,0.8165169026339258,0.25062693572557293,25,28,3.0,8.0,0.8,1.5,1.0,BWD,0.0199999999999999,0.03
PHASE1__Ma8_Kn0.8_BWD_hphs1.5_Tw1,R1,Cq,0.23803243159539056,8.874282409890839,0.3021254864506323,0.40472920299582044,0.10260371654518813,29,28,1.0,8.0,0.8,1.5,1.0,BWD,0.0199999999999999,0.03
PHASE1__Ma8_Kn0.8_BWD_hphs1.5_Tw1,R1,tau_abs,0.18049849997933007,4.83924051157601,4.837840749115249,5.929730322541805,1.0918895734265561,29,28,1.0,8.0,0.8,1.5,1.0,BWD,0.0199999999999999,0.03
PHASE1__Ma8_Kn0.8_FWD_hphs1.5_Tw1,R1,Cp,0.15190445799821237,5.440190637178012,1.0355485472914951,1.1560103209440629,0.12046177365256772,29,28,1.0,8.0,0.8,1.5,1.0,FWD,0.0199999999999999,0.03
PHASE1__Ma8_Kn0.8_FWD_hphs1.5_Tw1,R1,Cq,0.1512422134844608,3.5888359379674175,0.49284394357708305,0.542366488150408,0.049522544573324945,29,29,0.0,8.0,0.8,1.5,1.0,FWD,0.0199999999999999,0.03
PHASE1__Ma8_Kn0.8_FWD_hphs1.5_Tw1,R1,tau_abs,0.30209096694229615,14.370772846932915,1.4460564477308624,1.825472624670717,0.3794161769398545,21,23,2.0,8.0,0.8,1.5,1.0,FWD,0.0199999999999999,0.03
PHASE1__Ma8_Kn0.8_ISO_hphs1.5_Tw1,R1,Cp,0.07310759993028702,2.380581184954714,0.8653978369199925,0.9352190081734552,0.06982117125346265,29,29,0.0,8.0,0.8,1.5,1.0,ISO,0.0199999999999999,0.03
PHASE1__Ma8_Kn0.8_ISO_hphs1.5_Tw1,R1,Cq,0.06788851485216929,2.0361465820969844,0.43211155273993584,0.4639629722528638,0.03185141951292797,29,29,0.0,8.0,0.8,1.5,1.0,ISO,0.0199999999999999,0.03
PHASE1__Ma8_Kn0.8_ISO_hphs1.5_Tw1,R1,tau_abs,0.24898232532329503,4.708645359269595,3.676242648275546,4.200014962786793,0.523772314511247,29,29,0.0,8.0,0.8,1.5,1.0,ISO,0.0199999999999999,0.03
PHASE1__Ma4_Kn0.1_BWD_hphs1.5_Tw1,R1p50,Cp,0.1421629620474685,6.088443733099468,0.701968411026339,0.7993895113136299,0.0974211002872909,22,29,7.0,4.0,0.1,1.5,1.0,BWD,0.0199999999999999,0.03
PHASE1__Ma4_Kn0.1_BWD_hphs1.5_Tw1,R1p50,Cq,0.1019400948981201,3.096853045513543,0.07402977996733523,0.07965893294336127,0.005629152976026036,29,29,0.0,4.0,0.1,1.5,1.0,BWD,0.0199999999999999,0.03
PHASE1__Ma4_Kn0.1_BWD_hphs1.5_Tw1,R1p50,tau_abs,0.36677689878562353,5.137790425777719,2.8424561232849315,1.5337280951019583,1.3087280281829732,29,29,0.0,4.0,0.1,1.5,1.0,BWD,0.0199999999999999,0.03
PHASE1__Ma4_Kn0.1_FWD_hphs1.5_Tw1,R1p50,Cp,0.12478001029099679,5.24216799729936,1.076309885415225,1.0230816419327944,0.053228243482430715,29,28,1.0,4.0,0.1,1.5,1.0,FWD,0.0199999999999999,0.03
PHASE1__Ma4_Kn0.1_FWD_hphs1.5_Tw1,R1p50,Cq,0.27184954557454927,5.449380941952056,0.13179674328075505,0.09262602641071971,0.039170716870035344,29,29,0.0,4.0,0.1,1.5,1.0,FWD,0.0199999999999999,0.03
PHASE1__Ma4_Kn0.1_FWD_hphs1.5_Tw1,R1p50,tau_abs,0.4934499104129738,15.742173514027465,0.5220490347180042,0.7959394629252436,0.2738904282072394,22,29,7.0,4.0,0.1,1.5,1.0,FWD,0.0199999999999999,0.03
PHASE1__Ma4_Kn0.1_ISO_hphs1.5_Tw1,R1p50,Cp,0.04696098862916037,1.96617085418783,0.8634403015328955,0.8566952216683674,0.006745079864528103,29,28,1.0,4.0,0.1,1.5,1.0,ISO,0.0199999999999999,0.03
PHASE1__Ma4_Kn0.1_ISO_hphs1.5_Tw1,R1p50,Cq,0.11519849988002487,2.615492446900142,0.10494855343224858,0.08632895726595075,0.01861959616629784,29,29,0.0,4.0,0.1,1.5,1.0,ISO,0.0199999999999999,0.03
PHASE1__Ma4_Kn0.1_ISO_hphs1.5_Tw1,R1p50,tau_abs,0.4647278978676068,5.447925548951546,2.273624827624162,1.1052263168492031,1.1683985107749588,29,29,0.0,4.0,0.1,1.5,1.0,ISO,0.0199999999999999,0.03
PHASE1__Ma4_Kn0.33_BWD_hphs1.5_Tw1,R1p50,Cp,0.28629578187261334,13.07017562913485,0.2502652620340223,0.3184549295239272,0.0681896674899049,20,29,9.0,4.0,0.33,1.5,1.0,BWD,0.0199999999999999,0.03
PHASE1__Ma4_Kn0.33_BWD_hphs1.5_Tw1,R1p50,Cq,0.07700512365368663,2.424058188462531,0.042792962160753234,0.04592237649671156,0.0031294143359583276,29,29,0.0,4.0,0.33,1.5,1.0,BWD,0.0199999999999999,0.03
PHASE1__Ma4_Kn0.33_BWD_hphs1.5_Tw1,R1p50,tau_abs,0.0968222540616595,2.306638001456223,1.4231513920872931,1.37016116580292,0.05299022628437311,29,29,0.0,4.0,0.33,1.5,1.0,BWD,0.0199999999999999,0.03
PHASE1__Ma4_Kn0.33_FWD_hphs1.5_Tw1,R1p50,Cp,0.2446453257173997,9.248490385316147,0.42600671825000297,0.4567648520294048,0.03075813377940184,29,28,1.0,4.0,0.33,1.5,1.0,FWD,0.0199999999999999,0.03
PHASE1__Ma4_Kn0.33_FWD_hphs1.5_Tw1,R1p50,Cq,0.15297577658670952,4.175296848612739,0.06827426526116272,0.0610777929820546,0.007196472279108114,29,29,0.0,4.0,0.33,1.5,1.0,FWD,0.0199999999999999,0.03
PHASE1__Ma4_Kn0.33_FWD_hphs1.5_Tw1,R1p50,tau_abs,0.47658951905099,19.61713282288085,0.28509087337768285,0.48998954056247124,0.20489866718478839,21,29,8.0,4.0,0.33,1.5,1.0,FWD,0.0199999999999999,0.03
PHASE1__Ma4_Kn0.33_ISO_hphs1.5_Tw1,R1p50,Cp,0.06009302827930961,1.8855338365057475,0.345417588150757,0.34253573063355486,0.0028818575172021577,29,29,0.0,4.0,0.33,1.5,1.0,ISO,0.0199999999999999,0.03
PHASE1__Ma4_Kn0.33_ISO_hphs1.5_Tw1,R1p50,Cq,0.044227647140548505,1.3901684540360735,0.05883884313695097,0.054954689519959056,0.003884153616991917,29,29,0.0,4.0,0.33,1.5,1.0,ISO,0.0199999999999999,0.03
PHASE1__Ma4_Kn0.33_ISO_hphs1.5_Tw1,R1p50,tau_abs,0.23146022030752644,3.902136137962316,1.0448997068221428,0.8662106132366356,0.17868909358550722,29,29,0.0,4.0,0.33,1.5,1.0,ISO,0.0199999999999999,0.03
PHASE1__Ma4_Kn0.8_BWD_hphs1.5_Tw1,R1p50,Cp,0.713731104310498,28.413955502818524,0.10920129741117635,0.19415792074948107,0.08495662333830473,23,29,6.0,4.0,0.8,1.5,1.0,BWD,0.0199999999999999,0.03
PHASE1__Ma4_Kn0.8_BWD_hphs1.5_Tw1,R1p50,Cq,0.4201862985722029,17.132142549258706,0.028336534978995263,0.0412683531608039,0.012931818181808635,29,29,0.0,4.0,0.8,1.5,1.0,BWD,0.0199999999999999,0.03
PHASE1__Ma4_Kn0.8_BWD_hphs1.5_Tw1,R1p50,tau_abs,0.3135484320726183,7.393573609867909,0.8718923596878229,1.2070147316815216,0.33512237199369876,29,29,0.0,4.0,0.8,1.5,1.0,BWD,0.0199999999999999,0.03
PHASE1__Ma4_Kn0.8_FWD_hphs1.5_Tw1,R1p50,Cp,0.4739125616788637,16.292289745292287,0.20061819998860883,0.25355809921589995,0.052939899227291115,29,29,0.0,4.0,0.8,1.5,1.0,FWD,0.0199999999999999,0.03
PHASE1__Ma4_Kn0.8_FWD_hphs1.5_Tw1,R1p50,Cq,0.20861386083720307,6.59553480083548,0.04202824789859222,0.047325939983421605,0.005297692084829386,29,29,0.0,4.0,0.8,1.5,1.0,FWD,0.0199999999999999,0.03
PHASE1__Ma4_Kn0.8_FWD_hphs1.5_Tw1,R1p50,tau_abs,0.2362673876545434,13.573928306554663,0.24910956109985022,0.35145631424127416,0.10234675314142394,22,29,7.0,4.0,0.8,1.5,1.0,FWD,0.0199999999999999,0.03
PHASE1__Ma4_Kn0.8_ISO_hphs1.5_Tw1,R1p50,Cp,0.23221580321783816,8.513693123283813,0.16848922123804277,0.19715502814244096,0.028665806904398183,29,29,0.0,4.0,0.8,1.5,1.0,ISO,0.0199999999999999,0.03
PHASE1__Ma4_Kn0.8_ISO_hphs1.5_Tw1,R1p50,Cq,0.10034511995488261,3.5344046042611446,0.038271549090210445,0.042382791359906344,0.004111242269695899,29,29,0.0,4.0,0.8,1.5,1.0,ISO,0.0199999999999999,0.03
PHASE1__Ma4_Kn0.8_ISO_hphs1.5_Tw1,R1p50,tau_abs,0.41322505808164767,7.666863334293429,0.5748536957704977,0.7979015022874512,0.22304780651695344,29,29,0.0,4.0,0.8,1.5,1.0,ISO,0.0199999999999999,0.03
PHASE1__Ma6_Kn0.1_BWD_hphs1.5_Tw1,R1p50,Cp,0.06437706336316135,2.0969217676760348,1.5339085610781122,1.5275492473734718,0.00635931370464049,23,26,3.0,6.0,0.1,1.5,1.0,BWD,0.0199999999999999,0.03
PHASE1__Ma6_Kn0.1_BWD_hphs1.5_Tw1,R1p50,Cq,0.08565860306009268,2.482515730900679,0.2874192952717853,0.3080551268218287,0.020635831550043393,29,29,0.0,6.0,0.1,1.5,1.0,BWD,0.0199999999999999,0.03
PHASE1__Ma6_Kn0.1_BWD_hphs1.5_Tw1,R1p50,tau_abs,0.291704469920228,4.490516740311007,6.780560061882794,4.377106903656682,2.403453158226112,29,29,0.0,6.0,0.1,1.5,1.0,BWD,0.0199999999999999,0.03
PHASE1__Ma6_Kn0.1_FWD_hphs1.5_Tw1,R1p50,Cp,0.07284760625514371,2.4359962421045878,2.45257496245697,2.158321640157156,0.2942533222998138,29,28,1.0,6.0,0.1,1.5,1.0,FWD,0.0199999999999999,0.03
PHASE1__Ma6_Kn0.1_FWD_hphs1.5_Tw1,R1p50,Cq,0.23992709276662796,3.538249078234581,0.5530867893007966,0.3693879428273183,0.18369884647347828,29,29,0.0,6.0,0.1,1.5,1.0,FWD,0.0199999999999999,0.03
PHASE1__Ma6_Kn0.1_FWD_hphs1.5_Tw1,R1p50,tau_abs,0.3888385378511075,12.728248383194602,1.73797673405745,1.6413195116608976,0.09665722239655228,23,27,4.0,6.0,0.1,1.5,1.0,FWD,0.0199999999999999,0.03
PHASE1__Ma6_Kn0.1_ISO_hphs1.5_Tw1,R1p50,Cp,0.05269655272323038,1.7350527869014305,1.941088311058775,1.7783096016694049,0.16277870938937022,29,28,1.0,6.0,0.1,1.5,1.0,ISO,0.0199999999999999,0.03
PHASE1__Ma6_Kn0.1_ISO_hphs1.5_Tw1,R1p50,Cq,0.06368753999350209,1.1355551167219262,0.4219718895734579,0.37480625531097733,0.04716563426248055,29,29,0.0,6.0,0.1,1.5,1.0,ISO,0.0199999999999999,0.03
PHASE1__Ma6_Kn0.1_ISO_hphs1.5_Tw1,R1p50,tau_abs,0.41781136232325694,5.246043997979042,5.6442007685853985,3.4632149873330738,2.180985781252325,29,29,0.0,6.0,0.1,1.5,1.0,ISO,0.0199999999999999,0.03
PHASE1__Ma6_Kn0.33_BWD_hphs1.5_Tw1,R1p50,Cp,0.1282227437329756,5.282488349657771,0.6104722158762647,0.6985877388404932,0.08811552296422853,24,28,4.0,6.0,0.33,1.5,1.0,BWD,0.0199999999999999,0.03
PHASE1__Ma6_Kn0.33_BWD_hphs1.5_Tw1,R1p50,Cq,0.06508064763709051,1.8549424594353914,0.1741071995388561,0.18979630402772207,0.015689104488865985,29,29,0.0,6.0,0.33,1.5,1.0,BWD,0.0199999999999999,0.03
PHASE1__Ma6_Kn0.33_BWD_hphs1.5_Tw1,R1p50,tau_abs,0.13328561495609004,3.232865019841375,3.8102873168305824,3.3361626665144044,0.474124650316178,29,29,0.0,6.0,0.33,1.5,1.0,BWD,0.0199999999999999,0.03
PHASE1__Ma6_Kn0.33_FWD_hphs1.5_Tw1,R1p50,Cp,0.1052814035434628,3.8484379264244173,1.0704930318440726,1.0152610728037315,0.05523195904034117,29,28,1.0,6.0,0.33,1.5,1.0,FWD,0.0199999999999999,0.03
PHASE1__Ma6_Kn0.33_FWD_hphs1.5_Tw1,R1p50,Cq,0.13373521843515332,2.33992865549148,0.3019719036699473,0.23408092827273183,0.06789097539721548,29,29,0.0,6.0,0.33,1.5,1.0,FWD,0.0199999999999999,0.03
PHASE1__Ma6_Kn0.33_FWD_hphs1.5_Tw1,R1p50,tau_abs,0.37457899572901177,10.746846355706497,0.9095880593378521,1.0843563757646697,0.17476831642681756,21,26,5.0,6.0,0.33,1.5,1.0,FWD,0.0199999999999999,0.03
PHASE1__Ma6_Kn0.33_ISO_hphs1.5_Tw1,R1p50,Cp,0.04813722027311984,1.7113500108152904,0.8552880339081496,0.8651350934616394,0.009847059553489856,29,29,0.0,6.0,0.33,1.5,1.0,ISO,0.0199999999999999,0.03
PHASE1__Ma6_Kn0.33_ISO_hphs1.5_Tw1,R1p50,Cq,0.04470879624647892,1.1547991922500824,0.24852413609916824,0.2324299298318343,0.016094206267333933,29,29,0.0,6.0,0.33,1.5,1.0,ISO,0.0199999999999999,0.03
PHASE1__Ma6_Kn0.33_ISO_hphs1.5_Tw1,R1p50,tau_abs,0.27050011651677014,4.375660217929701,3.018045543633164,2.477299252341286,0.5407462912918781,29,29,0.0,6.0,0.33,1.5,1.0,ISO,0.0199999999999999,0.03
PHASE1__Ma6_Kn0.8_BWD_hphs1.5_Tw1,R1p50,Cp,0.4115917533550645,17.089971630654095,0.28692135110386213,0.4361767105807393,0.14925535947687718,24,29,5.0,6.0,0.8,1.5,1.0,BWD,0.0199999999999999,0.03
PHASE1__Ma6_Kn0.8_BWD_hphs1.5_Tw1,R1p50,Cq,0.2751401906360863,10.717852037776812,0.11163164414093354,0.15160692930184863,0.039975285160915086,29,29,0.0,6.0,0.8,1.5,1.0,BWD,0.0199999999999999,0.03
PHASE1__Ma6_Kn0.8_BWD_hphs1.5_Tw1,R1p50,tau_abs,0.18966416740485692,4.6182953901411885,2.3508189204615486,2.908482368285382,0.5576634478238334,29,29,0.0,6.0,0.8,1.5,1.0,BWD,0.0199999999999999,0.03
PHASE1__Ma6_Kn0.8_FWD_hphs1.5_Tw1,R1p50,Cp,0.2814177217199576,9.900479707868358,0.5258980145285392,0.5949200907248572,0.06902207619631795,29,28,1.0,6.0,0.8,1.5,1.0,FWD,0.0199999999999999,0.03
PHASE1__Ma6_Kn0.8_FWD_hphs1.5_Tw1,R1p50,Cq,0.10666957287477706,2.850663181605222,0.177797345808941,0.19136524798692614,0.013567902177985147,29,29,0.0,6.0,0.8,1.5,1.0,FWD,0.0199999999999999,0.03
PHASE1__Ma6_Kn0.8_FWD_hphs1.5_Tw1,R1p50,tau_abs,0.2806136395960151,11.953741950487348,0.6717689679048892,1.0781341088702738,0.4063651409653847,21,29,8.0,6.0,0.8,1.5,1.0,FWD,0.0199999999999999,0.03
PHASE1__Ma6_Kn0.8_ISO_hphs1.5_Tw1,R1p50,Cp,0.14124753378095758,5.458009314512032,0.4375722833376935,0.5026863828047734,0.06511409946707991,29,29,0.0,6.0,0.8,1.5,1.0,ISO,0.0199999999999999,0.03
PHASE1__Ma6_Kn0.8_ISO_hphs1.5_Tw1,R1p50,Cq,0.10234629748232546,3.080970048783172,0.15647429649557942,0.170905481978159,0.014431185482579573,29,29,0.0,6.0,0.8,1.5,1.0,ISO,0.0199999999999999,0.03
PHASE1__Ma6_Kn0.8_ISO_hphs1.5_Tw1,R1p50,tau_abs,0.28053573251231323,5.2398793663994745,1.6973528503234088,1.9539351369074043,0.2565822865839955,29,29,0.0,6.0,0.8,1.5,1.0,ISO,0.0199999999999999,0.03
PHASE1__Ma8_Kn0.1_BWD_hphs1.5_Tw1,R1p50,Cp,0.18131207796353388,7.511221009896878,2.8331607269414056,2.4416791069806143,0.39148161996079134,24,29,5.0,8.0,0.1,1.5,1.0,BWD,0.0199999999999999,0.03
PHASE1__Ma8_Kn0.1_BWD_hphs1.5_Tw1,R1p50,Cq,0.15867520452847775,5.0112371108647835,0.7817971468709604,0.744251748820617,0.037545398050343404,29,29,0.0,8.0,0.1,1.5,1.0,BWD,0.0199999999999999,0.03
PHASE1__Ma8_Kn0.1_BWD_hphs1.5_Tw1,R1p50,tau_abs,0.37186747138276804,5.726101420080111,13.353188303689873,6.964837775850038,6.388350527839835,29,29,0.0,8.0,0.1,1.5,1.0,BWD,0.0199999999999999,0.03
PHASE1__Ma8_Kn0.1_FWD_hphs1.5_Tw1,R1p50,Cp,0.25053655121668733,8.72236411917827,4.676719235597958,2.992170140412244,1.6845490951857145,29,28,1.0,8.0,0.1,1.5,1.0,FWD,0.0199999999999999,0.03
PHASE1__Ma8_Kn0.1_FWD_hphs1.5_Tw1,R1p50,Cq,0.29967832495029395,4.064027524522533,1.569868790261158,0.8602173565579585,0.7096514337031996,29,28,1.0,8.0,0.1,1.5,1.0,FWD,0.0199999999999999,0.03
PHASE1__Ma8_Kn0.1_FWD_hphs1.5_Tw1,R1p50,tau_abs,0.48797563313150144,15.554239249222057,3.8464048091692065,3.5770135366916707,0.2693912724775358,24,29,5.0,8.0,0.1,1.5,1.0,FWD,0.0199999999999999,0.03
PHASE1__Ma8_Kn0.1_ISO_hphs1.5_Tw1,R1p50,Cp,0.15814609201996355,6.177287366351605,3.681442580636097,3.023937832292011,0.6575047483440861,28,29,1.0,8.0,0.1,1.5,1.0,ISO,0.0199999999999999,0.03
PHASE1__Ma8_Kn0.1_ISO_hphs1.5_Tw1,R1p50,Cq,0.14463509345485998,2.6700657628022504,1.1727709118761507,0.9019295922162951,0.2708413196598556,29,29,0.0,8.0,0.1,1.5,1.0,ISO,0.0199999999999999,0.03
PHASE1__Ma8_Kn0.1_ISO_hphs1.5_Tw1,R1p50,tau_abs,0.5098459969055041,6.89487854582134,11.52976870413713,6.41636033118602,5.11340837295111,29,29,0.0,8.0,0.1,1.5,1.0,ISO,0.0199999999999999,0.03
PHASE1__Ma8_Kn0.33_BWD_hphs1.5_Tw1,R1p50,Cp,0.11388598611520599,4.019790742921734,1.1913212841394143,1.3129603961810985,0.1216391120416842,25,29,4.0,8.0,0.33,1.5,1.0,BWD,0.0199999999999999,0.03
PHASE1__Ma8_Kn0.33_BWD_hphs1.5_Tw1,R1p50,Cq,0.0637788892306327,2.206862947744443,0.4850144214034094,0.5146059766386781,0.02959155523526874,29,29,0.0,8.0,0.33,1.5,1.0,BWD,0.0199999999999999,0.03
PHASE1__Ma8_Kn0.33_BWD_hphs1.5_Tw1,R1p50,tau_abs,0.20720982216712652,5.023822445349938,7.927034712627416,6.285712387223618,1.6413223254037979,29,29,0.0,8.0,0.33,1.5,1.0,BWD,0.0199999999999999,0.03
PHASE1__Ma8_Kn0.33_FWD_hphs1.5_Tw1,R1p50,Cp,0.09049126745561445,3.3845526543280307,2.1247311482438764,2.0301147447159864,0.09461640352789003,29,28,1.0,8.0,0.33,1.5,1.0,FWD,0.0199999999999999,0.03
PHASE1__Ma8_Kn0.33_FWD_hphs1.5_Tw1,R1p50,Cq,0.12563887643720573,2.0232726187402648,0.8706127890846229,0.6757236134041369,0.19488917568048603,29,29,0.0,8.0,0.33,1.5,1.0,FWD,0.0199999999999999,0.03
PHASE1__Ma8_Kn0.33_FWD_hphs1.5_Tw1,R1p50,tau_abs,0.4173231896663697,11.002171174695475,2.0211166402323246,2.884300857172789,0.8631842169404642,21,29,8.0,8.0,0.33,1.5,1.0,FWD,0.0199999999999999,0.03
PHASE1__Ma8_Kn0.33_ISO_hphs1.5_Tw1,R1p50,Cp,0.1012731802740259,3.4975515409922973,1.7127566755112738,1.5109551787147257,0.20180149679654802,28,28,0.0,8.0,0.33,1.5,1.0,ISO,0.0199999999999999,0.03
PHASE1__Ma8_Kn0.33_ISO_hphs1.5_Tw1,R1p50,Cq,0.11664934043649712,2.945655091117178,0.7197337052678761,0.6296810065678236,0.0900526987000525,29,29,0.0,8.0,0.33,1.5,1.0,ISO,0.0199999999999999,0.03
PHASE1__Ma8_Kn0.33_ISO_hphs1.5_Tw1,R1p50,tau_abs,0.28836231165004383,4.721707146760649,6.600432423409849,5.245950284432772,1.354482138977077,29,29,0.0,8.0,0.33,1.5,1.0,ISO,0.0199999999999999,0.03
PHASE1__Ma8_Kn0.8_BWD_hphs1.5_Tw1,R1p50,Cp,0.29176572529701517,12.20265491630557,0.5658899669083529,0.7701529285191362,0.20426296161078328,25,27,2.0,8.0,0.8,1.5,1.0,BWD,0.0199999999999999,0.03
PHASE1__Ma8_Kn0.8_BWD_hphs1.5_Tw1,R1p50,Cq,0.226804253308275,7.967460235401707,0.3021254864506323,0.3987916324903618,0.0966661460397295,29,28,1.0,8.0,0.8,1.5,1.0,BWD,0.0199999999999999,0.03
PHASE1__Ma8_Kn0.8_BWD_hphs1.5_Tw1,R1p50,tau_abs,0.1297889974735674,3.764347777567705,4.837840749115249,5.304307379318128,0.4664666302028788,29,28,1.0,8.0,0.8,1.5,1.0,BWD,0.0199999999999999,0.03
PHASE1__Ma8_Kn0.8_FWD_hphs1.5_Tw1,R1p50,Cp,0.1846560362469499,6.722782841525693,1.0355485472914951,1.0719640068413683,0.03641545954987313,29,28,1.0,8.0,0.8,1.5,1.0,FWD,0.0199999999999999,0.03
PHASE1__Ma8_Kn0.8_FWD_hphs1.5_Tw1,R1p50,Cq,0.12472478865171163,3.071499548734004,0.49284394357708305,0.48768735615370645,0.005156587423376602,29,29,0.0,8.0,0.8,1.5,1.0,FWD,0.0199999999999999,0.03
PHASE1__Ma8_Kn0.8_FWD_hphs1.5_Tw1,R1p50,tau_abs,0.2273439727170843,11.20884117827587,1.4460564477308624,1.7446008939577753,0.2985444462269129,21,23,2.0,8.0,0.8,1.5,1.0,FWD,0.0199999999999999,0.03
PHASE1__Ma8_Kn0.8_ISO_hphs1.5_Tw1,R1p50,Cp,0.07557443595348931,2.459218891156405,0.8653978369199925,0.918678295951231,0.05328045903123846,29,29,0.0,8.0,0.8,1.5,1.0,ISO,0.0199999999999999,0.03
PHASE1__Ma8_Kn0.8_ISO_hphs1.5_Tw1,R1p50,Cq,0.040181606589620916,1.149453391880815,0.43211155273993584,0.4472826465927794,0.015171093852843542,29,29,0.0,8.0,0.8,1.5,1.0,ISO,0.0199999999999999,0.03
PHASE1__Ma8_Kn0.8_ISO_hphs1.5_Tw1,R1p50,tau_abs,0.2587189135412598,4.982577923647333,3.676242648275546,4.168134947650124,0.491892299374578,29,29,0.0,8.0,0.8,1.5,1.0,ISO,0.0199999999999999,0.03
PHASE1__Ma4_Kn0.1_BWD_hphs1.5_Tw1,R2,Cp,0.0934650151547808,3.640079898873632,0.701968411026339,0.7432955321473982,0.041327121121059185,22,28,6.0,4.0,0.1,1.5,1.0,BWD,0.0199999999999999,0.03
PHASE1__Ma4_Kn0.1_BWD_hphs1.5_Tw1,R2,Cq,0.14866831708376269,4.279044076490916,0.07402977996733523,0.0851080715400717,0.011078291572736473,29,29,0.0,4.0,0.1,1.5,1.0,BWD,0.0199999999999999,0.03
PHASE1__Ma4_Kn0.1_BWD_hphs1.5_Tw1,R2,tau_abs,0.3632729365483374,5.6947624688321685,2.8424561232849315,1.6062745450370524,1.236181578247879,29,29,0.0,4.0,0.1,1.5,1.0,BWD,0.0199999999999999,0.03
PHASE1__Ma4_Kn0.1_FWD_hphs1.5_Tw1,R2,Cp,0.10472365721434569,4.011676974952291,1.076309885415225,1.0044406829801682,0.0718692024350569,29,28,1.0,4.0,0.1,1.5,1.0,FWD,0.0199999999999999,0.03
PHASE1__Ma4_Kn0.1_FWD_hphs1.5_Tw1,R2,Cq,0.3354460281901002,6.857731271396384,0.13179674328075505,0.09336718128551806,0.03842956199523699,29,29,0.0,4.0,0.1,1.5,1.0,FWD,0.0199999999999999,0.03
PHASE1__Ma4_Kn0.1_FWD_hphs1.5_Tw1,R2,tau_abs,0.5282256235641531,16.57262140804335,0.5220490347180042,0.790642232758787,0.26859319804078274,22,29,7.0,4.0,0.1,1.5,1.0,FWD,0.0199999999999999,0.03
PHASE1__Ma4_Kn0.1_ISO_hphs1.5_Tw1,R2,Cp,0.02853020794151564,1.183981233312721,0.8634403015328955,0.8140158032499833,0.04942449828291218,29,26,3.0,4.0,0.1,1.5,1.0,ISO,0.0199999999999999,0.03
PHASE1__Ma4_Kn0.1_ISO_hphs1.5_Tw1,R2,Cq,0.11941507433548423,2.3808743597742996,0.10494855343224858,0.08289649299292576,0.022052060439322826,29,29,0.0,4.0,0.1,1.5,1.0,ISO,0.0199999999999999,0.03
PHASE1__Ma4_Kn0.1_ISO_hphs1.5_Tw1,R2,tau_abs,0.4379343757852238,5.469167131181392,2.273624827624162,1.2365398723930172,1.0370849552311447,29,29,0.0,4.0,0.1,1.5,1.0,ISO,0.0199999999999999,0.03
PHASE1__Ma4_Kn0.33_BWD_hphs1.5_Tw1,R2,Cp,0.3269497608822581,14.832806292403303,0.2502652620340223,0.3220517286363398,0.07178646660231752,20,27,7.0,4.0,0.33,1.5,1.0,BWD,0.0199999999999999,0.03
PHASE1__Ma4_Kn0.33_BWD_hphs1.5_Tw1,R2,Cq,0.09105280394201509,2.711080998366718,0.042792962160753234,0.04612094768658763,0.0033279855258343954,29,29,0.0,4.0,0.33,1.5,1.0,BWD,0.0199999999999999,0.03
PHASE1__Ma4_Kn0.33_BWD_hphs1.5_Tw1,R2,tau_abs,0.12233648766176179,2.8804979593808056,1.4231513920872931,1.2543599760016015,0.1687914160856916,29,29,0.0,4.0,0.33,1.5,1.0,BWD,0.0199999999999999,0.03
PHASE1__Ma4_Kn0.33_FWD_hphs1.5_Tw1,R2,Cp,0.21562730374006228,8.035140215980645,0.42600671825000297,0.44766818434136246,0.021661466091359494,29,28,1.0,4.0,0.33,1.5,1.0,FWD,0.0199999999999999,0.03
PHASE1__Ma4_Kn0.33_FWD_hphs1.5_Tw1,R2,Cq,0.14404869987666966,3.7494525298266614,0.06827426526116272,0.05767640012524813,0.01059786513591459,29,29,0.0,4.0,0.33,1.5,1.0,FWD,0.0199999999999999,0.03
PHASE1__Ma4_Kn0.33_FWD_hphs1.5_Tw1,R2,tau_abs,0.4668352034591691,18.329740401320755,0.28509087337768285,0.4863427900868928,0.20125191670920994,21,29,8.0,4.0,0.33,1.5,1.0,FWD,0.0199999999999999,0.03
PHASE1__Ma4_Kn0.33_ISO_hphs1.5_Tw1,R2,Cp,0.1334825241774047,5.377865140203227,0.345417588150757,0.362585898256976,0.017168310106218998,29,27,2.0,4.0,0.33,1.5,1.0,ISO,0.0199999999999999,0.03
PHASE1__Ma4_Kn0.33_ISO_hphs1.5_Tw1,R2,Cq,0.09438086038416267,2.340984419881761,0.05883884313695097,0.04971151253902554,0.009127330597925434,29,29,0.0,4.0,0.33,1.5,1.0,ISO,0.0199999999999999,0.03
PHASE1__Ma4_Kn0.33_ISO_hphs1.5_Tw1,R2,tau_abs,0.2560475877201871,4.166576824167384,1.0448997068221428,0.7991744996272252,0.24572520719491764,29,29,0.0,4.0,0.33,1.5,1.0,ISO,0.0199999999999999,0.03
PHASE1__Ma4_Kn0.8_BWD_hphs1.5_Tw1,R2,Cp,0.6996552859558111,27.80438042290484,0.10920129741117635,0.195297532077878,0.08609623466670166,23,29,6.0,4.0,0.8,1.5,1.0,BWD,0.0199999999999999,0.03
PHASE1__Ma4_Kn0.8_BWD_hphs1.5_Tw1,R2,Cq,0.3615748024974276,15.066562411256061,0.028336534978995263,0.039065354028998356,0.010728819050003092,29,29,0.0,4.0,0.8,1.5,1.0,BWD,0.0199999999999999,0.03
PHASE1__Ma4_Kn0.8_BWD_hphs1.5_Tw1,R2,tau_abs,0.2635996112791815,6.586638491557468,0.8718923596878229,1.1690259893764636,0.29713362968864077,29,29,0.0,4.0,0.8,1.5,1.0,BWD,0.0199999999999999,0.03
PHASE1__Ma4_Kn0.8_FWD_hphs1.5_Tw1,R2,Cp,0.4316414461253219,15.098919903605381,0.20061819998860883,0.25165324671325845,0.05103504672464962,29,29,0.0,4.0,0.8,1.5,1.0,FWD,0.0199999999999999,0.03
PHASE1__Ma4_Kn0.8_FWD_hphs1.5_Tw1,R2,Cq,0.21132462908468497,6.462216370565972,0.04202824789859222,0.04863585491004565,0.00660760701145343,29,29,0.0,4.0,0.8,1.5,1.0,FWD,0.0199999999999999,0.03
PHASE1__Ma4_Kn0.8_FWD_hphs1.5_Tw1,R2,tau_abs,0.22892763712925854,13.545874947320648,0.24910956109985022,0.32826556910169735,0.07915600800184713,22,29,7.0,4.0,0.8,1.5,1.0,FWD,0.0199999999999999,0.03
PHASE1__Ma4_Kn0.8_ISO_hphs1.5_Tw1,R2,Cp,0.1994963768766687,7.325697081805084,0.16848922123804277,0.18931358064734863,0.020824359409305854,29,29,0.0,4.0,0.8,1.5,1.0,ISO,0.0199999999999999,0.03
PHASE1__Ma4_Kn0.8_ISO_hphs1.5_Tw1,R2,Cq,0.07687341350153522,2.8216709876088912,0.038271549090210445,0.04006069006689248,0.0017891409766820354,29,29,0.0,4.0,0.8,1.5,1.0,ISO,0.0199999999999999,0.03
PHASE1__Ma4_Kn0.8_ISO_hphs1.5_Tw1,R2,tau_abs,0.4560488918410503,8.951367371162409,0.5748536957704977,0.8008000087988322,0.22594631302833446,29,29,0.0,4.0,0.8,1.5,1.0,ISO,0.0199999999999999,0.03
PHASE1__Ma6_Kn0.1_BWD_hphs1.5_Tw1,R2,Cp,0.07214665911874985,2.7761300441697636,1.5339085610781122,1.4841807011904216,0.049727859887690684,23,28,5.0,6.0,0.1,1.5,1.0,BWD,0.0199999999999999,0.03
PHASE1__Ma6_Kn0.1_BWD_hphs1.5_Tw1,R2,Cq,0.09775215148037697,2.7012914217101276,0.2874192952717853,0.3134269585377722,0.026007663265986913,29,29,0.0,6.0,0.1,1.5,1.0,BWD,0.0199999999999999,0.03
PHASE1__Ma6_Kn0.1_BWD_hphs1.5_Tw1,R2,tau_abs,0.31341145721594915,5.314956658807889,6.780560061882794,4.53357829552299,2.246981766359804,29,29,0.0,6.0,0.1,1.5,1.0,BWD,0.0199999999999999,0.03
PHASE1__Ma6_Kn0.1_FWD_hphs1.5_Tw1,R2,Cp,0.06972609654828509,2.2323478535844803,2.45257496245697,2.150530288900387,0.30204467355658293,29,28,1.0,6.0,0.1,1.5,1.0,FWD,0.0199999999999999,0.03
PHASE1__Ma6_Kn0.1_FWD_hphs1.5_Tw1,R2,Cq,0.26527870423868316,4.5850329592644075,0.5530867893007966,0.39281649867759694,0.16027029062319964,29,29,0.0,6.0,0.1,1.5,1.0,FWD,0.0199999999999999,0.03
PHASE1__Ma6_Kn0.1_FWD_hphs1.5_Tw1,R2,tau_abs,0.39847418946020857,12.573555236938114,1.73797673405745,1.732959626539081,0.005017107518368924,23,29,6.0,6.0,0.1,1.5,1.0,FWD,0.0199999999999999,0.03
PHASE1__Ma6_Kn0.1_ISO_hphs1.5_Tw1,R2,Cp,0.06811298880343288,2.390038995889268,1.941088311058775,1.725500399810642,0.21558791124813315,29,28,1.0,6.0,0.1,1.5,1.0,ISO,0.0199999999999999,0.03
PHASE1__Ma6_Kn0.1_ISO_hphs1.5_Tw1,R2,Cq,0.11135510088775377,2.3486501109657762,0.4219718895734579,0.349364170328949,0.07260771924450887,29,29,0.0,6.0,0.1,1.5,1.0,ISO,0.0199999999999999,0.03
PHASE1__Ma6_Kn0.1_ISO_hphs1.5_Tw1,R2,tau_abs,0.4198216339241333,5.405648435629255,5.6442007685853985,3.4358067617265937,2.208394006858805,29,29,0.0,6.0,0.1,1.5,1.0,ISO,0.0199999999999999,0.03
PHASE1__Ma6_Kn0.33_BWD_hphs1.5_Tw1,R2,Cp,0.12152758968836037,4.798626862004423,0.6104722158762647,0.6957000690549836,0.08522785317871895,24,26,2.0,6.0,0.33,1.5,1.0,BWD,0.0199999999999999,0.03
PHASE1__Ma6_Kn0.33_BWD_hphs1.5_Tw1,R2,Cq,0.0904129534249413,2.9375481644760693,0.1741071995388561,0.19634166889193175,0.02223446935307566,29,29,0.0,6.0,0.33,1.5,1.0,BWD,0.0199999999999999,0.03
PHASE1__Ma6_Kn0.33_BWD_hphs1.5_Tw1,R2,tau_abs,0.1671078628428703,3.7658689686551385,3.8102873168305824,3.0795180104229076,0.7307693064076748,29,29,0.0,6.0,0.33,1.5,1.0,BWD,0.0199999999999999,0.03
PHASE1__Ma6_Kn0.33_FWD_hphs1.5_Tw1,R2,Cp,0.09951410313777076,3.7359868118943953,1.0704930318440726,1.0076517489221233,0.06284128292194935,29,28,1.0,6.0,0.33,1.5,1.0,FWD,0.0199999999999999,0.03
PHASE1__Ma6_Kn0.33_FWD_hphs1.5_Tw1,R2,Cq,0.14773452249857755,2.7278428627592533,0.3019719036699473,0.23000033574432208,0.07197156792562523,29,29,0.0,6.0,0.33,1.5,1.0,FWD,0.0199999999999999,0.03
PHASE1__Ma6_Kn0.33_FWD_hphs1.5_Tw1,R2,tau_abs,0.32609043207959204,9.304366689406747,0.9095880593378521,1.0024438351086271,0.09285577577077497,21,23,2.0,6.0,0.33,1.5,1.0,FWD,0.0199999999999999,0.03
PHASE1__Ma6_Kn0.33_ISO_hphs1.5_Tw1,R2,Cp,0.0624600672136404,2.1030318191233164,0.8552880339081496,0.8670518274241673,0.011763793516017751,29,29,0.0,6.0,0.33,1.5,1.0,ISO,0.0199999999999999,0.03
PHASE1__Ma6_Kn0.33_ISO_hphs1.5_Tw1,R2,Cq,0.08672108904230832,2.324857982449115,0.24852413609916824,0.2240257382166874,0.024498397882480843,29,29,0.0,6.0,0.33,1.5,1.0,ISO,0.0199999999999999,0.03
PHASE1__Ma6_Kn0.33_ISO_hphs1.5_Tw1,R2,tau_abs,0.2570955328488337,4.210248697902622,3.018045543633164,2.5286205432998563,0.4894250003333078,29,29,0.0,6.0,0.33,1.5,1.0,ISO,0.0199999999999999,0.03
PHASE1__Ma6_Kn0.8_BWD_hphs1.5_Tw1,R2,Cp,0.3995146233938129,16.640813687914644,0.28692135110386213,0.422209669405485,0.13528831830162286,24,27,3.0,6.0,0.8,1.5,1.0,BWD,0.0199999999999999,0.03
PHASE1__Ma6_Kn0.8_BWD_hphs1.5_Tw1,R2,Cq,0.2305630726436242,8.643018947885713,0.11163164414093354,0.1472235958930018,0.03559195175206825,29,29,0.0,6.0,0.8,1.5,1.0,BWD,0.0199999999999999,0.03
PHASE1__Ma6_Kn0.8_BWD_hphs1.5_Tw1,R2,tau_abs,0.12208687192012617,3.2133208589939937,2.3508189204615486,2.6569132369849,0.3060943165233514,29,29,0.0,6.0,0.8,1.5,1.0,BWD,0.0199999999999999,0.03
PHASE1__Ma6_Kn0.8_FWD_hphs1.5_Tw1,R2,Cp,0.24242823272314293,8.708730409671396,0.5258980145285392,0.5765822186253361,0.05068420409679686,29,29,0.0,6.0,0.8,1.5,1.0,FWD,0.0199999999999999,0.03
PHASE1__Ma6_Kn0.8_FWD_hphs1.5_Tw1,R2,Cq,0.1258971965534444,3.298379689639279,0.177797345808941,0.17518845758398424,0.0026088882249567513,29,29,0.0,6.0,0.8,1.5,1.0,FWD,0.0199999999999999,0.03
PHASE1__Ma6_Kn0.8_FWD_hphs1.5_Tw1,R2,tau_abs,0.22150568379411192,10.514993762067457,0.6717689679048892,0.9380420152174773,0.26627304731258816,21,29,8.0,6.0,0.8,1.5,1.0,FWD,0.0199999999999999,0.03
PHASE1__Ma6_Kn0.8_ISO_hphs1.5_Tw1,R2,Cp,0.12237792608688991,4.539326923860857,0.4375722833376935,0.4569717212992942,0.019399437961600707,29,29,0.0,6.0,0.8,1.5,1.0,ISO,0.0199999999999999,0.03
PHASE1__Ma6_Kn0.8_ISO_hphs1.5_Tw1,R2,Cq,0.0487104127589933,1.420967109259236,0.15647429649557942,0.16432181785122965,0.007847521355650228,29,29,0.0,6.0,0.8,1.5,1.0,ISO,0.0199999999999999,0.03
PHASE1__Ma6_Kn0.8_ISO_hphs1.5_Tw1,R2,tau_abs,0.2556069292650989,4.810894322491638,1.6973528503234088,1.820024662626027,0.12267181230261825,29,29,0.0,6.0,0.8,1.5,1.0,ISO,0.0199999999999999,0.03
PHASE1__Ma8_Kn0.1_BWD_hphs1.5_Tw1,R2,Cp,0.18179919970390218,7.548988942777594,2.8331607269414056,2.3622190483113745,0.4709416786300311,24,28,4.0,8.0,0.1,1.5,1.0,BWD,0.0199999999999999,0.03
PHASE1__Ma8_Kn0.1_BWD_hphs1.5_Tw1,R2,Cq,0.134059248201291,4.5551893716533645,0.7817971468709604,0.7297241355270049,0.05207301134395548,29,29,0.0,8.0,0.1,1.5,1.0,BWD,0.0199999999999999,0.03
PHASE1__Ma8_Kn0.1_BWD_hphs1.5_Tw1,R2,tau_abs,0.3982248711849655,6.68992450061846,13.353188303689873,7.087401649441551,6.265786654248322,29,29,0.0,8.0,0.1,1.5,1.0,BWD,0.0199999999999999,0.03
PHASE1__Ma8_Kn0.1_FWD_hphs1.5_Tw1,R2,Cp,0.22680480134778677,7.808760571895654,4.676719235597958,3.0082634277085774,1.668455807889381,29,28,1.0,8.0,0.1,1.5,1.0,FWD,0.0199999999999999,0.03
PHASE1__Ma8_Kn0.1_FWD_hphs1.5_Tw1,R2,Cq,0.3335415497127084,4.992074761721748,1.569868790261158,0.846897864637567,0.7229709256235911,29,28,1.0,8.0,0.1,1.5,1.0,FWD,0.0199999999999999,0.03
PHASE1__Ma8_Kn0.1_FWD_hphs1.5_Tw1,R2,tau_abs,0.47742324098995687,15.560020967424053,3.8464048091692065,3.4840208819553644,0.36238392721384205,24,29,5.0,8.0,0.1,1.5,1.0,FWD,0.0199999999999999,0.03
PHASE1__Ma8_Kn0.1_ISO_hphs1.5_Tw1,R2,Cp,0.13096657280339782,4.691093864581839,3.681442580636097,3.0084738059523657,0.6729687746837314,28,29,1.0,8.0,0.1,1.5,1.0,ISO,0.0199999999999999,0.03
PHASE1__Ma8_Kn0.1_ISO_hphs1.5_Tw1,R2,Cq,0.18076711330809161,3.2515669243047514,1.1727709118761507,0.8367809125501127,0.335989999326038,29,29,0.0,8.0,0.1,1.5,1.0,ISO,0.0199999999999999,0.03
PHASE1__Ma8_Kn0.1_ISO_hphs1.5_Tw1,R2,tau_abs,0.520210208362017,6.618392429721377,11.52976870413713,6.002813578852931,5.526955125284199,29,29,0.0,8.0,0.1,1.5,1.0,ISO,0.0199999999999999,0.03
PHASE1__Ma8_Kn0.33_BWD_hphs1.5_Tw1,R2,Cp,0.11643636191868906,4.353772941024911,1.1913212841394143,1.3626389808805917,0.17131769674117736,25,29,4.0,8.0,0.33,1.5,1.0,BWD,0.0199999999999999,0.03
PHASE1__Ma8_Kn0.33_BWD_hphs1.5_Tw1,R2,Cq,0.08527239007203548,2.974970773059392,0.4850144214034094,0.5097130804947689,0.024698659091359543,29,29,0.0,8.0,0.33,1.5,1.0,BWD,0.0199999999999999,0.03
PHASE1__Ma8_Kn0.33_BWD_hphs1.5_Tw1,R2,tau_abs,0.21677553558771911,5.19724535457694,7.927034712627416,6.046548405159399,1.8804863074680167,29,29,0.0,8.0,0.33,1.5,1.0,BWD,0.0199999999999999,0.03
PHASE1__Ma8_Kn0.33_FWD_hphs1.5_Tw1,R2,Cp,0.10477129055391145,3.860691128294299,2.1247311482438764,1.954458941832734,0.17027220641114238,29,28,1.0,8.0,0.33,1.5,1.0,FWD,0.0199999999999999,0.03
PHASE1__Ma8_Kn0.33_FWD_hphs1.5_Tw1,R2,Cq,0.174360607572599,2.4618933440359996,0.8706127890846229,0.612648488219079,0.2579643008655439,29,29,0.0,8.0,0.33,1.5,1.0,FWD,0.0199999999999999,0.03
PHASE1__Ma8_Kn0.33_FWD_hphs1.5_Tw1,R2,tau_abs,0.4181643756416755,11.39491130806506,2.0211166402323246,2.8204190012994115,0.7993023610670869,21,29,8.0,8.0,0.33,1.5,1.0,FWD,0.0199999999999999,0.03
PHASE1__Ma8_Kn0.33_ISO_hphs1.5_Tw1,R2,Cp,0.07156196983190763,2.5933436770027245,1.7127566755112738,1.5688824605848728,0.14387421492640096,28,29,1.0,8.0,0.33,1.5,1.0,ISO,0.0199999999999999,0.03
PHASE1__Ma8_Kn0.33_ISO_hphs1.5_Tw1,R2,Cq,0.15116353470337976,4.018979724839506,0.7197337052678761,0.5799945774740192,0.1397391277938569,29,29,0.0,8.0,0.33,1.5,1.0,ISO,0.0199999999999999,0.03
PHASE1__Ma8_Kn0.33_ISO_hphs1.5_Tw1,R2,tau_abs,0.30510653844488406,4.90695757234216,6.600432423409849,4.848116784850005,1.7523156385598444,29,29,0.0,8.0,0.33,1.5,1.0,ISO,0.0199999999999999,0.03
PHASE1__Ma8_Kn0.8_BWD_hphs1.5_Tw1,R2,Cp,0.31091297080903235,12.955710094949135,0.5658899669083529,0.7857812397801102,0.21989127287175725,25,28,3.0,8.0,0.8,1.5,1.0,BWD,0.0199999999999999,0.03
PHASE1__Ma8_Kn0.8_BWD_hphs1.5_Tw1,R2,Cq,0.1679182412444086,6.017620616603829,0.3021254864506323,0.37338619078159363,0.07126070433096132,29,28,1.0,8.0,0.8,1.5,1.0,BWD,0.0199999999999999,0.03
PHASE1__Ma8_Kn0.8_BWD_hphs1.5_Tw1,R2,tau_abs,0.13846641222149497,3.8522283156225203,4.837840749115249,4.627965145196743,0.20987560391850568,29,28,1.0,8.0,0.8,1.5,1.0,BWD,0.0199999999999999,0.03
PHASE1__Ma8_Kn0.8_FWD_hphs1.5_Tw1,R2,Cp,0.22328302316938228,8.180996458034835,1.0355485472914951,1.1021956420842192,0.06664709479272402,29,28,1.0,8.0,0.8,1.5,1.0,FWD,0.0199999999999999,0.03
PHASE1__Ma8_Kn0.8_FWD_hphs1.5_Tw1,R2,Cq,0.09695905764770552,2.736417752919746,0.49284394357708305,0.45609384610618,0.036750097470903076,29,29,0.0,8.0,0.8,1.5,1.0,FWD,0.0199999999999999,0.03
PHASE1__Ma8_Kn0.8_FWD_hphs1.5_Tw1,R2,tau_abs,0.20677701841167895,10.379957160094154,1.4460564477308624,1.5929331084482738,0.14687666071741146,21,22,1.0,8.0,0.8,1.5,1.0,FWD,0.0199999999999999,0.03
PHASE1__Ma8_Kn0.8_ISO_hphs1.5_Tw1,R2,Cp,0.07809820896604226,2.2619697600233546,0.8653978369199925,0.8495250091352253,0.015872827784767174,29,29,0.0,8.0,0.8,1.5,1.0,ISO,0.0199999999999999,0.03
PHASE1__Ma8_Kn0.8_ISO_hphs1.5_Tw1,R2,Cq,0.041286410588638134,1.3436522802709816,0.43211155273993584,0.4080490201741736,0.02406253256576224,29,29,0.0,8.0,0.8,1.5,1.0,ISO,0.0199999999999999,0.03
PHASE1__Ma8_Kn0.8_ISO_hphs1.5_Tw1,R2,tau_abs,0.23565837676517756,4.329423132070283,3.676242648275546,3.72025017461297,0.044007526337424,29,29,0.0,8.0,0.8,1.5,1.0,ISO,0.0199999999999999,0.03
PHASE1__Ma4_Kn0.1_BWD_hphs1.5_Tw1,R3,Cp,0.10125470500843022,3.910710875504095,0.701968411026339,0.7524536410604612,0.0504852300341222,22,27,5.0,4.0,0.1,1.5,1.0,BWD,0.0199999999999999,0.03
PHASE1__Ma4_Kn0.1_BWD_hphs1.5_Tw1,R3,Cq,0.1969849362932906,6.331067363767554,0.07402977996733523,0.08792524181613373,0.013895461848798502,29,29,0.0,4.0,0.1,1.5,1.0,BWD,0.0199999999999999,0.03
PHASE1__Ma4_Kn0.1_BWD_hphs1.5_Tw1,R3,tau_abs,0.34117374181771387,6.0413107365078975,2.8424561232849315,1.7750685354443563,1.0673875878405752,29,29,0.0,4.0,0.1,1.5,1.0,BWD,0.0199999999999999,0.03
PHASE1__Ma4_Kn0.1_FWD_hphs1.5_Tw1,R3,Cp,0.07313880757040431,2.8716473768535478,1.076309885415225,0.9187213306021625,0.15758855481306255,29,28,1.0,4.0,0.1,1.5,1.0,FWD,0.0199999999999999,0.03
PHASE1__Ma4_Kn0.1_FWD_hphs1.5_Tw1,R3,Cq,0.3858132385601224,7.490516103235402,0.13179674328075505,0.08806416731597543,0.04373257596477963,29,29,0.0,4.0,0.1,1.5,1.0,FWD,0.0199999999999999,0.03
PHASE1__Ma4_Kn0.1_FWD_hphs1.5_Tw1,R3,tau_abs,0.522159037304936,18.58934945520791,0.5220490347180042,0.7621610555228766,0.24011202080487237,22,29,7.0,4.0,0.1,1.5,1.0,FWD,0.0199999999999999,0.03
PHASE1__Ma4_Kn0.1_ISO_hphs1.5_Tw1,R3,Cp,0.051745229326750034,2.3152596052173666,0.8634403015328955,0.8026309382212027,0.06080936331169284,29,29,0.0,4.0,0.1,1.5,1.0,ISO,0.0199999999999999,0.03
PHASE1__Ma4_Kn0.1_ISO_hphs1.5_Tw1,R3,Cq,0.1542829757259203,3.422580947844046,0.10494855343224858,0.08274726322282053,0.022201290209428057,29,29,0.0,4.0,0.1,1.5,1.0,ISO,0.0199999999999999,0.03
PHASE1__Ma4_Kn0.1_ISO_hphs1.5_Tw1,R3,tau_abs,0.4570054133116347,5.443389327604263,2.273624827624162,1.1321906728291056,1.1414341547950564,29,29,0.0,4.0,0.1,1.5,1.0,ISO,0.0199999999999999,0.03
PHASE1__Ma4_Kn0.33_BWD_hphs1.5_Tw1,R3,Cp,0.24895869499007608,11.181676266711222,0.2502652620340223,0.31468465360876724,0.06441939157474497,20,28,8.0,4.0,0.33,1.5,1.0,BWD,0.0199999999999999,0.03
PHASE1__Ma4_Kn0.33_BWD_hphs1.5_Tw1,R3,Cq,0.1177855309132998,3.1048014048572807,0.042792962160753234,0.04934407866036617,0.006551116499612937,29,29,0.0,4.0,0.33,1.5,1.0,BWD,0.0199999999999999,0.03
PHASE1__Ma4_Kn0.33_BWD_hphs1.5_Tw1,R3,tau_abs,0.11034719010433872,2.3392685883478075,1.4231513920872931,1.2490787119736957,0.17407268011359744,29,29,0.0,4.0,0.33,1.5,1.0,BWD,0.0199999999999999,0.03
PHASE1__Ma4_Kn0.33_FWD_hphs1.5_Tw1,R3,Cp,0.16188760378664455,6.291071385069211,0.42600671825000297,0.42787950616361337,0.0018727879136103964,29,28,1.0,4.0,0.33,1.5,1.0,FWD,0.0199999999999999,0.03
PHASE1__Ma4_Kn0.33_FWD_hphs1.5_Tw1,R3,Cq,0.20179840964641618,5.270439654710488,0.06827426526116272,0.056259020508659024,0.012015244752503693,29,29,0.0,4.0,0.33,1.5,1.0,FWD,0.0199999999999999,0.03
PHASE1__Ma4_Kn0.33_FWD_hphs1.5_Tw1,R3,tau_abs,0.4785030965780612,17.61452336252304,0.28509087337768285,0.5123808118368698,0.22728993845918694,21,29,8.0,4.0,0.33,1.5,1.0,FWD,0.0199999999999999,0.03
PHASE1__Ma4_Kn0.33_ISO_hphs1.5_Tw1,R3,Cp,0.05707882262153209,2.0602319687793678,0.345417588150757,0.33539705672819053,0.010020531422566481,29,28,1.0,4.0,0.33,1.5,1.0,ISO,0.0199999999999999,0.03
PHASE1__Ma4_Kn0.33_ISO_hphs1.5_Tw1,R3,Cq,0.0791295248084547,2.102257309221366,0.05883884313695097,0.050525365918925084,0.008313477218025889,29,29,0.0,4.0,0.33,1.5,1.0,ISO,0.0199999999999999,0.03
PHASE1__Ma4_Kn0.33_ISO_hphs1.5_Tw1,R3,tau_abs,0.22796977259126616,3.8863970297588812,1.0448997068221428,0.8716294677541113,0.17327023906803152,29,29,0.0,4.0,0.33,1.5,1.0,ISO,0.0199999999999999,0.03
PHASE1__Ma4_Kn0.8_BWD_hphs1.5_Tw1,R3,Cp,0.6703339111356486,26.809242393315667,0.10920129741117635,0.19094618848858694,0.08174489107741059,23,29,6.0,4.0,0.8,1.5,1.0,BWD,0.0199999999999999,0.03
PHASE1__Ma4_Kn0.8_BWD_hphs1.5_Tw1,R3,Cq,0.30738823101940466,12.675097801010555,0.028336534978995263,0.037509219980960413,0.00917268500196515,29,29,0.0,4.0,0.8,1.5,1.0,BWD,0.0199999999999999,0.03
PHASE1__Ma4_Kn0.8_BWD_hphs1.5_Tw1,R3,tau_abs,0.18554837457600976,4.566518266427811,0.8718923596878229,1.103425570792294,0.23153321110447111,29,29,0.0,4.0,0.8,1.5,1.0,BWD,0.0199999999999999,0.03
PHASE1__Ma4_Kn0.8_FWD_hphs1.5_Tw1,R3,Cp,0.420748926441479,14.694585091102958,0.20061819998860883,0.23878360964632195,0.03816540965771312,29,29,0.0,4.0,0.8,1.5,1.0,FWD,0.0199999999999999,0.03
PHASE1__Ma4_Kn0.8_FWD_hphs1.5_Tw1,R3,Cq,0.19860364975246733,6.454608189212224,0.04202824789859222,0.043877636250951674,0.0018493883523594545,29,29,0.0,4.0,0.8,1.5,1.0,FWD,0.0199999999999999,0.03
PHASE1__Ma4_Kn0.8_FWD_hphs1.5_Tw1,R3,tau_abs,0.2374514240988505,13.98971253721667,0.24910956109985022,0.34601213402056175,0.09690257292071153,22,29,7.0,4.0,0.8,1.5,1.0,FWD,0.0199999999999999,0.03
PHASE1__Ma4_Kn0.8_ISO_hphs1.5_Tw1,R3,Cp,0.19858642615177202,6.936941677440562,0.16848922123804277,0.17745163118879825,0.008962409950755479,29,29,0.0,4.0,0.8,1.5,1.0,ISO,0.0199999999999999,0.03
PHASE1__Ma4_Kn0.8_ISO_hphs1.5_Tw1,R3,Cq,0.061610587318760235,2.307273633429243,0.038271549090210445,0.03935937832418388,0.0010878292339734363,29,29,0.0,4.0,0.8,1.5,1.0,ISO,0.0199999999999999,0.03
PHASE1__Ma4_Kn0.8_ISO_hphs1.5_Tw1,R3,tau_abs,0.4399543645907096,8.836052932940278,0.5748536957704977,0.7570625155448065,0.1822088197743088,29,29,0.0,4.0,0.8,1.5,1.0,ISO,0.0199999999999999,0.03
PHASE1__Ma6_Kn0.1_BWD_hphs1.5_Tw1,R3,Cp,0.08177697889383845,3.129620715941277,1.5339085610781122,1.4211679123674839,0.11274064871062839,23,26,3.0,6.0,0.1,1.5,1.0,BWD,0.0199999999999999,0.03
PHASE1__Ma6_Kn0.1_BWD_hphs1.5_Tw1,R3,Cq,0.1865487887679734,6.315791673549259,0.2874192952717853,0.3272385743493418,0.0398192790775565,29,29,0.0,6.0,0.1,1.5,1.0,BWD,0.0199999999999999,0.03
PHASE1__Ma6_Kn0.1_BWD_hphs1.5_Tw1,R3,tau_abs,0.3479038907014977,6.168575599420991,6.780560061882794,4.455409357253012,2.325150704629783,29,29,0.0,6.0,0.1,1.5,1.0,BWD,0.0199999999999999,0.03
PHASE1__Ma6_Kn0.1_FWD_hphs1.5_Tw1,R3,Cp,0.07374646364763522,2.1908485913486055,2.45257496245697,2.0499194022533698,0.40265556020360016,29,28,1.0,6.0,0.1,1.5,1.0,FWD,0.0199999999999999,0.03
PHASE1__Ma6_Kn0.1_FWD_hphs1.5_Tw1,R3,Cq,0.32650316453426265,5.902817532546422,0.5530867893007966,0.37736581410651043,0.17572097519428614,29,29,0.0,6.0,0.1,1.5,1.0,FWD,0.0199999999999999,0.03
PHASE1__Ma6_Kn0.1_FWD_hphs1.5_Tw1,R3,tau_abs,0.37573195548298066,13.481029753558012,1.73797673405745,1.5304802817897316,0.2074964522677183,23,29,6.0,6.0,0.1,1.5,1.0,FWD,0.0199999999999999,0.03
PHASE1__Ma6_Kn0.1_ISO_hphs1.5_Tw1,R3,Cp,0.06510778088176641,2.212195221457667,1.941088311058775,1.75460959858455,0.1864787124742251,29,28,1.0,6.0,0.1,1.5,1.0,ISO,0.0199999999999999,0.03
PHASE1__Ma6_Kn0.1_ISO_hphs1.5_Tw1,R3,Cq,0.15653776078834242,3.8410163364726637,0.4219718895734579,0.37238186760993064,0.04959002196352724,29,29,0.0,6.0,0.1,1.5,1.0,ISO,0.0199999999999999,0.03
PHASE1__Ma6_Kn0.1_ISO_hphs1.5_Tw1,R3,tau_abs,0.4386125886436397,5.314733817630913,5.6442007685853985,3.3273571246331195,2.316843643952279,29,29,0.0,6.0,0.1,1.5,1.0,ISO,0.0199999999999999,0.03
PHASE1__Ma6_Kn0.33_BWD_hphs1.5_Tw1,R3,Cp,0.1413156365132894,5.89696678603128,0.6104722158762647,0.6996168706411193,0.08914465476485467,24,28,4.0,6.0,0.33,1.5,1.0,BWD,0.0199999999999999,0.03
PHASE1__Ma6_Kn0.33_BWD_hphs1.5_Tw1,R3,Cq,0.09120083253364807,2.7206709032363876,0.1741071995388561,0.19379267974388334,0.01968548020502725,29,29,0.0,6.0,0.33,1.5,1.0,BWD,0.0199999999999999,0.03
PHASE1__Ma6_Kn0.33_BWD_hphs1.5_Tw1,R3,tau_abs,0.13043944605645086,2.951937320313382,3.8102873168305824,3.2875794109357996,0.5227079058947828,29,29,0.0,6.0,0.33,1.5,1.0,BWD,0.0199999999999999,0.03
PHASE1__Ma6_Kn0.33_FWD_hphs1.5_Tw1,R3,Cp,0.10768924884172723,3.7310575416080027,1.0704930318440726,1.032591005599725,0.037902026244347686,29,28,1.0,6.0,0.33,1.5,1.0,FWD,0.0199999999999999,0.03
PHASE1__Ma6_Kn0.33_FWD_hphs1.5_Tw1,R3,Cq,0.16063218140970942,3.3981467877295453,0.3019719036699473,0.24093112199616826,0.06104078167377905,29,29,0.0,6.0,0.33,1.5,1.0,FWD,0.0199999999999999,0.03
PHASE1__Ma6_Kn0.33_FWD_hphs1.5_Tw1,R3,tau_abs,0.3163147303933782,10.319374807183998,0.9095880593378521,0.9935771698788443,0.08398911054099212,21,25,4.0,6.0,0.33,1.5,1.0,FWD,0.0199999999999999,0.03
PHASE1__Ma6_Kn0.33_ISO_hphs1.5_Tw1,R3,Cp,0.0484230255864328,1.7061509907970887,0.8552880339081496,0.8252379958164774,0.03005003809167217,29,29,0.0,6.0,0.33,1.5,1.0,ISO,0.0199999999999999,0.03
PHASE1__Ma6_Kn0.33_ISO_hphs1.5_Tw1,R3,Cq,0.05499186271011955,1.2964663446876403,0.24852413609916824,0.22386384550518354,0.024660290593984696,29,29,0.0,6.0,0.33,1.5,1.0,ISO,0.0199999999999999,0.03
PHASE1__Ma6_Kn0.33_ISO_hphs1.5_Tw1,R3,tau_abs,0.26244398612097486,4.192645776710845,3.018045543633164,2.3718450236692883,0.6462005199638758,29,29,0.0,6.0,0.33,1.5,1.0,ISO,0.0199999999999999,0.03
PHASE1__Ma6_Kn0.8_BWD_hphs1.5_Tw1,R3,Cp,0.3954643150801637,16.73564658617387,0.28692135110386213,0.4105281838673425,0.12360683276348039,24,29,5.0,6.0,0.8,1.5,1.0,BWD,0.0199999999999999,0.03
PHASE1__Ma6_Kn0.8_BWD_hphs1.5_Tw1,R3,Cq,0.21760086526548877,8.406946664956179,0.11163164414093354,0.14517698435768786,0.033545340216754316,29,29,0.0,6.0,0.8,1.5,1.0,BWD,0.0199999999999999,0.03
PHASE1__Ma6_Kn0.8_BWD_hphs1.5_Tw1,R3,tau_abs,0.10162323555566424,3.045358691081755,2.3508189204615486,2.445615460974994,0.09479654051344522,29,29,0.0,6.0,0.8,1.5,1.0,BWD,0.0199999999999999,0.03
PHASE1__Ma6_Kn0.8_FWD_hphs1.5_Tw1,R3,Cp,0.22754359414400285,8.03934497197156,0.5258980145285392,0.5483202048533289,0.022422190324789648,29,29,0.0,6.0,0.8,1.5,1.0,FWD,0.0199999999999999,0.03
PHASE1__Ma6_Kn0.8_FWD_hphs1.5_Tw1,R3,Cq,0.11117040261309687,3.3899535721268257,0.177797345808941,0.16649525275943955,0.011302093049501444,29,29,0.0,6.0,0.8,1.5,1.0,FWD,0.0199999999999999,0.03
PHASE1__Ma6_Kn0.8_FWD_hphs1.5_Tw1,R3,tau_abs,0.23288681356040566,11.365768232493165,0.6717689679048892,0.9410146364055856,0.2692456685006964,21,29,8.0,6.0,0.8,1.5,1.0,FWD,0.0199999999999999,0.03
PHASE1__Ma6_Kn0.8_ISO_hphs1.5_Tw1,R3,Cp,0.12602633856762124,4.395305114025505,0.4375722833376935,0.4511906366295903,0.013618353291896812,29,28,1.0,6.0,0.8,1.5,1.0,ISO,0.0199999999999999,0.03
PHASE1__Ma6_Kn0.8_ISO_hphs1.5_Tw1,R3,Cq,0.029657532231930805,1.0293678519395042,0.15647429649557942,0.15104600359902273,0.005428292896556691,29,29,0.0,6.0,0.8,1.5,1.0,ISO,0.0199999999999999,0.03
PHASE1__Ma6_Kn0.8_ISO_hphs1.5_Tw1,R3,tau_abs,0.2699693802607406,5.275455505386256,1.6973528503234088,1.7063245440955064,0.008971693772097611,29,29,0.0,6.0,0.8,1.5,1.0,ISO,0.0199999999999999,0.03
PHASE1__Ma8_Kn0.1_BWD_hphs1.5_Tw1,R3,Cp,0.1547880886358649,6.3723008773633545,2.8331607269414056,2.409707645853638,0.42345308108776747,24,28,4.0,8.0,0.1,1.5,1.0,BWD,0.0199999999999999,0.03
PHASE1__Ma8_Kn0.1_BWD_hphs1.5_Tw1,R3,Cq,0.08761964831719037,2.5021025276168873,0.7817971468709604,0.762006148207305,0.019790998663655412,29,29,0.0,8.0,0.1,1.5,1.0,BWD,0.0199999999999999,0.03
PHASE1__Ma8_Kn0.1_BWD_hphs1.5_Tw1,R3,tau_abs,0.38579373497569974,6.436178102456644,13.353188303689873,7.17832352838026,6.174864775309612,29,29,0.0,8.0,0.1,1.5,1.0,BWD,0.0199999999999999,0.03
PHASE1__Ma8_Kn0.1_FWD_hphs1.5_Tw1,R3,Cp,0.20449241078133215,6.901914535581258,4.676719235597958,3.0448284229458764,1.631890812652082,29,28,1.0,8.0,0.1,1.5,1.0,FWD,0.0199999999999999,0.03
PHASE1__Ma8_Kn0.1_FWD_hphs1.5_Tw1,R3,Cq,0.3560844943608403,5.577127027342793,1.569868790261158,0.8119302269691082,0.7579385632920499,29,29,0.0,8.0,0.1,1.5,1.0,FWD,0.0199999999999999,0.03
PHASE1__Ma8_Kn0.1_FWD_hphs1.5_Tw1,R3,tau_abs,0.4887152347380478,15.832237178412257,3.8464048091692065,3.0285719521565917,0.8178328570126148,24,29,5.0,8.0,0.1,1.5,1.0,FWD,0.0199999999999999,0.03
PHASE1__Ma8_Kn0.1_ISO_hphs1.5_Tw1,R3,Cp,0.12304749916847994,3.9262798854617103,3.681442580636097,3.016749106104184,0.6646934745319131,28,29,1.0,8.0,0.1,1.5,1.0,ISO,0.0199999999999999,0.03
PHASE1__Ma8_Kn0.1_ISO_hphs1.5_Tw1,R3,Cq,0.1249627389520096,2.326290350163546,1.1727709118761507,0.9287004116463164,0.24407050022983423,29,29,0.0,8.0,0.1,1.5,1.0,ISO,0.0199999999999999,0.03
PHASE1__Ma8_Kn0.1_ISO_hphs1.5_Tw1,R3,tau_abs,0.5115355831664045,6.538645711691842,11.52976870413713,5.838776715104285,5.690991989032844,29,29,0.0,8.0,0.1,1.5,1.0,ISO,0.0199999999999999,0.03
PHASE1__Ma8_Kn0.33_BWD_hphs1.5_Tw1,R3,Cp,0.14326821628444572,5.549255852027466,1.1913212841394143,1.3424914657753717,0.1511701816359574,25,28,3.0,8.0,0.33,1.5,1.0,BWD,0.0199999999999999,0.03
PHASE1__Ma8_Kn0.33_BWD_hphs1.5_Tw1,R3,Cq,0.08918059970529556,2.928193222215292,0.4850144214034094,0.5151915783776705,0.0301771569742611,29,29,0.0,8.0,0.33,1.5,1.0,BWD,0.0199999999999999,0.03
PHASE1__Ma8_Kn0.33_BWD_hphs1.5_Tw1,R3,tau_abs,0.2692667404162308,6.244716565057417,7.927034712627416,5.550294375935622,2.3767403366917934,29,29,0.0,8.0,0.33,1.5,1.0,BWD,0.0199999999999999,0.03
PHASE1__Ma8_Kn0.33_FWD_hphs1.5_Tw1,R3,Cp,0.10611137010671881,3.7373345243656186,2.1247311482438764,1.9225987416357144,0.202132406608162,29,28,1.0,8.0,0.33,1.5,1.0,FWD,0.0199999999999999,0.03
PHASE1__Ma8_Kn0.33_FWD_hphs1.5_Tw1,R3,Cq,0.17846752714518754,3.0414529000271124,0.8706127890846229,0.6177435286518059,0.252869260432817,29,29,0.0,8.0,0.33,1.5,1.0,FWD,0.0199999999999999,0.03
PHASE1__Ma8_Kn0.33_FWD_hphs1.5_Tw1,R3,tau_abs,0.45478527137611025,14.24416896418897,2.0211166402323246,2.9313127428322687,0.9101961025999441,21,29,8.0,8.0,0.33,1.5,1.0,FWD,0.0199999999999999,0.03
PHASE1__Ma8_Kn0.33_ISO_hphs1.5_Tw1,R3,Cp,0.09139498351921245,3.400126196204875,1.7127566755112738,1.5148288280579312,0.19792784745334258,28,29,1.0,8.0,0.33,1.5,1.0,ISO,0.0199999999999999,0.03
PHASE1__Ma8_Kn0.33_ISO_hphs1.5_Tw1,R3,Cq,0.1347068537661197,3.62297052400882,0.7197337052678761,0.6049416291308433,0.1147920761370328,29,29,0.0,8.0,0.33,1.5,1.0,ISO,0.0199999999999999,0.03
PHASE1__Ma8_Kn0.33_ISO_hphs1.5_Tw1,R3,tau_abs,0.35489666514812446,5.558002124097616,6.600432423409849,4.448752013221547,2.151680410188302,29,29,0.0,8.0,0.33,1.5,1.0,ISO,0.0199999999999999,0.03
PHASE1__Ma8_Kn0.8_BWD_hphs1.5_Tw1,R3,Cp,0.3577522256849201,15.238984703180048,0.5658899669083529,0.7811460848263846,0.21525611791803168,25,28,3.0,8.0,0.8,1.5,1.0,BWD,0.0199999999999999,0.03
PHASE1__Ma8_Kn0.8_BWD_hphs1.5_Tw1,R3,Cq,0.18560980760165746,7.069017406682187,0.3021254864506323,0.3746736582630621,0.07254817181242978,29,28,1.0,8.0,0.8,1.5,1.0,BWD,0.0199999999999999,0.03
PHASE1__Ma8_Kn0.8_BWD_hphs1.5_Tw1,R3,tau_abs,0.14541959935973686,3.831834238594358,4.837840749115249,4.603579118597258,0.23426163051799076,29,28,1.0,8.0,0.8,1.5,1.0,BWD,0.0199999999999999,0.03
PHASE1__Ma8_Kn0.8_FWD_hphs1.5_Tw1,R3,Cp,0.20039741683779264,7.344130647625592,1.0355485472914951,1.0244116775259504,0.011136869765544732,29,28,1.0,8.0,0.8,1.5,1.0,FWD,0.0199999999999999,0.03
PHASE1__Ma8_Kn0.8_FWD_hphs1.5_Tw1,R3,Cq,0.10448680464051194,2.9891322909526767,0.49284394357708305,0.4299254729649542,0.06291847061212885,29,29,0.0,8.0,0.8,1.5,1.0,FWD,0.0199999999999999,0.03
PHASE1__Ma8_Kn0.8_FWD_hphs1.5_Tw1,R3,tau_abs,0.24594626752837712,12.04777607102029,1.4460564477308624,1.6389795128623021,0.19292306513143975,21,23,2.0,8.0,0.8,1.5,1.0,FWD,0.0199999999999999,0.03
PHASE1__Ma8_Kn0.8_ISO_hphs1.5_Tw1,R3,Cp,0.10437833493745363,3.383969916519337,0.8653978369199925,0.8315255281899647,0.03387230873002778,29,29,0.0,8.0,0.8,1.5,1.0,ISO,0.0199999999999999,0.03
PHASE1__Ma8_Kn0.8_ISO_hphs1.5_Tw1,R3,Cq,0.07781917654712692,2.5295366686190937,0.43211155273993584,0.4026758320662058,0.02943572067373007,29,29,0.0,8.0,0.8,1.5,1.0,ISO,0.0199999999999999,0.03
PHASE1__Ma8_Kn0.8_ISO_hphs1.5_Tw1,R3,tau_abs,0.22844915766697518,4.400668339474349,3.676242648275546,3.489658875863396,0.18658377241214996,29,29,0.0,8.0,0.8,1.5,1.0,ISO,0.0199999999999999,0.03
PHASE1__Ma4_Kn0.1_BWD_hphs1.5_Tw1,full,Cp,0.06694628598786403,2.659531620467076,0.701968411026339,0.7184027822833562,0.01643437125701719,22,25,3.0,4.0,0.1,1.5,1.0,BWD,0.0199999999999999,0.03
PHASE1__Ma4_Kn0.1_BWD_hphs1.5_Tw1,full,Cq,0.05883683723586412,1.7233760271828922,0.07402977996733523,0.0745517611942086,0.000521981226873372,29,29,0.0,4.0,0.1,1.5,1.0,BWD,0.0199999999999999,0.03
PHASE1__Ma4_Kn0.1_BWD_hphs1.5_Tw1,full,tau_abs,0.34368425395506647,4.329973717955931,2.8424561232849315,1.5581971082253225,1.284259015059609,29,29,0.0,4.0,0.1,1.5,1.0,BWD,0.0199999999999999,0.03
PHASE1__Ma4_Kn0.1_FWD_hphs1.5_Tw1,full,Cp,0.05446578077255199,1.3720632233224415,1.076309885415225,0.9058944574684279,0.1704154279467972,29,28,1.0,4.0,0.1,1.5,1.0,FWD,0.0199999999999999,0.03
PHASE1__Ma4_Kn0.1_FWD_hphs1.5_Tw1,full,Cq,0.2436457923575853,4.192528097803563,0.13179674328075505,0.09163954803096183,0.04015719524979322,29,29,0.0,4.0,0.1,1.5,1.0,FWD,0.0199999999999999,0.03
PHASE1__Ma4_Kn0.1_FWD_hphs1.5_Tw1,full,tau_abs,0.6359974421309327,20.026000605450722,0.5220490347180042,0.9205755749971513,0.398526540279147,22,29,7.0,4.0,0.1,1.5,1.0,FWD,0.0199999999999999,0.03
PHASE1__Ma4_Kn0.1_ISO_hphs1.5_Tw1,full,Cp,0.052115705465412145,1.8789884071595255,0.8634403015328955,0.7815754829672636,0.08186481856563188,29,25,4.0,4.0,0.1,1.5,1.0,ISO,0.0199999999999999,0.03
PHASE1__Ma4_Kn0.1_ISO_hphs1.5_Tw1,full,Cq,0.12263968884928655,2.458569053833613,0.10494855343224858,0.08399515061638509,0.020953402815863498,29,29,0.0,4.0,0.1,1.5,1.0,ISO,0.0199999999999999,0.03
PHASE1__Ma4_Kn0.1_ISO_hphs1.5_Tw1,full,tau_abs,0.41700128721044744,5.070167087574493,2.273624827624162,1.1874313830693735,1.0861934445547885,29,29,0.0,4.0,0.1,1.5,1.0,ISO,0.0199999999999999,0.03
PHASE1__Ma4_Kn0.33_BWD_hphs1.5_Tw1,full,Cp,0.16184894325822635,7.005314885938323,0.2502652620340223,0.2953711985619575,0.04510593652793521,20,26,6.0,4.0,0.33,1.5,1.0,BWD,0.0199999999999999,0.03
PHASE1__Ma4_Kn0.33_BWD_hphs1.5_Tw1,full,Cq,0.09156993373335488,3.2466611150289038,0.042792962160753234,0.0481308395926233,0.005337877431870065,29,29,0.0,4.0,0.33,1.5,1.0,BWD,0.0199999999999999,0.03
PHASE1__Ma4_Kn0.33_BWD_hphs1.5_Tw1,full,tau_abs,0.09243983205756388,2.0251400531041304,1.4231513920872931,1.2446911318844116,0.17846026020288153,29,28,1.0,4.0,0.33,1.5,1.0,BWD,0.0199999999999999,0.03
PHASE1__Ma4_Kn0.33_FWD_hphs1.5_Tw1,full,Cp,0.07124198105017522,2.616990686431937,0.42600671825000297,0.3780336901988584,0.04797302805114456,29,27,2.0,4.0,0.33,1.5,1.0,FWD,0.0199999999999999,0.03
PHASE1__Ma4_Kn0.33_FWD_hphs1.5_Tw1,full,Cq,0.12280856132799242,3.210460813047329,0.06827426526116272,0.06469261575271286,0.003581649508449858,29,29,0.0,4.0,0.33,1.5,1.0,FWD,0.0199999999999999,0.03
PHASE1__Ma4_Kn0.33_FWD_hphs1.5_Tw1,full,tau_abs,0.4731232211347405,18.523304907349704,0.28509087337768285,0.4368441323763881,0.15175325899870523,21,29,8.0,4.0,0.33,1.5,1.0,FWD,0.0199999999999999,0.03
PHASE1__Ma4_Kn0.33_ISO_hphs1.5_Tw1,full,Cp,0.06223132523861959,2.136529017895132,0.345417588150757,0.34109996960486855,0.004317618545888469,29,28,1.0,4.0,0.33,1.5,1.0,ISO,0.0199999999999999,0.03
PHASE1__Ma4_Kn0.33_ISO_hphs1.5_Tw1,full,Cq,0.07340928373591696,1.881652300487584,0.05883884313695097,0.05188835951701972,0.0069504836199312525,29,29,0.0,4.0,0.33,1.5,1.0,ISO,0.0199999999999999,0.03
PHASE1__Ma4_Kn0.33_ISO_hphs1.5_Tw1,full,tau_abs,0.15530669956782472,2.5518360951921046,1.0448997068221428,0.9625203838960179,0.08237932292612493,29,29,0.0,4.0,0.33,1.5,1.0,ISO,0.0199999999999999,0.03
PHASE1__Ma4_Kn0.8_BWD_hphs1.5_Tw1,full,Cp,0.5515375993660918,21.649387438766315,0.10920129741117635,0.1931180949300572,0.08391679751888084,23,29,6.0,4.0,0.8,1.5,1.0,BWD,0.0199999999999999,0.03
PHASE1__Ma4_Kn0.8_BWD_hphs1.5_Tw1,full,Cq,0.33411658580255466,13.358076419731056,0.028336534978995263,0.043950195024544794,0.01561366004554953,29,29,0.0,4.0,0.8,1.5,1.0,BWD,0.0199999999999999,0.03
PHASE1__Ma4_Kn0.8_BWD_hphs1.5_Tw1,full,tau_abs,0.2665220327424733,5.631367380539461,0.8718923596878229,1.234545929803569,0.36265357011574617,29,29,0.0,4.0,0.8,1.5,1.0,BWD,0.0199999999999999,0.03
PHASE1__Ma4_Kn0.8_FWD_hphs1.5_Tw1,full,Cp,0.25236213201130087,8.983502387272116,0.20061819998860883,0.23486972327673342,0.034251523288124586,29,29,0.0,4.0,0.8,1.5,1.0,FWD,0.0199999999999999,0.03
PHASE1__Ma4_Kn0.8_FWD_hphs1.5_Tw1,full,Cq,0.2239376993121562,6.711938548580915,0.04202824789859222,0.05155782180899021,0.009529573910397993,29,29,0.0,4.0,0.8,1.5,1.0,FWD,0.0199999999999999,0.03
PHASE1__Ma4_Kn0.8_FWD_hphs1.5_Tw1,full,tau_abs,0.23775229505897633,13.931872445235028,0.24910956109985022,0.29838520049992817,0.04927563940007795,22,25,3.0,4.0,0.8,1.5,1.0,FWD,0.0199999999999999,0.03
PHASE1__Ma4_Kn0.8_ISO_hphs1.5_Tw1,full,Cp,0.07430987138385295,2.278766897077531,0.16848922123804277,0.1685569843166379,6.776307859512887e-05,29,29,0.0,4.0,0.8,1.5,1.0,ISO,0.0199999999999999,0.03
PHASE1__Ma4_Kn0.8_ISO_hphs1.5_Tw1,full,Cq,0.03597168265836788,1.235885814437939,0.038271549090210445,0.04029175793286847,0.0020202088426580223,29,29,0.0,4.0,0.8,1.5,1.0,ISO,0.0199999999999999,0.03
PHASE1__Ma4_Kn0.8_ISO_hphs1.5_Tw1,full,tau_abs,0.6166756775990387,11.958486718197634,0.5748536957704977,0.9196445106306441,0.3447908148601464,29,29,0.0,4.0,0.8,1.5,1.0,ISO,0.0199999999999999,0.03
PHASE1__Ma6_Kn0.1_BWD_hphs1.5_Tw1,full,Cp,0.0563188571295486,2.075202644681625,1.5339085610781122,1.50876615762941,0.025142403448702222,23,24,1.0,6.0,0.1,1.5,1.0,BWD,0.0199999999999999,0.03
PHASE1__Ma6_Kn0.1_BWD_hphs1.5_Tw1,full,Cq,0.049966876670565145,1.4483089349955731,0.2874192952717853,0.2994913957485395,0.012072100476754222,29,29,0.0,6.0,0.1,1.5,1.0,BWD,0.0199999999999999,0.03
PHASE1__Ma6_Kn0.1_BWD_hphs1.5_Tw1,full,tau_abs,0.31179923537809767,4.131092445756446,6.780560061882794,3.930674177928336,2.8498858839544585,29,29,0.0,6.0,0.1,1.5,1.0,BWD,0.0199999999999999,0.03
PHASE1__Ma6_Kn0.1_FWD_hphs1.5_Tw1,full,Cp,0.07254322120264486,1.7548852704840818,2.45257496245697,1.990892512605459,0.46168244985151086,29,28,1.0,6.0,0.1,1.5,1.0,FWD,0.0199999999999999,0.03
PHASE1__Ma6_Kn0.1_FWD_hphs1.5_Tw1,full,Cq,0.1883744358136469,2.594372540090741,0.5530867893007966,0.40281317522925747,0.1502736140715391,29,29,0.0,6.0,0.1,1.5,1.0,FWD,0.0199999999999999,0.03
PHASE1__Ma6_Kn0.1_FWD_hphs1.5_Tw1,full,tau_abs,0.40968685424904144,12.469490773588324,1.73797673405745,1.7691322941963565,0.031155560138906635,23,27,4.0,6.0,0.1,1.5,1.0,FWD,0.0199999999999999,0.03
PHASE1__Ma6_Kn0.1_ISO_hphs1.5_Tw1,full,Cp,0.06587952382883593,2.1700688390185987,1.941088311058775,1.7598600831983644,0.1812282278604107,29,28,1.0,6.0,0.1,1.5,1.0,ISO,0.0199999999999999,0.03
PHASE1__Ma6_Kn0.1_ISO_hphs1.5_Tw1,full,Cq,0.07606843508317748,1.5631573253288173,0.4219718895734579,0.3731077372588882,0.0488641523145697,29,29,0.0,6.0,0.1,1.5,1.0,ISO,0.0199999999999999,0.03
PHASE1__Ma6_Kn0.1_ISO_hphs1.5_Tw1,full,tau_abs,0.3933823220998681,4.795932785912132,5.6442007685853985,3.3530758022423197,2.291124966343079,29,29,0.0,6.0,0.1,1.5,1.0,ISO,0.0199999999999999,0.03
PHASE1__Ma6_Kn0.33_BWD_hphs1.5_Tw1,full,Cp,0.1311339505822597,5.554866098614609,0.6104722158762647,0.7124353569830634,0.10196314110679872,24,29,5.0,6.0,0.33,1.5,1.0,BWD,0.0199999999999999,0.03
PHASE1__Ma6_Kn0.33_BWD_hphs1.5_Tw1,full,Cq,0.09077742998976925,3.19300065495851,0.1741071995388561,0.19809773196068517,0.02399053242182908,29,29,0.0,6.0,0.33,1.5,1.0,BWD,0.0199999999999999,0.03
PHASE1__Ma6_Kn0.33_BWD_hphs1.5_Tw1,full,tau_abs,0.09155767139377186,2.095589148133723,3.8102873168305824,3.4149563001574115,0.39533101667317094,29,29,0.0,6.0,0.33,1.5,1.0,BWD,0.0199999999999999,0.03
PHASE1__Ma6_Kn0.33_FWD_hphs1.5_Tw1,full,Cp,0.05099366920415234,1.9018266905273982,1.0704930318440726,1.005982946439966,0.06451008540410652,29,29,0.0,6.0,0.33,1.5,1.0,FWD,0.0199999999999999,0.03
PHASE1__Ma6_Kn0.33_FWD_hphs1.5_Tw1,full,Cq,0.09104857867791727,1.8582631478923672,0.3019719036699473,0.2879548862581002,0.014017017411847132,29,29,0.0,6.0,0.33,1.5,1.0,FWD,0.0199999999999999,0.03
PHASE1__Ma6_Kn0.33_FWD_hphs1.5_Tw1,full,tau_abs,0.31429854674683044,8.838314282707074,0.9095880593378521,1.1585872428480923,0.2489991835102402,21,24,3.0,6.0,0.33,1.5,1.0,FWD,0.0199999999999999,0.03
PHASE1__Ma6_Kn0.33_ISO_hphs1.5_Tw1,full,Cp,0.04149614190038187,1.6161588098242576,0.8552880339081496,0.8353332011238515,0.019954832784298104,29,29,0.0,6.0,0.33,1.5,1.0,ISO,0.0199999999999999,0.03
PHASE1__Ma6_Kn0.33_ISO_hphs1.5_Tw1,full,Cq,0.034288738568821225,0.8518383839741084,0.24852413609916824,0.2437085358689114,0.004815600230256845,29,29,0.0,6.0,0.33,1.5,1.0,ISO,0.0199999999999999,0.03
PHASE1__Ma6_Kn0.33_ISO_hphs1.5_Tw1,full,tau_abs,0.1883412148926585,2.791050650187279,3.018045543633164,2.7509315231185765,0.26711402051458766,29,29,0.0,6.0,0.33,1.5,1.0,ISO,0.0199999999999999,0.03
PHASE1__Ma6_Kn0.8_BWD_hphs1.5_Tw1,full,Cp,0.378930456089158,15.76385147449821,0.28692135110386213,0.42784290375885153,0.1409215526549894,24,29,5.0,6.0,0.8,1.5,1.0,BWD,0.0199999999999999,0.03
PHASE1__Ma6_Kn0.8_BWD_hphs1.5_Tw1,full,Cq,0.27153657663851394,10.307509900256406,0.11163164414093354,0.15908775575843598,0.04745611161750243,29,29,0.0,6.0,0.8,1.5,1.0,BWD,0.0199999999999999,0.03
PHASE1__Ma6_Kn0.8_BWD_hphs1.5_Tw1,full,tau_abs,0.1758265303399113,4.214906119864608,2.3508189204615486,3.096626267974905,0.7458073475133564,29,29,0.0,6.0,0.8,1.5,1.0,BWD,0.0199999999999999,0.03
PHASE1__Ma6_Kn0.8_FWD_hphs1.5_Tw1,full,Cp,0.17538266702865601,6.37213193364402,0.5258980145285392,0.6052861577265342,0.07938814319799492,29,29,0.0,6.0,0.8,1.5,1.0,FWD,0.0199999999999999,0.03
PHASE1__Ma6_Kn0.8_FWD_hphs1.5_Tw1,full,Cq,0.17452212894859115,3.994735256726088,0.177797345808941,0.21319294118338883,0.035395595374447836,29,29,0.0,6.0,0.8,1.5,1.0,FWD,0.0199999999999999,0.03
PHASE1__Ma6_Kn0.8_FWD_hphs1.5_Tw1,full,tau_abs,0.25539917060503337,12.597386096479875,0.6717689679048892,0.8718205354173398,0.20005156751245068,21,23,2.0,6.0,0.8,1.5,1.0,FWD,0.0199999999999999,0.03
PHASE1__Ma6_Kn0.8_ISO_hphs1.5_Tw1,full,Cp,0.05509643147702149,1.7062188332583554,0.4375722833376935,0.45342717703328234,0.015854893695588845,29,29,0.0,6.0,0.8,1.5,1.0,ISO,0.0199999999999999,0.03
PHASE1__Ma6_Kn0.8_ISO_hphs1.5_Tw1,full,Cq,0.04968190734647228,1.2805349634114402,0.15647429649557942,0.1725671601980207,0.016092863702441285,29,29,0.0,6.0,0.8,1.5,1.0,ISO,0.0199999999999999,0.03
PHASE1__Ma6_Kn0.8_ISO_hphs1.5_Tw1,full,tau_abs,0.3889843599282118,7.489504981350871,1.6973528503234088,2.337809621303833,0.6404567709804241,29,29,0.0,6.0,0.8,1.5,1.0,ISO,0.0199999999999999,0.03
PHASE1__Ma8_Kn0.1_BWD_hphs1.5_Tw1,full,Cp,0.12550792273739056,4.895567357899281,2.8331607269414056,2.518381005668332,0.31477972127307385,24,27,3.0,8.0,0.1,1.5,1.0,BWD,0.0199999999999999,0.03
PHASE1__Ma8_Kn0.1_BWD_hphs1.5_Tw1,full,Cq,0.10453128570239954,3.402325368734384,0.7817971468709604,0.7791782462189404,0.002618900652019973,29,29,0.0,8.0,0.1,1.5,1.0,BWD,0.0199999999999999,0.03
PHASE1__Ma8_Kn0.1_BWD_hphs1.5_Tw1,full,tau_abs,0.36318315660157874,5.254755086895935,13.353188303689873,7.116289456971074,6.236898846718798,29,29,0.0,8.0,0.1,1.5,1.0,BWD,0.0199999999999999,0.03
PHASE1__Ma8_Kn0.1_FWD_hphs1.5_Tw1,full,Cp,0.2357586915812289,8.52543511059451,4.676719235597958,2.9973711053535075,1.6793481302444508,29,25,4.0,8.0,0.1,1.5,1.0,FWD,0.0199999999999999,0.03
PHASE1__Ma8_Kn0.1_FWD_hphs1.5_Tw1,full,Cq,0.2641963483423931,2.5430615845835436,1.569868790261158,0.8991509015470662,0.6707178887140919,29,29,0.0,8.0,0.1,1.5,1.0,FWD,0.0199999999999999,0.03
PHASE1__Ma8_Kn0.1_FWD_hphs1.5_Tw1,full,tau_abs,0.5084630638182808,15.642431819014254,3.8464048091692065,3.787165713453955,0.059239095715251544,24,28,4.0,8.0,0.1,1.5,1.0,FWD,0.0199999999999999,0.03
PHASE1__Ma8_Kn0.1_ISO_hphs1.5_Tw1,full,Cp,0.10187796016856296,3.41830638825831,3.681442580636097,3.2008964294345073,0.48054615120158983,28,29,1.0,8.0,0.1,1.5,1.0,ISO,0.0199999999999999,0.03
PHASE1__Ma8_Kn0.1_ISO_hphs1.5_Tw1,full,Cq,0.1524684470094313,2.9598334589007806,1.1727709118761507,0.9080656980211841,0.2647052138549666,29,29,0.0,8.0,0.1,1.5,1.0,ISO,0.0199999999999999,0.03
PHASE1__Ma8_Kn0.1_ISO_hphs1.5_Tw1,full,tau_abs,0.4849681699082194,6.470833444400899,11.52976870413713,5.917424218763652,5.612344485373478,29,29,0.0,8.0,0.1,1.5,1.0,ISO,0.0199999999999999,0.03
PHASE1__Ma8_Kn0.33_BWD_hphs1.5_Tw1,full,Cp,0.1543926460312959,6.949916601690458,1.1913212841394143,1.3580742967111896,0.16675301257177533,25,25,0.0,8.0,0.33,1.5,1.0,BWD,0.0199999999999999,0.03
PHASE1__Ma8_Kn0.33_BWD_hphs1.5_Tw1,full,Cq,0.05524353379305302,1.759968691726732,0.4850144214034094,0.5371120642817054,0.05209764287829605,29,29,0.0,8.0,0.33,1.5,1.0,BWD,0.0199999999999999,0.03
PHASE1__Ma8_Kn0.33_BWD_hphs1.5_Tw1,full,tau_abs,0.17691738575565866,4.227243642906961,7.927034712627416,6.3423929022984025,1.5846418103290132,29,29,0.0,8.0,0.33,1.5,1.0,BWD,0.0199999999999999,0.03
PHASE1__Ma8_Kn0.33_FWD_hphs1.5_Tw1,full,Cp,0.10233013827540356,3.989457666730429,2.1247311482438764,1.968938605568549,0.1557925426753275,29,28,1.0,8.0,0.33,1.5,1.0,FWD,0.0199999999999999,0.03
PHASE1__Ma8_Kn0.33_FWD_hphs1.5_Tw1,full,Cq,0.0657349453728347,1.3344464603362085,0.8706127890846229,0.7857888223057838,0.08482396677883908,29,29,0.0,8.0,0.33,1.5,1.0,FWD,0.0199999999999999,0.03
PHASE1__Ma8_Kn0.33_FWD_hphs1.5_Tw1,full,tau_abs,0.38461382753496154,11.327242294106886,2.0211166402323246,2.4040359525667836,0.38291931233445897,21,25,4.0,8.0,0.33,1.5,1.0,FWD,0.0199999999999999,0.03
PHASE1__Ma8_Kn0.33_ISO_hphs1.5_Tw1,full,Cp,0.07698240077638421,2.820965153139916,1.7127566755112738,1.6357292162401547,0.07702745927111909,28,29,1.0,8.0,0.33,1.5,1.0,ISO,0.0199999999999999,0.03
PHASE1__Ma8_Kn0.33_ISO_hphs1.5_Tw1,full,Cq,0.10035002808261947,2.5536079438477124,0.7197337052678761,0.6496203933853267,0.07011331188254932,29,29,0.0,8.0,0.33,1.5,1.0,ISO,0.0199999999999999,0.03
PHASE1__Ma8_Kn0.33_ISO_hphs1.5_Tw1,full,tau_abs,0.20910637361988318,3.358270711568521,6.600432423409849,5.634297642120937,0.9661347812889121,29,29,0.0,8.0,0.33,1.5,1.0,ISO,0.0199999999999999,0.03
PHASE1__Ma8_Kn0.8_BWD_hphs1.5_Tw1,full,Cp,0.33667990127238684,14.147640804704114,0.5658899669083529,0.7849709626044701,0.21908099569611716,25,27,2.0,8.0,0.8,1.5,1.0,BWD,0.0199999999999999,0.03
PHASE1__Ma8_Kn0.8_BWD_hphs1.5_Tw1,full,Cq,0.22826076263107622,8.340280914982493,0.3021254864506323,0.40312578151289413,0.10100029506226182,29,28,1.0,8.0,0.8,1.5,1.0,BWD,0.0199999999999999,0.03
PHASE1__Ma8_Kn0.8_BWD_hphs1.5_Tw1,full,tau_abs,0.13531473851866982,3.9834713743448167,4.837840749115249,5.1804672779611165,0.34262652884586764,29,28,1.0,8.0,0.8,1.5,1.0,BWD,0.0199999999999999,0.03
PHASE1__Ma8_Kn0.8_FWD_hphs1.5_Tw1,full,Cp,0.14697231374104094,5.628530950098409,1.0355485472914951,1.0854290596207066,0.049880512329211424,29,28,1.0,8.0,0.8,1.5,1.0,FWD,0.0199999999999999,0.03
PHASE1__Ma8_Kn0.8_FWD_hphs1.5_Tw1,full,Cq,0.10964142043522582,2.436937569464122,0.49284394357708305,0.5543923391117416,0.06154839553465852,29,29,0.0,8.0,0.8,1.5,1.0,FWD,0.0199999999999999,0.03
PHASE1__Ma8_Kn0.8_FWD_hphs1.5_Tw1,full,tau_abs,0.29353596448873015,14.008689158586996,1.4460564477308624,1.8233748104743537,0.3773183627434913,21,25,4.0,8.0,0.8,1.5,1.0,FWD,0.0199999999999999,0.03
PHASE1__Ma8_Kn0.8_ISO_hphs1.5_Tw1,full,Cp,0.06042413073431053,2.2202235380958286,0.8653978369199925,0.8748210902653957,0.00942325334540317,29,29,0.0,8.0,0.8,1.5,1.0,ISO,0.0199999999999999,0.03
PHASE1__Ma8_Kn0.8_ISO_hphs1.5_Tw1,full,Cq,0.06781568436461156,2.1635227809001223,0.43211155273993584,0.43481814059840107,0.002706587858465226,29,29,0.0,8.0,0.8,1.5,1.0,ISO,0.0199999999999999,0.03
PHASE1__Ma8_Kn0.8_ISO_hphs1.5_Tw1,full,tau_abs,0.2752562403312292,5.1520249122034025,3.676242648275546,4.2906894827214686,0.6144468344459226,29,29,0.0,8.0,0.8,1.5,1.0,ISO,0.0199999999999999,0.03
