case_id,surface_i,geom,Ma,Kn,hphs,TwTinf,s01,Cp,Cq,tau_abs
PHASE1__Ma4_Kn0.1_BWD_hphs1.5_Tw1,0,BWD,4.0,0.1,1.5,1.0,0.0,0.5649719075907333,0.016182025711992513,0.1587878987832511
PHASE1__Ma4_Kn0.1_BWD_hphs1.5_Tw1,1,BWD,4.0,0.1,1.5,1.0,0.01694915254237288,0.5680054679675101,0.019355077957358427,0.15411392295960805
PHASE1__Ma4_Kn0.1_BWD_hphs1.5_Tw1,2,BWD,4.0,0.1,1.5,1.0,0.03389830508474576,0.5740310840150712,0.021822577307539722,0.1349946041244612
PHASE1__Ma4_Kn0.1_BWD_hphs1.5_Tw1,3,BWD,4.0,0.1,1.5,1.0,0.05084745762711865,0.5806129870175731,0.023897896627959197,0.13744670902025993
PHASE1__Ma4_Kn0.1_BWD_hphs1.5_Tw1,4,BWD,4.0,0.1,1.5,1.0,0.06779661016949153,0.5879667536568861,0.02574386566255565,0.11123595769794944
PHASE1__Ma4_Kn0.1_BWD_hphs1.5_Tw1,5,BWD,4.0,0.1,1.5,1.0,0.0847457627118644,0.5945083908998434,0.027570700842391757,0.08428854253099884
PHASE1__Ma4_Kn0.1_BWD_hphs1.5_Tw1,6,BWD,4.0,0.1,1.5,1.0,0.1016949152542373,0.6036270367536626,0.029593290074776027,0.07274714564847201
PHASE1__Ma4_Kn0.1_BWD_hphs1.5_Tw1,7,BWD,4.0,0.1,1.5,1.0,0.11864406779661017,0.6119403674165874,0.031007595506409545,0.03440329048913781
PHASE1__Ma4_Kn0.1_BWD_hphs1.5_Tw1,8,BWD,4.0,0.1,1.5,1.0,0.13559322033898305,0.6199811298610557,0.03277136575692685,0.007102788622069503
PHASE1__Ma4_Kn0.1_BWD_hphs1.5_Tw1,9,BWD,4.0,0.1,1.5,1.0,0.15254237288135594,0.6285360550812489,0.03429119535745606,0.04925804832694856
PHASE1__Ma4_Kn0.1_BWD_hphs1.5_Tw1,10,BWD,4.0,0.1,1.5,1.0,0.1694915254237288,0.6365644280612419,0.03600844282399085,0.08111518871838985
PHASE1__Ma4_Kn0.1_BWD_hphs1.5_Tw1,11,BWD,4.0,0.1,1.5,1.0,0.1864406779661017,0.643725538527964,0.03748379741094668,0.12803610771216062
PHASE1__Ma4_Kn0.1_BWD_hphs1.5_Tw1,12,BWD,4.0,0.1,1.5,1.0,0.2033898305084746,0.6497344287984835,0.03887532139677858,0.17908327761686738
PHASE1__Ma4_Kn0.1_BWD_hphs1.5_Tw1,13,BWD,4.0,0.1,1.5,1.0,0.22033898305084745,0.6593176795701262,0.04057241112334845,0.23700805091810698
PHASE1__Ma4_Kn0.1_BWD_hphs1.5_Tw1,14,BWD,4.0,0.1,1.5,1.0,0.23728813559322035,0.6659088746709847,0.04211975763875041,0.3048733313492671
PHASE1__Ma4_Kn0.1_BWD_hphs1.5_Tw1,15,BWD,4.0,0.1,1.5,1.0,0.2542372881355932,0.6727726379902996,0.043684702181105844,0.36853132643236725
PHASE1__Ma4_Kn0.1_BWD_hphs1.5_Tw1,16,BWD,4.0,0.1,1.5,1.0,0.2711864406779661,0.6801691482820525,0.0455932881952441,0.4330845187004495
PHASE1__Ma4_Kn0.1_BWD_hphs1.5_Tw1,17,BWD,4.0,0.1,1.5,1.0,0.288135593220339,0.6867169802572475,0.04695217584018043,0.511788331873637
PHASE1__Ma4_Kn0.1_BWD_hphs1.5_Tw1,18,BWD,4.0,0.1,1.5,1.0,0.3050847457627119,0.6897090359280318,0.04842977017602124,0.6111241067082857
PHASE1__Ma4_Kn0.1_BWD_hphs1.5_Tw1,19,BWD,4.0,0.1,1.5,1.0,0.3220338983050847,0.693147112319927,0.049745142699763475,0.6875807345308622
PHASE1__Ma4_Kn0.1_BWD_hphs1.5_Tw1,20,BWD,4.0,0.1,1.5,1.0,0.3389830508474576,0.698827681781851,0.05143807289268979,0.7885060854096182
PHASE1__Ma4_Kn0.1_BWD_hphs1.5_Tw1,21,BWD,4.0,0.1,1.5,1.0,0.3559322033898305,0.7012684062834847,0.0532084344042115,0.9012712322325616
PHASE1__Ma4_Kn0.1_BWD_hphs1.5_Tw1,22,BWD,4.0,0.1,1.5,1.0,0.3728813559322034,0.701968411026339,0.05483385216646169,1.0267162178557423
PHASE1__Ma4_Kn0.1_BWD_hphs1.5_Tw1,23,BWD,4.0,0.1,1.5,1.0,0.3898305084745763,0.7013055746769106,0.05668292485308449,1.1569341742519321
PHASE1__Ma4_Kn0.1_BWD_hphs1.5_Tw1,24,BWD,4.0,0.1,1.5,1.0,0.4067796610169492,0.6977126299790742,0.058167238435580276,1.329620963926186
PHASE1__Ma4_Kn0.1_BWD_hphs1.5_Tw1,25,BWD,4.0,0.1,1.5,1.0,0.423728813559322,0.6919948921237243,0.060099501795074145,1.4974965990612468
PHASE1__Ma4_Kn0.1_BWD_hphs1.5_Tw1,26,BWD,4.0,0.1,1.5,1.0,0.4406779661016949,0.6812222527624527,0.062275257854779116,1.7102367452490312
PHASE1__Ma4_Kn0.1_BWD_hphs1.5_Tw1,27,BWD,4.0,0.1,1.5,1.0,0.4576271186440678,0.6665841004848884,0.06464427224684612,1.9778342355212681
PHASE1__Ma4_Kn0.1_BWD_hphs1.5_Tw1,28,BWD,4.0,0.1,1.5,1.0,0.4745762711864407,0.6453609478387033,0.06780423795944115,2.3313451997076706
PHASE1__Ma4_Kn0.1_BWD_hphs1.5_Tw1,29,BWD,4.0,0.1,1.5,1.0,0.4915254237288136,0.6170572162448854,0.07402977996733523,2.8424561232849315
PHASE1__Ma4_Kn0.1_BWD_hphs1.5_Tw1,30,BWD,4.0,0.1,1.5,1.0,0.5084745762711864,-0.009228106772458448,0.0005628456951568263,0.07876885800936814
PHASE1__Ma4_Kn0.1_BWD_hphs1.5_Tw1,31,BWD,4.0,0.1,1.5,1.0,0.5254237288135594,-0.006319679986882285,0.0006348472225267395,0.08530708843120834
PHASE1__Ma4_Kn0.1_BWD_hphs1.5_Tw1,32,BWD,4.0,0.1,1.5,1.0,0.5423728813559322,-0.003873689962846614,0.0006664532789352184,0.08765991787869756
PHASE1__Ma4_Kn0.1_BWD_hphs1.5_Tw1,33,BWD,4.0,0.1,1.5,1.0,0.559322033898305,-0.001807684814268329,0.0007042858372439707,0.08730425651026415
PHASE1__Ma4_Kn0.1_BWD_hphs1.5_Tw1,34,BWD,4.0,0.1,1.5,1.0,0.576271186440678,0.0002510105502695372,0.000729943760542168,0.08686653403658973
PHASE1__Ma4_Kn0.1_BWD_hphs1.5_Tw1,35,BWD,4.0,0.1,1.5,1.0,0.5932203389830508,0.0021438729328055327,0.0007546321925372909,0.08449289680203893
PHASE1__Ma4_Kn0.1_BWD_hphs1.5_Tw1,36,BWD,4.0,0.1,1.5,1.0,0.6101694915254238,0.003908318516055074,0.0007829170213134556,0.08276755811065106
PHASE1__Ma4_Kn0.1_BWD_hphs1.5_Tw1,37,BWD,4.0,0.1,1.5,1.0,0.6271186440677966,0.005426895176792329,0.0008030011695292909,0.07989032815879529
PHASE1__Ma4_Kn0.1_BWD_hphs1.5_Tw1,38,BWD,4.0,0.1,1.5,1.0,0.6440677966101694,0.007298757417042696,0.0008175851344118428,0.07744282011813619
PHASE1__Ma4_Kn0.1_BWD_hphs1.5_Tw1,39,BWD,4.0,0.1,1.5,1.0,0.6610169491525424,0.008666244558503696,0.0008210375473359923,0.07311457906190802
PHASE1__Ma4_Kn0.1_BWD_hphs1.5_Tw1,40,BWD,4.0,0.1,1.5,1.0,0.6779661016949152,0.009913306105264799,0.0008293694131881567,0.0686056454601952
PHASE1__Ma4_Kn0.1_BWD_hphs1.5_Tw1,41,BWD,4.0,0.1,1.5,1.0,0.6949152542372882,0.011118491262099395,0.0008161452958429205,0.06360352303449865
PHASE1__Ma4_Kn0.1_BWD_hphs1.5_Tw1,42,BWD,4.0,0.1,1.5,1.0,0.711864406779661,0.012384756478797204,0.0008284575154278391,0.05795737114060644
PHASE1__Ma4_Kn0.1_BWD_hphs1.5_Tw1,43,BWD,4.0,0.1,1.5,1.0,0.7288135593220338,0.013342585977382483,0.0008392659036185501,0.053455141567486285
PHASE1__Ma4_Kn0.1_BWD_hphs1.5_Tw1,44,BWD,4.0,0.1,1.5,1.0,0.7457627118644068,0.014480806078728094,0.0008302141184819245,0.04855086001267125
PHASE1__Ma4_Kn0.1_BWD_hphs1.5_Tw1,45,BWD,4.0,0.1,1.5,1.0,0.7627118644067796,0.015315174563817023,0.000818010686699991,0.04144544346969881
PHASE1__Ma4_Kn0.1_BWD_hphs1.5_Tw1,46,BWD,4.0,0.1,1.5,1.0,0.7796610169491526,0.01576695638590876,0.0008085973421005027,0.0355781534990224
PHASE1__Ma4_Kn0.1_BWD_hphs1.5_Tw1,47,BWD,4.0,0.1,1.5,1.0,0.7966101694915254,0.01656799721155914,0.0008225349794476716,0.02952376104602698
PHASE1__Ma4_Kn0.1_BWD_hphs1.5_Tw1,48,BWD,4.0,0.1,1.5,1.0,0.8135593220338984,0.017022194979223557,0.0007871309488585018,0.023802777013577636
PHASE1__Ma4_Kn0.1_BWD_hphs1.5_Tw1,49,BWD,4.0,0.1,1.5,1.0,0.8305084745762712,0.017485746792566828,0.0007656837534640864,0.019576607955641857
PHASE1__Ma4_Kn0.1_BWD_hphs1.5_Tw1,50,BWD,4.0,0.1,1.5,1.0,0.847457627118644,0.01768893400996171,0.0007433726549283177,0.0137754064257865
PHASE1__Ma4_Kn0.1_BWD_hphs1.5_Tw1,51,BWD,4.0,0.1,1.5,1.0,0.864406779661017,0.017923094888544835,0.000717404366427486,0.009506932417315272
PHASE1__Ma4_Kn0.1_BWD_hphs1.5_Tw1,52,BWD,4.0,0.1,1.5,1.0,0.8813559322033898,0.017983121843927655,0.0006931446863617755,0.0025607178971024905
PHASE1__Ma4_Kn0.1_BWD_hphs1.5_Tw1,53,BWD,4.0,0.1,1.5,1.0,0.8983050847457628,0.017939882612908867,0.0006560416462612772,0.0010662352779682352
PHASE1__Ma4_Kn0.1_BWD_hphs1.5_Tw1,54,BWD,4.0,0.1,1.5,1.0,0.9152542372881356,0.017781235520302675,0.0006189674029321574,0.005447687347948669
PHASE1__Ma4_Kn0.1_BWD_hphs1.5_Tw1,55,BWD,4.0,0.1,1.5,1.0,0.9322033898305084,0.01771222620317527,0.0005887243937022583,0.008355635665022738
PHASE1__Ma4_Kn0.1_BWD_hphs1.5_Tw1,56,BWD,4.0,0.1,1.5,1.0,0.9491525423728814,0.017287948992218697,0.0005405825912400215,0.011250536424473281
PHASE1__Ma4_Kn0.1_BWD_hphs1.5_Tw1,57,BWD,4.0,0.1,1.5,1.0,0.9661016949152542,0.01704561106708187,0.0004927799507517975,0.012702765005733987
PHASE1__Ma4_Kn0.1_BWD_hphs1.5_Tw1,58,BWD,4.0,0.1,1.5,1.0,0.9830508474576272,0.016901273805944646,0.00044622197071537544,0.01319850262540793
PHASE1__Ma4_Kn0.1_BWD_hphs1.5_Tw1,59,BWD,4.0,0.1,1.5,1.0,1.0,0.016421553741461117,0.000380322159236429,0.01394585951622918
PHASE1__Ma4_Kn0.1_FWD_hphs1.5_Tw1,0,FWD,4.0,0.1,1.5,1.0,0.0,0.7602174782569516,0.0006089781229051001,0.014898122512585267
PHASE1__Ma4_Kn0.1_FWD_hphs1.5_Tw1,1,FWD,4.0,0.1,1.5,1.0,0.01694915254237288,0.7597962364647917,0.0013873132579281181,0.025570392195005537
PHASE1__Ma4_Kn0.1_FWD_hphs1.5_Tw1,2,FWD,4.0,0.1,1.5,1.0,0.03389830508474576,0.7574484329467227,0.0021787989185472942,0.021911001324378124
PHASE1__Ma4_Kn0.1_FWD_hphs1.5_Tw1,3,FWD,4.0,0.1,1.5,1.0,0.05084745762711865,0.7575661328592379,0.002994793831250794,0.033722434099720616
PHASE1__Ma4_Kn0.1_FWD_hphs1.5_Tw1,4,FWD,4.0,0.1,1.5,1.0,0.06779661016949153,0.7557634657780822,0.003903498349586575,0.05685174400227314
PHASE1__Ma4_Kn0.1_FWD_hphs1.5_Tw1,5,FWD,4.0,0.1,1.5,1.0,0.0847457627118644,0.7555280659530514,0.0050116941014671885,0.05845090781502029
PHASE1__Ma4_Kn0.1_FWD_hphs1.5_Tw1,6,FWD,4.0,0.1,1.5,1.0,0.1016949152542373,0.7557077131879433,0.005931814939833892,0.08640702346973886
PHASE1__Ma4_Kn0.1_FWD_hphs1.5_Tw1,7,FWD,4.0,0.1,1.5,1.0,0.11864406779661017,0.7541714195930064,0.007455964056069867,0.0803096461765335
PHASE1__Ma4_Kn0.1_FWD_hphs1.5_Tw1,8,FWD,4.0,0.1,1.5,1.0,0.13559322033898305,0.7541404459318182,0.008546689766647554,0.10647701947279517
PHASE1__Ma4_Kn0.1_FWD_hphs1.5_Tw1,9,FWD,4.0,0.1,1.5,1.0,0.15254237288135594,0.7548342559424348,0.009767512891030544,0.12410045611846074
PHASE1__Ma4_Kn0.1_FWD_hphs1.5_Tw1,10,FWD,4.0,0.1,1.5,1.0,0.1694915254237288,0.755131603089842,0.011157181084929167,0.17095693613799354
PHASE1__Ma4_Kn0.1_FWD_hphs1.5_Tw1,11,FWD,4.0,0.1,1.5,1.0,0.1864406779661017,0.7542023932541946,0.013028747249639797,0.19397721070692814
PHASE1__Ma4_Kn0.1_FWD_hphs1.5_Tw1,12,FWD,4.0,0.1,1.5,1.0,0.2033898305084746,0.754989124248376,0.014692432721410674,0.22203085100462952
PHASE1__Ma4_Kn0.1_FWD_hphs1.5_Tw1,13,FWD,4.0,0.1,1.5,1.0,0.22033898305084745,0.7577395853618921,0.01649735035858652,0.24005279788113282
PHASE1__Ma4_Kn0.1_FWD_hphs1.5_Tw1,14,FWD,4.0,0.1,1.5,1.0,0.23728813559322035,0.7620449242670582,0.018537921574875996,0.3021904154833505
PHASE1__Ma4_Kn0.1_FWD_hphs1.5_Tw1,15,FWD,4.0,0.1,1.5,1.0,0.2542372881355932,0.7640334333153435,0.02089096975703428,0.3383320868614149
PHASE1__Ma4_Kn0.1_FWD_hphs1.5_Tw1,16,FWD,4.0,0.1,1.5,1.0,0.2711864406779661,0.767570625423041,0.02316703457037418,0.36246658996382
PHASE1__Ma4_Kn0.1_FWD_hphs1.5_Tw1,17,FWD,4.0,0.1,1.5,1.0,0.288135593220339,0.7749423567858431,0.025887817523035248,0.4105901313962624
PHASE1__Ma4_Kn0.1_FWD_hphs1.5_Tw1,18,FWD,4.0,0.1,1.5,1.0,0.3050847457627119,0.7827415246730433,0.028856220713138325,0.44562690296031277
PHASE1__Ma4_Kn0.1_FWD_hphs1.5_Tw1,19,FWD,4.0,0.1,1.5,1.0,0.3220338983050847,0.7905283030957678,0.0318419979553064,0.46726984749392936
PHASE1__Ma4_Kn0.1_FWD_hphs1.5_Tw1,20,FWD,4.0,0.1,1.5,1.0,0.3389830508474576,0.80174696317815,0.03562864540592176,0.5070920938409511
PHASE1__Ma4_Kn0.1_FWD_hphs1.5_Tw1,21,FWD,4.0,0.1,1.5,1.0,0.3559322033898305,0.8141240381889725,0.039573803084769155,0.5175984451387001
PHASE1__Ma4_Kn0.1_FWD_hphs1.5_Tw1,22,FWD,4.0,0.1,1.5,1.0,0.3728813559322034,0.8279506805434049,0.044114414002897576,0.5220490347180042
PHASE1__Ma4_Kn0.1_FWD_hphs1.5_Tw1,23,FWD,4.0,0.1,1.5,1.0,0.3898305084745763,0.8451162835739301,0.049436377317761224,0.5115860066235197
PHASE1__Ma4_Kn0.1_FWD_hphs1.5_Tw1,24,FWD,4.0,0.1,1.5,1.0,0.4067796610169492,0.8640721642211356,0.05573775082361853,0.5100880356958002
PHASE1__Ma4_Kn0.1_FWD_hphs1.5_Tw1,25,FWD,4.0,0.1,1.5,1.0,0.423728813559322,0.887779404494618,0.06281503733606181,0.457347568879512
PHASE1__Ma4_Kn0.1_FWD_hphs1.5_Tw1,26,FWD,4.0,0.1,1.5,1.0,0.4406779661016949,0.9151229525916003,0.07207063962122147,0.38787327736903965
PHASE1__Ma4_Kn0.1_FWD_hphs1.5_Tw1,27,FWD,4.0,0.1,1.5,1.0,0.4576271186440678,0.9480727333636548,0.08377332754529637,0.28168200130553245
PHASE1__Ma4_Kn0.1_FWD_hphs1.5_Tw1,28,FWD,4.0,0.1,1.5,1.0,0.4745762711864407,0.9919624112673975,0.10054936665800097,0.07647083083372379
PHASE1__Ma4_Kn0.1_FWD_hphs1.5_Tw1,29,FWD,4.0,0.1,1.5,1.0,0.4915254237288136,1.076309885415225,0.13179674328075505,0.1623418482400641
PHASE1__Ma4_Kn0.1_FWD_hphs1.5_Tw1,30,FWD,4.0,0.1,1.5,1.0,0.5084745762711864,0.009425408994227572,0.004558528909208342,0.3686755762157293
PHASE1__Ma4_Kn0.1_FWD_hphs1.5_Tw1,31,FWD,4.0,0.1,1.5,1.0,0.5254237288135594,0.005277664077187367,0.004560320708316335,0.3622465613611812
PHASE1__Ma4_Kn0.1_FWD_hphs1.5_Tw1,32,FWD,4.0,0.1,1.5,1.0,0.5423728813559322,0.004913227979646484,0.004591805178356771,0.35576380639126287
PHASE1__Ma4_Kn0.1_FWD_hphs1.5_Tw1,33,FWD,4.0,0.1,1.5,1.0,0.559322033898305,0.004861378070817357,0.004542210738760555,0.34544429002662647
PHASE1__Ma4_Kn0.1_FWD_hphs1.5_Tw1,34,FWD,4.0,0.1,1.5,1.0,0.576271186440678,0.004841431033012131,0.0044807136336612475,0.3341235104598298
PHASE1__Ma4_Kn0.1_FWD_hphs1.5_Tw1,35,FWD,4.0,0.1,1.5,1.0,0.5932203389830508,0.005341593713879899,0.004514565838237245,0.32635806378883914
PHASE1__Ma4_Kn0.1_FWD_hphs1.5_Tw1,36,FWD,4.0,0.1,1.5,1.0,0.6101694915254238,0.005964845724309762,0.004475594207638411,0.3158179301084724
PHASE1__Ma4_Kn0.1_FWD_hphs1.5_Tw1,37,FWD,4.0,0.1,1.5,1.0,0.6271186440677966,0.006729895155659401,0.004503367093812293,0.30864786734724087
PHASE1__Ma4_Kn0.1_FWD_hphs1.5_Tw1,38,FWD,4.0,0.1,1.5,1.0,0.6440677966101694,0.007803132515832077,0.004546434265229394,0.30102101360536276
PHASE1__Ma4_Kn0.1_FWD_hphs1.5_Tw1,39,FWD,4.0,0.1,1.5,1.0,0.6610169491525424,0.00904536217144781,0.004594972823208401,0.29468957948661845
PHASE1__Ma4_Kn0.1_FWD_hphs1.5_Tw1,40,FWD,4.0,0.1,1.5,1.0,0.6779661016949152,0.01036744192560684,0.0046437033596632635,0.2870019145615583
PHASE1__Ma4_Kn0.1_FWD_hphs1.5_Tw1,41,FWD,4.0,0.1,1.5,1.0,0.6949152542372882,0.011759707996018434,0.004671444249424501,0.2794288009350504
PHASE1__Ma4_Kn0.1_FWD_hphs1.5_Tw1,42,FWD,4.0,0.1,1.5,1.0,0.711864406779661,0.013290426331941479,0.004705296454000499,0.2686864347152643
PHASE1__Ma4_Kn0.1_FWD_hphs1.5_Tw1,43,FWD,4.0,0.1,1.5,1.0,0.7288135593220338,0.015146615899630598,0.0048024375627837975,0.26439146812633724
PHASE1__Ma4_Kn0.1_FWD_hphs1.5_Tw1,44,FWD,4.0,0.1,1.5,1.0,0.7457627118644068,0.016973256594546127,0.00482409913414292,0.2544212625116069
PHASE1__Ma4_Kn0.1_FWD_hphs1.5_Tw1,45,FWD,4.0,0.1,1.5,1.0,0.7627118644067796,0.018985739256591132,0.004902810309244011,0.2459586085543663
PHASE1__Ma4_Kn0.1_FWD_hphs1.5_Tw1,46,FWD,4.0,0.1,1.5,1.0,0.7796610169491526,0.02120555960663024,0.004964019446629535,0.23848731830434927
PHASE1__Ma4_Kn0.1_FWD_hphs1.5_Tw1,47,FWD,4.0,0.1,1.5,1.0,0.7966101694915254,0.023562221591799014,0.005053065463014225,0.23101178541364506
PHASE1__Ma4_Kn0.1_FWD_hphs1.5_Tw1,48,FWD,4.0,0.1,1.5,1.0,0.8135593220338984,0.025899060433807315,0.0051145305717008906,0.22062155837088995
PHASE1__Ma4_Kn0.1_FWD_hphs1.5_Tw1,49,FWD,4.0,0.1,1.5,1.0,0.8305084745762712,0.028544892519829536,0.005174747820294491,0.2110784452519963
PHASE1__Ma4_Kn0.1_FWD_hphs1.5_Tw1,50,FWD,4.0,0.1,1.5,1.0,0.847457627118644,0.03132360161234933,0.0052560827012322845,0.20119450666457075
PHASE1__Ma4_Kn0.1_FWD_hphs1.5_Tw1,51,FWD,4.0,0.1,1.5,1.0,0.864406779661017,0.0340554785291525,0.005362822733808399,0.19458022983335177
PHASE1__Ma4_Kn0.1_FWD_hphs1.5_Tw1,52,FWD,4.0,0.1,1.5,1.0,0.8813559322033898,0.03709771153106188,0.005393987239722408,0.185684826526025
PHASE1__Ma4_Kn0.1_FWD_hphs1.5_Tw1,53,FWD,4.0,0.1,1.5,1.0,0.8983050847457628,0.040035253558154994,0.005444093621920908,0.17539218021907363
PHASE1__Ma4_Kn0.1_FWD_hphs1.5_Tw1,54,FWD,4.0,0.1,1.5,1.0,0.9152542372881356,0.043281912723906794,0.00550575070908343,0.1688910404728445
PHASE1__Ma4_Kn0.1_FWD_hphs1.5_Tw1,55,FWD,4.0,0.1,1.5,1.0,0.9322033898305084,0.046416447236157135,0.005488984588858646,0.1576791553503506
PHASE1__Ma4_Kn0.1_FWD_hphs1.5_Tw1,56,FWD,4.0,0.1,1.5,1.0,0.9491525423728814,0.04975602738547366,0.005505014791592647,0.14829301993688035
PHASE1__Ma4_Kn0.1_FWD_hphs1.5_Tw1,57,FWD,4.0,0.1,1.5,1.0,0.9661016949152542,0.05282118089666234,0.005458492007610133,0.1378419817109432
PHASE1__Ma4_Kn0.1_FWD_hphs1.5_Tw1,58,FWD,4.0,0.1,1.5,1.0,0.9830508474576272,0.05652563077477639,0.005397666827176321,0.13279012802343404
PHASE1__Ma4_Kn0.1_FWD_hphs1.5_Tw1,59,FWD,4.0,0.1,1.5,1.0,1.0,0.06028645271625305,0.005251443221399091,0.12547737111375898
PHASE1__Ma4_Kn0.1_ISO_hphs1.5_Tw1,0,ISO,4.0,0.1,1.5,1.0,0.0,0.6650106384965256,0.006662101061991337,0.10822262836394245
PHASE1__Ma4_Kn0.1_ISO_hphs1.5_Tw1,1,ISO,4.0,0.1,1.5,1.0,0.01694915254237288,0.6628858453390121,0.009149598170074331,0.1294351552856101
PHASE1__Ma4_Kn0.1_ISO_hphs1.5_Tw1,2,ISO,4.0,0.1,1.5,1.0,0.03389830508474576,0.6635982395463417,0.011196824640193495,0.14447811011502745
PHASE1__Ma4_Kn0.1_ISO_hphs1.5_Tw1,3,ISO,4.0,0.1,1.5,1.0,0.05084745762711865,0.6648433807261092,0.01318098618099386,0.17429317069225633
PHASE1__Ma4_Kn0.1_ISO_hphs1.5_Tw1,4,ISO,4.0,0.1,1.5,1.0,0.06779661016949153,0.665481438146587,0.014900057443049284,0.18207661118836763
PHASE1__Ma4_Kn0.1_ISO_hphs1.5_Tw1,5,ISO,4.0,0.1,1.5,1.0,0.0847457627118644,0.6677177364843782,0.016908984207235113,0.21092708221089107
PHASE1__Ma4_Kn0.1_ISO_hphs1.5_Tw1,6,ISO,4.0,0.1,1.5,1.0,0.1016949152542373,0.6716823651164735,0.018959474311443833,0.22740890499848504
PHASE1__Ma4_Kn0.1_ISO_hphs1.5_Tw1,7,ISO,4.0,0.1,1.5,1.0,0.11864406779661017,0.6770470032342775,0.020918550664732305,0.25202514947967
PHASE1__Ma4_Kn0.1_ISO_hphs1.5_Tw1,8,ISO,4.0,0.1,1.5,1.0,0.13559322033898305,0.6808815424893822,0.02236786017179696,0.2555509942024096
PHASE1__Ma4_Kn0.1_ISO_hphs1.5_Tw1,9,ISO,4.0,0.1,1.5,1.0,0.15254237288135594,0.687094858923744,0.02457241300288038,0.26719772607033915
PHASE1__Ma4_Kn0.1_ISO_hphs1.5_Tw1,10,ISO,4.0,0.1,1.5,1.0,0.1694915254237288,0.6939400380463461,0.026390449169239737,0.2720792392260203
PHASE1__Ma4_Kn0.1_ISO_hphs1.5_Tw1,11,ISO,4.0,0.1,1.5,1.0,0.1864406779661017,0.7007666329722351,0.02852630570237924,0.26109453018621437
PHASE1__Ma4_Kn0.1_ISO_hphs1.5_Tw1,12,ISO,4.0,0.1,1.5,1.0,0.2033898305084746,0.7078843803132937,0.030638868847114836,0.27220886098729413
PHASE1__Ma4_Kn0.1_ISO_hphs1.5_Tw1,13,ISO,4.0,0.1,1.5,1.0,0.22033898305084745,0.7147481436326086,0.03274800837569766,0.24030046746737718
PHASE1__Ma4_Kn0.1_ISO_hphs1.5_Tw1,14,ISO,4.0,0.1,1.5,1.0,0.23728813559322035,0.7232101478692372,0.034712588111960686,0.2200650527199628
PHASE1__Ma4_Kn0.1_ISO_hphs1.5_Tw1,15,ISO,4.0,0.1,1.5,1.0,0.2542372881355932,0.7321677306848774,0.03709216132019978,0.1970625817743186
PHASE1__Ma4_Kn0.1_ISO_hphs1.5_Tw1,16,ISO,4.0,0.1,1.5,1.0,0.2711864406779661,0.7423828441447605,0.03957540290540129,0.17159894174863083
PHASE1__Ma4_Kn0.1_ISO_hphs1.5_Tw1,17,ISO,4.0,0.1,1.5,1.0,0.288135593220339,0.7524554787631776,0.04203112757573006,0.12159276993394796
PHASE1__Ma4_Kn0.1_ISO_hphs1.5_Tw1,18,ISO,4.0,0.1,1.5,1.0,0.3050847457627119,0.7627573184743878,0.04482345450706026,0.08918960645125641
PHASE1__Ma4_Kn0.1_ISO_hphs1.5_Tw1,19,ISO,4.0,0.1,1.5,1.0,0.3220338983050847,0.7732140264915391,0.047583145097494874,0.00366723964377841
PHASE1__Ma4_Kn0.1_ISO_hphs1.5_Tw1,20,ISO,4.0,0.1,1.5,1.0,0.3389830508474576,0.7848910967595073,0.05082438169820243,0.0720062323647752
PHASE1__Ma4_Kn0.1_ISO_hphs1.5_Tw1,21,ISO,4.0,0.1,1.5,1.0,0.3559322033898305,0.7945239053890514,0.0536976595535187,0.15782930964180894
PHASE1__Ma4_Kn0.1_ISO_hphs1.5_Tw1,22,ISO,4.0,0.1,1.5,1.0,0.3728813559322034,0.8045841505429931,0.0574111632048328,0.26010369372696346
PHASE1__Ma4_Kn0.1_ISO_hphs1.5_Tw1,23,ISO,4.0,0.1,1.5,1.0,0.3898305084745763,0.8146753693581233,0.06077078653231841,0.3944046456483494
PHASE1__Ma4_Kn0.1_ISO_hphs1.5_Tw1,24,ISO,4.0,0.1,1.5,1.0,0.4067796610169492,0.8262409344458138,0.06521988771028865,0.5627345828656704
PHASE1__Ma4_Kn0.1_ISO_hphs1.5_Tw1,25,ISO,4.0,0.1,1.5,1.0,0.423728813559322,0.8318099987274602,0.06950292750664318,0.7351988818959125
PHASE1__Ma4_Kn0.1_ISO_hphs1.5_Tw1,26,ISO,4.0,0.1,1.5,1.0,0.4406779661016949,0.8403339502864651,0.07482073128786326,0.9688333313011067
PHASE1__Ma4_Kn0.1_ISO_hphs1.5_Tw1,27,ISO,4.0,0.1,1.5,1.0,0.4576271186440678,0.847693292184792,0.08177451164750564,1.2837054288850693
PHASE1__Ma4_Kn0.1_ISO_hphs1.5_Tw1,28,ISO,4.0,0.1,1.5,1.0,0.4745762711864407,0.8514720788497577,0.09034251102497325,1.699903543483865
PHASE1__Ma4_Kn0.1_ISO_hphs1.5_Tw1,29,ISO,4.0,0.1,1.5,1.0,0.4915254237288136,0.8634403015328955,0.10494855343224858,2.273624827624162
PHASE1__Ma4_Kn0.1_ISO_hphs1.5_Tw1,30,ISO,4.0,0.1,1.5,1.0,0.5084745762711864,-0.012523518480920537,0.0011532179041101845,0.06336866067268583
PHASE1__Ma4_Kn0.1_ISO_hphs1.5_Tw1,31,ISO,4.0,0.1,1.5,1.0,0.5254237288135594,-0.011750725634273838,0.001171772623801698,0.04936103554920622
PHASE1__Ma4_Kn0.1_ISO_hphs1.5_Tw1,32,ISO,4.0,0.1,1.5,1.0,0.5423728813559322,-0.01060538159085493,0.0012320218688079401,0.03944236193143103
PHASE1__Ma4_Kn0.1_ISO_hphs1.5_Tw1,33,ISO,4.0,0.1,1.5,1.0,0.559322033898305,-0.009157982403528263,0.0012923990994647531,0.033294672800614815
PHASE1__Ma4_Kn0.1_ISO_hphs1.5_Tw1,34,ISO,4.0,0.1,1.5,1.0,0.576271186440678,-0.007736167460343084,0.0013192088936180883,0.02629106894920022
PHASE1__Ma4_Kn0.1_ISO_hphs1.5_Tw1,35,ISO,4.0,0.1,1.5,1.0,0.5932203389830508,-0.006239148467792851,0.0013870604862682406,0.02212329451053798
PHASE1__Ma4_Kn0.1_ISO_hphs1.5_Tw1,36,ISO,4.0,0.1,1.5,1.0,0.6101694915254238,-0.004415543191673765,0.0014432301886625359,0.01570524328890196
PHASE1__Ma4_Kn0.1_ISO_hphs1.5_Tw1,37,ISO,4.0,0.1,1.5,1.0,0.6271186440677966,-0.002680646481197809,0.001505197641027692,0.012686640551950703
PHASE1__Ma4_Kn0.1_ISO_hphs1.5_Tw1,38,ISO,4.0,0.1,1.5,1.0,0.6440677966101694,-0.000904988432598128,0.0015606762209089047,0.007866744376481289
PHASE1__Ma4_Kn0.1_ISO_hphs1.5_Tw1,39,ISO,4.0,0.1,1.5,1.0,0.6610169491525424,0.0009621038638292566,0.0016086132463302278,0.00371829145432415
PHASE1__Ma4_Kn0.1_ISO_hphs1.5_Tw1,40,ISO,4.0,0.1,1.5,1.0,0.6779661016949152,0.0028348333665928985,0.0016868380759591502,0.000771909763252804
PHASE1__Ma4_Kn0.1_ISO_hphs1.5_Tw1,41,ISO,4.0,0.1,1.5,1.0,0.6949152542372882,0.0046316773994453395,0.0017310699167964465,0.001954551011713176
PHASE1__Ma4_Kn0.1_ISO_hphs1.5_Tw1,42,ISO,4.0,0.1,1.5,1.0,0.711864406779661,0.006611266033308424,0.0018038841530474848,0.005469001099378204
PHASE1__Ma4_Kn0.1_ISO_hphs1.5_Tw1,43,ISO,4.0,0.1,1.5,1.0,0.7288135593220338,0.008484924745907712,0.0018297500530278599,0.007369887310515678
PHASE1__Ma4_Kn0.1_ISO_hphs1.5_Tw1,44,ISO,4.0,0.1,1.5,1.0,0.7457627118644068,0.01049393835789963,0.0018716877510786731,0.010749739160537803
PHASE1__Ma4_Kn0.1_ISO_hphs1.5_Tw1,45,ISO,4.0,0.1,1.5,1.0,0.7627118644067796,0.012416163771242087,0.0019376931507193405,0.012783823668996691
PHASE1__Ma4_Kn0.1_ISO_hphs1.5_Tw1,46,ISO,4.0,0.1,1.5,1.0,0.7796610169491526,0.014442646528144172,0.0019846638844788537,0.01378668627019923
PHASE1__Ma4_Kn0.1_ISO_hphs1.5_Tw1,47,ISO,4.0,0.1,1.5,1.0,0.7966101694915254,0.016413438642229796,0.0020189320424192072,0.016535549885020453
PHASE1__Ma4_Kn0.1_ISO_hphs1.5_Tw1,48,ISO,4.0,0.1,1.5,1.0,0.8135593220338984,0.01839785916723825,0.0020483943391806235,0.01658246227411659
PHASE1__Ma4_Kn0.1_ISO_hphs1.5_Tw1,49,ISO,4.0,0.1,1.5,1.0,0.8305084745762712,0.020380173483285902,0.002095813022717135,0.018481716749977534
PHASE1__Ma4_Kn0.1_ISO_hphs1.5_Tw1,50,ISO,4.0,0.1,1.5,1.0,0.847457627118644,0.02238113394336887,0.002124616193378112,0.015479134111648493
PHASE1__Ma4_Kn0.1_ISO_hphs1.5_Tw1,51,ISO,4.0,0.1,1.5,1.0,0.864406779661017,0.024325598445444487,0.0021245905962479976,0.016520797859743336
PHASE1__Ma4_Kn0.1_ISO_hphs1.5_Tw1,52,ISO,4.0,0.1,1.5,1.0,0.8813559322033898,0.026252531855287562,0.0021253297133800447,0.014112612741799443
PHASE1__Ma4_Kn0.1_ISO_hphs1.5_Tw1,53,ISO,4.0,0.1,1.5,1.0,0.8983050847457628,0.02787926854089416,0.0021472600546053647,0.011911354424837673
PHASE1__Ma4_Kn0.1_ISO_hphs1.5_Tw1,54,ISO,4.0,0.1,1.5,1.0,0.9152542372881356,0.029620050246995877,0.0021341287268567925,0.007503240559444966
PHASE1__Ma4_Kn0.1_ISO_hphs1.5_Tw1,55,ISO,4.0,0.1,1.5,1.0,0.9322033898305084,0.0310807681086335,0.0021144157370276122,0.005529454361408547
PHASE1__Ma4_Kn0.1_ISO_hphs1.5_Tw1,56,ISO,4.0,0.1,1.5,1.0,0.9491525423728814,0.03262015906968926,0.002100471700397915,0.0018497641980274133
PHASE1__Ma4_Kn0.1_ISO_hphs1.5_Tw1,57,ISO,4.0,0.1,1.5,1.0,0.9661016949152542,0.03393653967018965,0.002041431919789568,0.007028003985841215
PHASE1__Ma4_Kn0.1_ISO_hphs1.5_Tw1,58,ISO,4.0,0.1,1.5,1.0,0.9830508474576272,0.03479698797799908,0.0019577389032400046,0.014346194381176494
PHASE1__Ma4_Kn0.1_ISO_hphs1.5_Tw1,59,ISO,4.0,0.1,1.5,1.0,1.0,0.03547469168479787,0.0018480839974721382,0.021965503179859094
PHASE1__Ma4_Kn0.33_BWD_hphs1.5_Tw1,0,BWD,4.0,0.33,1.5,1.0,0.0,0.19725755774968431,0.01772524469016355,0.020576100225747348
PHASE1__Ma4_Kn0.33_BWD_hphs1.5_Tw1,1,BWD,4.0,0.33,1.5,1.0,0.01694915254237288,0.20060085473834344,0.019454906764803714,0.05814737051595712
PHASE1__Ma4_Kn0.33_BWD_hphs1.5_Tw1,2,BWD,4.0,0.33,1.5,1.0,0.03389830508474576,0.20502884934181484,0.020721516755678435,0.08793367798801549
PHASE1__Ma4_Kn0.33_BWD_hphs1.5_Tw1,3,BWD,4.0,0.33,1.5,1.0,0.05084745762711865,0.2082005522474911,0.021725052241804713,0.1230146596162425
PHASE1__Ma4_Kn0.33_BWD_hphs1.5_Tw1,4,BWD,4.0,0.33,1.5,1.0,0.06779661016949153,0.2119533210370588,0.022799747749648394,0.15286092974334548
PHASE1__Ma4_Kn0.33_BWD_hphs1.5_Tw1,5,BWD,4.0,0.33,1.5,1.0,0.0847457627118644,0.21562246094141824,0.023791444563096866,0.1884510282540268
PHASE1__Ma4_Kn0.33_BWD_hphs1.5_Tw1,6,BWD,4.0,0.33,1.5,1.0,0.1016949152542373,0.21883814644598182,0.024647668565416055,0.216224768405472
PHASE1__Ma4_Kn0.33_BWD_hphs1.5_Tw1,7,BWD,4.0,0.33,1.5,1.0,0.11864406779661017,0.22242117957223792,0.025503412621545606,0.24653419347425218
PHASE1__Ma4_Kn0.33_BWD_hphs1.5_Tw1,8,BWD,4.0,0.33,1.5,1.0,0.13559322033898305,0.22518712751634815,0.026301243170791834,0.2789960515849642
PHASE1__Ma4_Kn0.33_BWD_hphs1.5_Tw1,9,BWD,4.0,0.33,1.5,1.0,0.15254237288135594,0.22890830317150387,0.027140573067235673,0.30891515371052936
PHASE1__Ma4_Kn0.33_BWD_hphs1.5_Tw1,10,BWD,4.0,0.33,1.5,1.0,0.1694915254237288,0.23150017913973617,0.027829711802734577,0.34638049940491744
PHASE1__Ma4_Kn0.33_BWD_hphs1.5_Tw1,11,BWD,4.0,0.33,1.5,1.0,0.1864406779661017,0.23434603912971205,0.028598329627238,0.3781875766362507
PHASE1__Ma4_Kn0.33_BWD_hphs1.5_Tw1,12,BWD,4.0,0.33,1.5,1.0,0.2033898305084746,0.23679667520292602,0.029171353381256475,0.4126052921037247
PHASE1__Ma4_Kn0.33_BWD_hphs1.5_Tw1,13,BWD,4.0,0.33,1.5,1.0,0.22033898305084745,0.23943996744873075,0.029938563363603617,0.44244944091048416
PHASE1__Ma4_Kn0.33_BWD_hphs1.5_Tw1,14,BWD,4.0,0.33,1.5,1.0,0.23728813559322035,0.24187883353069314,0.03069252683111668,0.4853623372471333
PHASE1__Ma4_Kn0.33_BWD_hphs1.5_Tw1,15,BWD,4.0,0.33,1.5,1.0,0.2542372881355932,0.24351486231465622,0.03135859615310019,0.5236903532145689
PHASE1__Ma4_Kn0.33_BWD_hphs1.5_Tw1,16,BWD,4.0,0.33,1.5,1.0,0.2711864406779661,0.24529832572587534,0.03182667167365054,0.5575112705587215
PHASE1__Ma4_Kn0.33_BWD_hphs1.5_Tw1,17,BWD,4.0,0.33,1.5,1.0,0.288135593220339,0.24687674350002828,0.03258930616898977,0.6015937215114533
PHASE1__Ma4_Kn0.33_BWD_hphs1.5_Tw1,18,BWD,4.0,0.33,1.5,1.0,0.3050847457627119,0.24824268195842986,0.03324107309452198,0.6493856546382897
PHASE1__Ma4_Kn0.33_BWD_hphs1.5_Tw1,19,BWD,4.0,0.33,1.5,1.0,0.3220338983050847,0.2490120677023459,0.033813168952573816,0.6890543450628549
PHASE1__Ma4_Kn0.33_BWD_hphs1.5_Tw1,20,BWD,4.0,0.33,1.5,1.0,0.3389830508474576,0.2502652620340223,0.03458844203090693,0.7408782010560171
PHASE1__Ma4_Kn0.33_BWD_hphs1.5_Tw1,21,BWD,4.0,0.33,1.5,1.0,0.3559322033898305,0.2501884473542754,0.03516021792483234,0.7904011315831981
PHASE1__Ma4_Kn0.33_BWD_hphs1.5_Tw1,22,BWD,4.0,0.33,1.5,1.0,0.3728813559322034,0.24976720556211526,0.035743512527309125,0.8382609469610285
PHASE1__Ma4_Kn0.33_BWD_hphs1.5_Tw1,23,BWD,4.0,0.33,1.5,1.0,0.3898305084745763,0.25014508422861187,0.036583738323306955,0.9068389910276246
PHASE1__Ma4_Kn0.33_BWD_hphs1.5_Tw1,24,BWD,4.0,0.33,1.5,1.0,0.4067796610169492,0.24805807893774792,0.03701473000160439,0.9581890854773916
PHASE1__Ma4_Kn0.33_BWD_hphs1.5_Tw1,25,BWD,4.0,0.33,1.5,1.0,0.423728813559322,0.24632169549153493,0.03788567235373924,1.026006282647431
PHASE1__Ma4_Kn0.33_BWD_hphs1.5_Tw1,26,BWD,4.0,0.33,1.5,1.0,0.4406779661016949,0.243744686880673,0.038666704786348045,1.1020188474114223
PHASE1__Ma4_Kn0.33_BWD_hphs1.5_Tw1,27,BWD,4.0,0.33,1.5,1.0,0.4576271186440678,0.24029917681009272,0.039567723766367045,1.1885588179337192
PHASE1__Ma4_Kn0.33_BWD_hphs1.5_Tw1,28,BWD,4.0,0.33,1.5,1.0,0.4745762711864407,0.23646401808176426,0.04082294303434095,1.2895944774703403
PHASE1__Ma4_Kn0.33_BWD_hphs1.5_Tw1,29,BWD,4.0,0.33,1.5,1.0,0.4915254237288136,0.23194062460183298,0.042792962160753234,1.4231513920872931
PHASE1__Ma4_Kn0.33_BWD_hphs1.5_Tw1,30,BWD,4.0,0.33,1.5,1.0,0.5084745762711864,-0.02190265282533287,0.0002508653136122361,0.032595176982185566
PHASE1__Ma4_Kn0.33_BWD_hphs1.5_Tw1,31,BWD,4.0,0.33,1.5,1.0,0.5254237288135594,-0.021163745164026106,0.00026310010187855935,0.03261320196484853
PHASE1__Ma4_Kn0.33_BWD_hphs1.5_Tw1,32,BWD,4.0,0.33,1.5,1.0,0.5423728813559322,-0.02062127246197519,0.0002681824120627291,0.031891032615611555
PHASE1__Ma4_Kn0.33_BWD_hphs1.5_Tw1,33,BWD,4.0,0.33,1.5,1.0,0.559322033898305,-0.02009856095576238,0.0002749333351662166,0.031240665942895648
PHASE1__Ma4_Kn0.33_BWD_hphs1.5_Tw1,34,BWD,4.0,0.33,1.5,1.0,0.576271186440678,-0.01961611520909428,0.00027358020687555596,0.03009698711749899
PHASE1__Ma4_Kn0.33_BWD_hphs1.5_Tw1,35,BWD,4.0,0.33,1.5,1.0,0.5932203389830508,-0.019254033109803705,0.00027013483316218784,0.028805816499729704
PHASE1__Ma4_Kn0.33_BWD_hphs1.5_Tw1,36,BWD,4.0,0.33,1.5,1.0,0.6101694915254238,-0.018934632715630523,0.00026931508507028134,0.027577167273590667
PHASE1__Ma4_Kn0.33_BWD_hphs1.5_Tw1,37,BWD,4.0,0.33,1.5,1.0,0.6271186440677966,-0.018619196950089442,0.00027158395069077664,0.025990241475399956
PHASE1__Ma4_Kn0.33_BWD_hphs1.5_Tw1,38,BWD,4.0,0.33,1.5,1.0,0.6440677966101694,-0.018422885885478347,0.0002687404294992181,0.02435217216058765
PHASE1__Ma4_Kn0.33_BWD_hphs1.5_Tw1,39,BWD,4.0,0.33,1.5,1.0,0.6610169491525424,-0.018137928202546495,0.0002677594194875923,0.022799285119119415
PHASE1__Ma4_Kn0.33_BWD_hphs1.5_Tw1,40,BWD,4.0,0.33,1.5,1.0,0.6779661016949152,-0.01784689968202175,0.00026430412688630494,0.02114868686023792
PHASE1__Ma4_Kn0.33_BWD_hphs1.5_Tw1,41,BWD,4.0,0.33,1.5,1.0,0.6949152542372882,-0.01774158923398172,0.0002629436394207365,0.01953570389411142
PHASE1__Ma4_Kn0.33_BWD_hphs1.5_Tw1,42,BWD,4.0,0.33,1.5,1.0,0.711864406779661,-0.017512817772445347,0.0002563360602458884,0.01770475145342628
PHASE1__Ma4_Kn0.33_BWD_hphs1.5_Tw1,43,BWD,4.0,0.33,1.5,1.0,0.7288135593220338,-0.017340232532304448,0.00024934004462155756,0.015507177189933698
PHASE1__Ma4_Kn0.33_BWD_hphs1.5_Tw1,44,BWD,4.0,0.33,1.5,1.0,0.7457627118644068,-0.0172852852573565,0.0002503556107588375,0.014029236129012869
PHASE1__Ma4_Kn0.33_BWD_hphs1.5_Tw1,45,BWD,4.0,0.33,1.5,1.0,0.7627118644067796,-0.01720196610876012,0.00024334295699993255,0.011908084629733699
PHASE1__Ma4_Kn0.33_BWD_hphs1.5_Tw1,46,BWD,4.0,0.33,1.5,1.0,0.7796610169491526,-0.01714819583293733,0.00024160331204454787,0.010349578220864847
PHASE1__Ma4_Kn0.33_BWD_hphs1.5_Tw1,47,BWD,4.0,0.33,1.5,1.0,0.7966101694915254,-0.01713710726223194,0.0002378254956038219,0.008861998537632467
PHASE1__Ma4_Kn0.33_BWD_hphs1.5_Tw1,48,BWD,4.0,0.33,1.5,1.0,0.8135593220338984,-0.017195647481877723,0.00023000717217457322,0.007246675486041858
PHASE1__Ma4_Kn0.33_BWD_hphs1.5_Tw1,49,BWD,4.0,0.33,1.5,1.0,0.8305084745762712,-0.017152717987470815,0.00022291196767105001,0.005056241645511021
PHASE1__Ma4_Kn0.33_BWD_hphs1.5_Tw1,50,BWD,4.0,0.33,1.5,1.0,0.847457627118644,-0.01723399287442877,0.00021771479036549298,0.0037490161440703346
PHASE1__Ma4_Kn0.33_BWD_hphs1.5_Tw1,51,BWD,4.0,0.33,1.5,1.0,0.864406779661017,-0.017274010844683982,0.00021264559871050684,0.0022483794163797176
PHASE1__Ma4_Kn0.33_BWD_hphs1.5_Tw1,52,BWD,4.0,0.33,1.5,1.0,0.8813559322033898,-0.017393011650969216,0.0002020496666997436,0.000921013684752295
PHASE1__Ma4_Kn0.33_BWD_hphs1.5_Tw1,53,BWD,4.0,0.33,1.5,1.0,0.8983050847457628,-0.017442631456192785,0.0001977528684459527,0.0007032589288448459
PHASE1__Ma4_Kn0.33_BWD_hphs1.5_Tw1,54,BWD,4.0,0.33,1.5,1.0,0.9152542372881356,-0.01764631425216668,0.00018858557625968695,0.001675279519799905
PHASE1__Ma4_Kn0.33_BWD_hphs1.5_Tw1,55,BWD,4.0,0.33,1.5,1.0,0.9322033898305084,-0.017786624937349428,0.000181933202107139,0.002363950545570698
PHASE1__Ma4_Kn0.33_BWD_hphs1.5_Tw1,56,BWD,4.0,0.33,1.5,1.0,0.9491525423728814,-0.017963918173990942,0.00016915095522049872,0.0031644185221458934
PHASE1__Ma4_Kn0.33_BWD_hphs1.5_Tw1,57,BWD,4.0,0.33,1.5,1.0,0.9661016949152542,-0.018132414890854986,0.0001581006741502089,0.0037379481722597495
PHASE1__Ma4_Kn0.33_BWD_hphs1.5_Tw1,58,BWD,4.0,0.33,1.5,1.0,0.9830508474576272,-0.018299858503238637,0.00014984112019061712,0.0040616294267202665
PHASE1__Ma4_Kn0.33_BWD_hphs1.5_Tw1,59,BWD,4.0,0.33,1.5,1.0,1.0,-0.01854795752935648,0.00014103762721609907,0.004301023332429156
PHASE1__Ma4_Kn0.33_FWD_hphs1.5_Tw1,0,FWD,4.0,0.33,1.5,1.0,0.0,0.2842650499203583,0.0017809107287700117,0.0479013281812728
PHASE1__Ma4_Kn0.33_FWD_hphs1.5_Tw1,1,FWD,4.0,0.33,1.5,1.0,0.01694915254237288,0.2832230959579857,0.0026856604905031527,0.05904165290479256
PHASE1__Ma4_Kn0.33_FWD_hphs1.5_Tw1,2,FWD,4.0,0.33,1.5,1.0,0.03389830508474576,0.28308990921487626,0.0035413309548836254,0.06651746703002151
PHASE1__Ma4_Kn0.33_FWD_hphs1.5_Tw1,3,FWD,4.0,0.33,1.5,1.0,0.05084745762711865,0.282276540872073,0.004440750114270489,0.0765323687570168
PHASE1__Ma4_Kn0.33_FWD_hphs1.5_Tw1,4,FWD,4.0,0.33,1.5,1.0,0.06779661016949153,0.282026273689672,0.005350312136465096,0.08719604336877906
PHASE1__Ma4_Kn0.33_FWD_hphs1.5_Tw1,5,FWD,4.0,0.33,1.5,1.0,0.0847457627118644,0.28174131600674013,0.006249187356837033,0.0962608703955039
PHASE1__Ma4_Kn0.33_FWD_hphs1.5_Tw1,6,FWD,4.0,0.33,1.5,1.0,0.1016949152542373,0.2816552092286368,0.007246227571196836,0.11256228524261579
PHASE1__Ma4_Kn0.33_FWD_hphs1.5_Tw1,7,FWD,4.0,0.33,1.5,1.0,0.11864406779661017,0.28188565326787735,0.008246179459107127,0.12474451720953511
PHASE1__Ma4_Kn0.33_FWD_hphs1.5_Tw1,8,FWD,4.0,0.33,1.5,1.0,0.13559322033898305,0.28239857709715466,0.009327882181319568,0.13945325091302102
PHASE1__Ma4_Kn0.33_FWD_hphs1.5_Tw1,9,FWD,4.0,0.33,1.5,1.0,0.15254237288135594,0.28353840782888207,0.010372405072041168,0.1544308730859539
PHASE1__Ma4_Kn0.33_FWD_hphs1.5_Tw1,10,FWD,4.0,0.33,1.5,1.0,0.1694915254237288,0.2846553180513302,0.011595819905848216,0.17100968292938853
PHASE1__Ma4_Kn0.33_FWD_hphs1.5_Tw1,11,FWD,4.0,0.33,1.5,1.0,0.1864406779661017,0.28613895642224707,0.012852543005216337,0.18811646665098194
PHASE1__Ma4_Kn0.33_FWD_hphs1.5_Tw1,12,FWD,4.0,0.33,1.5,1.0,0.2033898305084746,0.28844835260044255,0.014148909659848786,0.2007002762579065
PHASE1__Ma4_Kn0.33_FWD_hphs1.5_Tw1,13,FWD,4.0,0.33,1.5,1.0,0.22033898305084745,0.2905093400159084,0.015474904992588395,0.21600996920802057
PHASE1__Ma4_Kn0.33_FWD_hphs1.5_Tw1,14,FWD,4.0,0.33,1.5,1.0,0.23728813559322035,0.2934803335970848,0.016930645778594235,0.2294348498042309
PHASE1__Ma4_Kn0.33_FWD_hphs1.5_Tw1,15,FWD,4.0,0.33,1.5,1.0,0.2542372881355932,0.29672761223606037,0.018549216308538875,0.24398761997355523
PHASE1__Ma4_Kn0.33_FWD_hphs1.5_Tw1,16,FWD,4.0,0.33,1.5,1.0,0.2711864406779661,0.3000318824116223,0.020117584467047093,0.2510922775699205
PHASE1__Ma4_Kn0.33_FWD_hphs1.5_Tw1,17,FWD,4.0,0.33,1.5,1.0,0.288135593220339,0.3047968704488218,0.021899464687120177,0.26453714376096604
PHASE1__Ma4_Kn0.33_FWD_hphs1.5_Tw1,18,FWD,4.0,0.33,1.5,1.0,0.3050847457627119,0.30957300900404916,0.023818353546129392,0.2719305489304392
PHASE1__Ma4_Kn0.33_FWD_hphs1.5_Tw1,19,FWD,4.0,0.33,1.5,1.0,0.3220338983050847,0.3147016278235987,0.02585322940096847,0.2749990966807891
PHASE1__Ma4_Kn0.33_FWD_hphs1.5_Tw1,20,FWD,4.0,0.33,1.5,1.0,0.3389830508474576,0.3208133506492631,0.028054806565676115,0.2829036840339836
PHASE1__Ma4_Kn0.33_FWD_hphs1.5_Tw1,21,FWD,4.0,0.33,1.5,1.0,0.3559322033898305,0.3274887941085535,0.03052998505489166,0.28509087337768285
PHASE1__Ma4_Kn0.33_FWD_hphs1.5_Tw1,22,FWD,4.0,0.33,1.5,1.0,0.3728813559322034,0.3341047681383626,0.033056133829447054,0.2784565729606683
PHASE1__Ma4_Kn0.33_FWD_hphs1.5_Tw1,23,FWD,4.0,0.33,1.5,1.0,0.3898305084745763,0.34269252543941525,0.036073075577529146,0.2738384142884449
PHASE1__Ma4_Kn0.33_FWD_hphs1.5_Tw1,24,FWD,4.0,0.33,1.5,1.0,0.4067796610169492,0.35145621313601716,0.0392883950839961,0.2630139694804061
PHASE1__Ma4_Kn0.33_FWD_hphs1.5_Tw1,25,FWD,4.0,0.33,1.5,1.0,0.423728813559322,0.3612841558310471,0.0430018987353102,0.24414152802726946
PHASE1__Ma4_Kn0.33_FWD_hphs1.5_Tw1,26,FWD,4.0,0.33,1.5,1.0,0.4406779661016949,0.37322512169233923,0.047451959805659714,0.22234394811572902
PHASE1__Ma4_Kn0.33_FWD_hphs1.5_Tw1,27,FWD,4.0,0.33,1.5,1.0,0.4576271186440678,0.385978216949987,0.05254674859076005,0.1914105164212249
PHASE1__Ma4_Kn0.33_FWD_hphs1.5_Tw1,28,FWD,4.0,0.33,1.5,1.0,0.4745762711864407,0.4026048782758367,0.05914568873419466,0.16227970948411882
PHASE1__Ma4_Kn0.33_FWD_hphs1.5_Tw1,29,FWD,4.0,0.33,1.5,1.0,0.4915254237288136,0.42600671825000297,0.06827426526116272,0.12020977942201708
PHASE1__Ma4_Kn0.33_FWD_hphs1.5_Tw1,30,FWD,4.0,0.33,1.5,1.0,0.5084745762711864,-0.019067633616772845,0.001669204852951747,0.11883495143264881
PHASE1__Ma4_Kn0.33_FWD_hphs1.5_Tw1,31,FWD,4.0,0.33,1.5,1.0,0.5254237288135594,-0.019603168218717593,0.0016405904611253624,0.1127003758417868
PHASE1__Ma4_Kn0.33_FWD_hphs1.5_Tw1,32,FWD,4.0,0.33,1.5,1.0,0.5423728813559322,-0.019678991741306415,0.0016382259262310655,0.10831716232656763
PHASE1__Ma4_Kn0.33_FWD_hphs1.5_Tw1,33,FWD,4.0,0.33,1.5,1.0,0.559322033898305,-0.019679859003819685,0.0016205767050173408,0.10438494151638923
PHASE1__Ma4_Kn0.33_FWD_hphs1.5_Tw1,34,FWD,4.0,0.33,1.5,1.0,0.576271186440678,-0.019543698789236164,0.00162376674735782,0.10128965229242323
PHASE1__Ma4_Kn0.33_FWD_hphs1.5_Tw1,35,FWD,4.0,0.33,1.5,1.0,0.5932203389830508,-0.019361201977515025,0.0016161963961265526,0.09801758637316062
PHASE1__Ma4_Kn0.33_FWD_hphs1.5_Tw1,36,FWD,4.0,0.33,1.5,1.0,0.6101694915254238,-0.01912035078811524,0.0016206310989188336,0.09544470763913523
PHASE1__Ma4_Kn0.33_FWD_hphs1.5_Tw1,37,FWD,4.0,0.33,1.5,1.0,0.6271186440677966,-0.01884295067851332,0.0016279742756203379,0.09296021725275817
PHASE1__Ma4_Kn0.33_FWD_hphs1.5_Tw1,38,FWD,4.0,0.33,1.5,1.0,0.6440677966101694,-0.018496541251783995,0.0016435981239137781,0.09110208205315617
PHASE1__Ma4_Kn0.33_FWD_hphs1.5_Tw1,39,FWD,4.0,0.33,1.5,1.0,0.6610169491525424,-0.018176149700452792,0.001641255986508331,0.08812134412774239
PHASE1__Ma4_Kn0.33_FWD_hphs1.5_Tw1,40,FWD,4.0,0.33,1.5,1.0,0.6779661016949152,-0.01778866919898785,0.0016593787546291677,0.08636036539987543
PHASE1__Ma4_Kn0.33_FWD_hphs1.5_Tw1,41,FWD,4.0,0.33,1.5,1.0,0.6949152542372882,-0.017405401115444512,0.001668334550527865,0.08415999051817913
PHASE1__Ma4_Kn0.33_FWD_hphs1.5_Tw1,42,FWD,4.0,0.33,1.5,1.0,0.711864406779661,-0.01693664572702162,0.001682873720432717,0.08238416254790722
PHASE1__Ma4_Kn0.33_FWD_hphs1.5_Tw1,43,FWD,4.0,0.33,1.5,1.0,0.7288135593220338,-0.01647526206996153,0.0016971697176014844,0.08015380633868861
PHASE1__Ma4_Kn0.33_FWD_hphs1.5_Tw1,44,FWD,4.0,0.33,1.5,1.0,0.7457627118644068,-0.01598086049007477,0.0017173210582838697,0.07869872200436294
PHASE1__Ma4_Kn0.33_FWD_hphs1.5_Tw1,45,FWD,4.0,0.33,1.5,1.0,0.7627118644067796,-0.015491290801333378,0.0017298124577795875,0.07694099596768943
PHASE1__Ma4_Kn0.33_FWD_hphs1.5_Tw1,46,FWD,4.0,0.33,1.5,1.0,0.7796610169491526,-0.014922800223884336,0.0017437564944092852,0.07484583857503369
PHASE1__Ma4_Kn0.33_FWD_hphs1.5_Tw1,47,FWD,4.0,0.33,1.5,1.0,0.7966101694915254,-0.014349787491901814,0.0017641382092626978,0.07327747573436191
PHASE1__Ma4_Kn0.33_FWD_hphs1.5_Tw1,48,FWD,4.0,0.33,1.5,1.0,0.8135593220338984,-0.013751686094356811,0.0017817394358574583,0.07182663404072336
PHASE1__Ma4_Kn0.33_FWD_hphs1.5_Tw1,49,FWD,4.0,0.33,1.5,1.0,0.8305084745762712,-0.013141133285014135,0.0017977280432550254,0.0699160315179573
PHASE1__Ma4_Kn0.33_FWD_hphs1.5_Tw1,50,FWD,4.0,0.33,1.5,1.0,0.847457627118644,-0.012508279439615922,0.00181436617782924,0.06804474413222523
PHASE1__Ma4_Kn0.33_FWD_hphs1.5_Tw1,51,FWD,4.0,0.33,1.5,1.0,0.864406779661017,-0.011809823379821007,0.0018323001671154845,0.06677845730847635
PHASE1__Ma4_Kn0.33_FWD_hphs1.5_Tw1,52,FWD,4.0,0.33,1.5,1.0,0.8813559322033898,-0.011145624189300292,0.0018460330274217402,0.06488680524744611
PHASE1__Ma4_Kn0.33_FWD_hphs1.5_Tw1,53,FWD,4.0,0.33,1.5,1.0,0.8983050847457628,-0.010439114977596435,0.0018540353302236843,0.06297464708976144
PHASE1__Ma4_Kn0.33_FWD_hphs1.5_Tw1,54,FWD,4.0,0.33,1.5,1.0,0.9152542372881356,-0.00967660538646423,0.0018710446231845544,0.06195415058315302
PHASE1__Ma4_Kn0.33_FWD_hphs1.5_Tw1,55,FWD,4.0,0.33,1.5,1.0,0.9322033898305084,-0.008935591516196667,0.001884367929408983,0.06038578774248126
PHASE1__Ma4_Kn0.33_FWD_hphs1.5_Tw1,56,FWD,4.0,0.33,1.5,1.0,0.9491525423728814,-0.008183984653802724,0.001884047965282556,0.058460760241379
PHASE1__Ma4_Kn0.33_FWD_hphs1.5_Tw1,57,FWD,4.0,0.33,1.5,1.0,0.9661016949152542,-0.007365164946630294,0.001886684469684316,0.057475619073829906
PHASE1__Ma4_Kn0.33_FWD_hphs1.5_Tw1,58,FWD,4.0,0.33,1.5,1.0,0.9830508474576272,-0.006534637195528705,0.0018863037123738678,0.05625614271899558
PHASE1__Ma4_Kn0.33_FWD_hphs1.5_Tw1,59,FWD,4.0,0.33,1.5,1.0,1.0,-0.005705534232841774,0.0018694735993237967,0.0554943058729452
PHASE1__Ma4_Kn0.33_ISO_hphs1.5_Tw1,0,ISO,4.0,0.33,1.5,1.0,0.0,0.2373665905687897,0.009739292055079663,0.13408588541766805
PHASE1__Ma4_Kn0.33_ISO_hphs1.5_Tw1,1,ISO,4.0,0.33,1.5,1.0,0.01694915254237288,0.238409164004386,0.011661316562527864,0.13691716747511978
PHASE1__Ma4_Kn0.33_ISO_hphs1.5_Tw1,2,ISO,4.0,0.33,1.5,1.0,0.03389830508474576,0.23953474685196682,0.013109698173625877,0.1343872821014325
PHASE1__Ma4_Kn0.33_ISO_hphs1.5_Tw1,3,ISO,4.0,0.33,1.5,1.0,0.05084745762711865,0.24156971639203448,0.014472329398841402,0.13151596560874274
PHASE1__Ma4_Kn0.33_ISO_hphs1.5_Tw1,4,ISO,4.0,0.33,1.5,1.0,0.06779661016949153,0.24411265397558932,0.01582641758188132,0.13084448757039785
PHASE1__Ma4_Kn0.33_ISO_hphs1.5_Tw1,5,ISO,4.0,0.33,1.5,1.0,0.0847457627118644,0.24769135078927915,0.017177882059084534,0.11824499306630282
PHASE1__Ma4_Kn0.33_ISO_hphs1.5_Tw1,6,ISO,4.0,0.33,1.5,1.0,0.1016949152542373,0.2510978340467623,0.01832879302184318,0.11381666592204324
PHASE1__Ma4_Kn0.33_ISO_hphs1.5_Tw1,7,ISO,4.0,0.33,1.5,1.0,0.11864406779661017,0.2553790134962014,0.019659331845178055,0.10303247690864274
PHASE1__Ma4_Kn0.33_ISO_hphs1.5_Tw1,8,ISO,4.0,0.33,1.5,1.0,0.13559322033898305,0.25730309732921514,0.020739562732408928,0.09432062331431021
PHASE1__Ma4_Kn0.33_ISO_hphs1.5_Tw1,9,ISO,4.0,0.33,1.5,1.0,0.15254237288135594,0.2622954320395364,0.02207413310373679,0.0778065769173789
PHASE1__Ma4_Kn0.33_ISO_hphs1.5_Tw1,10,ISO,4.0,0.33,1.5,1.0,0.1694915254237288,0.2655631532948962,0.023239890401961654,0.062007110403323906
PHASE1__Ma4_Kn0.33_ISO_hphs1.5_Tw1,11,ISO,4.0,0.33,1.5,1.0,0.1864406779661017,0.2697687570110361,0.024490854147054084,0.044686240484180365
PHASE1__Ma4_Kn0.33_ISO_hphs1.5_Tw1,12,ISO,4.0,0.33,1.5,1.0,0.2033898305084746,0.27344223322796185,0.025709021569187727,0.021706291280050583
PHASE1__Ma4_Kn0.33_ISO_hphs1.5_Tw1,13,ISO,4.0,0.33,1.5,1.0,0.22033898305084745,0.27806350347724795,0.02707536437826981,0.0006522472792254484
PHASE1__Ma4_Kn0.33_ISO_hphs1.5_Tw1,14,ISO,4.0,0.33,1.5,1.0,0.23728813559322035,0.28262840166317144,0.02839297665089702,0.02459841555971441
PHASE1__Ma4_Kn0.33_ISO_hphs1.5_Tw1,15,ISO,4.0,0.33,1.5,1.0,0.2542372881355932,0.28657506557177753,0.029664418100080792,0.06076000296247524
PHASE1__Ma4_Kn0.33_ISO_hphs1.5_Tw1,16,ISO,4.0,0.33,1.5,1.0,0.2711864406779661,0.2910519985599264,0.030923988880174114,0.0794385335494683
PHASE1__Ma4_Kn0.33_ISO_hphs1.5_Tw1,17,ISO,4.0,0.33,1.5,1.0,0.288135593220339,0.29552831207485153,0.03240884640168483,0.1253969899591294
PHASE1__Ma4_Kn0.33_ISO_hphs1.5_Tw1,18,ISO,4.0,0.33,1.5,1.0,0.3050847457627119,0.2994694007244438,0.03381956823510236,0.16415699561700076
PHASE1__Ma4_Kn0.33_ISO_hphs1.5_Tw1,19,ISO,4.0,0.33,1.5,1.0,0.3220338983050847,0.30312119537853777,0.03520533286665857,0.20633020566742039
PHASE1__Ma4_Kn0.33_ISO_hphs1.5_Tw1,20,ISO,4.0,0.33,1.5,1.0,0.3389830508474576,0.30729582543348943,0.03673060185733704,0.2500855348539975
PHASE1__Ma4_Kn0.33_ISO_hphs1.5_Tw1,21,ISO,4.0,0.33,1.5,1.0,0.3559322033898305,0.3115491285878591,0.038218435045223535,0.3036609062181202
PHASE1__Ma4_Kn0.33_ISO_hphs1.5_Tw1,22,ISO,4.0,0.33,1.5,1.0,0.3728813559322034,0.31492959396994413,0.03994176183016044,0.36094332081505537
PHASE1__Ma4_Kn0.33_ISO_hphs1.5_Tw1,23,ISO,4.0,0.33,1.5,1.0,0.3898305084745763,0.3198054677141976,0.04184554838240229,0.4240772456168805
PHASE1__Ma4_Kn0.33_ISO_hphs1.5_Tw1,24,ISO,4.0,0.33,1.5,1.0,0.4067796610169492,0.32341823555519444,0.04370134031568006,0.496468105813455
PHASE1__Ma4_Kn0.33_ISO_hphs1.5_Tw1,25,ISO,4.0,0.33,1.5,1.0,0.423728813559322,0.32704091496777155,0.0456697596214602,0.5671734720171598
PHASE1__Ma4_Kn0.33_ISO_hphs1.5_Tw1,26,ISO,4.0,0.33,1.5,1.0,0.4406779661016949,0.33085191424037314,0.04823555195127993,0.6719723023585124
PHASE1__Ma4_Kn0.33_ISO_hphs1.5_Tw1,27,ISO,4.0,0.33,1.5,1.0,0.4576271186440678,0.33419892806837487,0.05088485491809716,0.7672106186497943
PHASE1__Ma4_Kn0.33_ISO_hphs1.5_Tw1,28,ISO,4.0,0.33,1.5,1.0,0.4745762711864407,0.3379232010896494,0.05408993557251844,0.888583262435772
PHASE1__Ma4_Kn0.33_ISO_hphs1.5_Tw1,29,ISO,4.0,0.33,1.5,1.0,0.4915254237288136,0.345417588150757,0.05883884313695097,1.0448997068221428
PHASE1__Ma4_Kn0.33_ISO_hphs1.5_Tw1,30,ISO,4.0,0.33,1.5,1.0,0.5084745762711864,-0.02422326146887853,0.00045652481558633136,0.003992258541690405
PHASE1__Ma4_Kn0.33_ISO_hphs1.5_Tw1,31,ISO,4.0,0.33,1.5,1.0,0.5254237288135594,-0.0239111089114234,0.0004671572235075073,0.00011598709519407751
PHASE1__Ma4_Kn0.33_ISO_hphs1.5_Tw1,32,ISO,4.0,0.33,1.5,1.0,0.5423728813559322,-0.023581611103702854,0.00047037286297810064,0.0022216161118584375
PHASE1__Ma4_Kn0.33_ISO_hphs1.5_Tw1,33,ISO,4.0,0.33,1.5,1.0,0.559322033898305,-0.023160121522253222,0.0004793574556481765,0.004569206613953893
PHASE1__Ma4_Kn0.33_ISO_hphs1.5_Tw1,34,ISO,4.0,0.33,1.5,1.0,0.576271186440678,-0.02271899463961024,0.0004891163615042061,0.00638218150613879
PHASE1__Ma4_Kn0.33_ISO_hphs1.5_Tw1,35,ISO,4.0,0.33,1.5,1.0,0.5932203389830508,-0.022317452095965837,0.0005034571536506733,0.007239348488703938
PHASE1__Ma4_Kn0.33_ISO_hphs1.5_Tw1,36,ISO,4.0,0.33,1.5,1.0,0.6101694915254238,-0.021827634617934938,0.0005161085352096048,0.008531265403989024
PHASE1__Ma4_Kn0.33_ISO_hphs1.5_Tw1,37,ISO,4.0,0.33,1.5,1.0,0.6271186440677966,-0.021430862018113526,0.0005186522500147012,0.009964409639577248
PHASE1__Ma4_Kn0.33_ISO_hphs1.5_Tw1,38,ISO,4.0,0.33,1.5,1.0,0.6440677966101694,-0.020971274833402356,0.00053226032431165,0.010437499026649057
PHASE1__Ma4_Kn0.33_ISO_hphs1.5_Tw1,39,ISO,4.0,0.33,1.5,1.0,0.6610169491525424,-0.02053801526070119,0.0005381700617267605,0.011004729419667708
PHASE1__Ma4_Kn0.33_ISO_hphs1.5_Tw1,40,ISO,4.0,0.33,1.5,1.0,0.6779661016949152,-0.020073224500910394,0.0005542546583622558,0.011984295521343757
PHASE1__Ma4_Kn0.33_ISO_hphs1.5_Tw1,41,ISO,4.0,0.33,1.5,1.0,0.6949152542372882,-0.019612832001008326,0.0005573519111060711,0.01270002014872811
PHASE1__Ma4_Kn0.33_ISO_hphs1.5_Tw1,42,ISO,4.0,0.33,1.5,1.0,0.711864406779661,-0.019131501306143005,0.0005686978390291797,0.013240032817920053
PHASE1__Ma4_Kn0.33_ISO_hphs1.5_Tw1,43,ISO,4.0,0.33,1.5,1.0,0.7288135593220338,-0.01871856045518133,0.0005766009529519316,0.013580616446479886
PHASE1__Ma4_Kn0.33_ISO_hphs1.5_Tw1,44,ISO,4.0,0.33,1.5,1.0,0.7457627118644068,-0.018268884842050397,0.0005822803161960144,0.013599684980778046
PHASE1__Ma4_Kn0.33_ISO_hphs1.5_Tw1,45,ISO,4.0,0.33,1.5,1.0,0.7627118644067796,-0.017829740273723464,0.0005897482789068253,0.012923276951535936
PHASE1__Ma4_Kn0.33_ISO_hphs1.5_Tw1,46,ISO,4.0,0.33,1.5,1.0,0.7796610169491526,-0.017366807933603963,0.0005991808213538992,0.013376538857675403
PHASE1__Ma4_Kn0.33_ISO_hphs1.5_Tw1,47,ISO,4.0,0.33,1.5,1.0,0.7966101694915254,-0.01694389356373967,0.0006058232766185279,0.013671788073697603
PHASE1__Ma4_Kn0.33_ISO_hphs1.5_Tw1,48,ISO,4.0,0.33,1.5,1.0,0.8135593220338984,-0.01649787284262895,0.0006072023220034292,0.01350567046593393
PHASE1__Ma4_Kn0.33_ISO_hphs1.5_Tw1,49,ISO,4.0,0.33,1.5,1.0,0.8305084745762712,-0.016100480769583772,0.0006049465749121175,0.013127664443548213
PHASE1__Ma4_Kn0.33_ISO_hphs1.5_Tw1,50,ISO,4.0,0.33,1.5,1.0,0.847457627118644,-0.01569187623118845,0.0006152878154782446,0.01184567708011661
PHASE1__Ma4_Kn0.33_ISO_hphs1.5_Tw1,51,ISO,4.0,0.33,1.5,1.0,0.864406779661017,-0.015340572965991381,0.000615927743731099,0.01165963396080683
PHASE1__Ma4_Kn0.33_ISO_hphs1.5_Tw1,52,ISO,4.0,0.33,1.5,1.0,0.8813559322033898,-0.014932216216885563,0.0006162477078575261,0.010161052713597149
PHASE1__Ma4_Kn0.33_ISO_hphs1.5_Tw1,53,ISO,4.0,0.33,1.5,1.0,0.8983050847457628,-0.014596275887637865,0.0006129296798664761,0.008454687688170391
PHASE1__Ma4_Kn0.33_ISO_hphs1.5_Tw1,54,ISO,4.0,0.33,1.5,1.0,0.9152542372881356,-0.014283008278379958,0.0006183530718094172,0.00743785730654333
PHASE1__Ma4_Kn0.33_ISO_hphs1.5_Tw1,55,ISO,4.0,0.33,1.5,1.0,0.9322033898305084,-0.013877625000748213,0.0006180971005082754,0.006215172136071534
PHASE1__Ma4_Kn0.33_ISO_hphs1.5_Tw1,56,ISO,4.0,0.33,1.5,1.0,0.9491525423728814,-0.013745429414796784,0.0006073783022729641,0.004354181219896572
PHASE1__Ma4_Kn0.33_ISO_hphs1.5_Tw1,57,ISO,4.0,0.33,1.5,1.0,0.9661016949152542,-0.013475339089235294,0.0006041370656722565,0.0019009930961221295
PHASE1__Ma4_Kn0.33_ISO_hphs1.5_Tw1,58,ISO,4.0,0.33,1.5,1.0,0.9830508474576272,-0.013423551127728549,0.0005858383172818849,0.0002658168542844678
PHASE1__Ma4_Kn0.33_ISO_hphs1.5_Tw1,59,ISO,4.0,0.33,1.5,1.0,1.0,-0.013414444871339203,0.0005727677827173337,0.003684391837807157
PHASE1__Ma4_Kn0.8_BWD_hphs1.5_Tw1,0,BWD,4.0,0.8,1.5,1.0,0.0,0.08436537692399436,0.015604362478140841,0.15711205571183898
PHASE1__Ma4_Kn0.8_BWD_hphs1.5_Tw1,1,BWD,4.0,0.8,1.5,1.0,0.01694915254237288,0.08686433190866191,0.016610361688040604,0.1880409063209386
PHASE1__Ma4_Kn0.8_BWD_hphs1.5_Tw1,2,BWD,4.0,0.8,1.5,1.0,0.03389830508474576,0.08881567256352133,0.017265136276361233,0.2150580422165142
PHASE1__Ma4_Kn0.8_BWD_hphs1.5_Tw1,3,BWD,4.0,0.8,1.5,1.0,0.05084745762711865,0.09071373852113696,0.01790522451127885,0.23715795755571856
PHASE1__Ma4_Kn0.8_BWD_hphs1.5_Tw1,4,BWD,4.0,0.8,1.5,1.0,0.06779661016949153,0.0925387066383483,0.018467849431188437,0.2585847072392333
PHASE1__Ma4_Kn0.8_BWD_hphs1.5_Tw1,5,BWD,4.0,0.8,1.5,1.0,0.0847457627118644,0.09407933654585161,0.018948531538320025,0.28048804689326784
PHASE1__Ma4_Kn0.8_BWD_hphs1.5_Tw1,6,BWD,4.0,0.8,1.5,1.0,0.1016949152542373,0.09602696036136843,0.019495990158636966,0.3045692754333569
PHASE1__Ma4_Kn0.8_BWD_hphs1.5_Tw1,7,BWD,4.0,0.8,1.5,1.0,0.11864406779661017,0.09724484471929021,0.019928965614518256,0.3224590769973765
PHASE1__Ma4_Kn0.8_BWD_hphs1.5_Tw1,8,BWD,4.0,0.8,1.5,1.0,0.13559322033898305,0.098807775662849,0.02035726959415371,0.34246454205070637
PHASE1__Ma4_Kn0.8_BWD_hphs1.5_Tw1,9,BWD,4.0,0.8,1.5,1.0,0.15254237288135594,0.10015451045131389,0.02082358531200871,0.3635900642454356
PHASE1__Ma4_Kn0.8_BWD_hphs1.5_Tw1,10,BWD,4.0,0.8,1.5,1.0,0.1694915254237288,0.10156009519603643,0.021216725234149813,0.383249046975984
PHASE1__Ma4_Kn0.8_BWD_hphs1.5_Tw1,11,BWD,4.0,0.8,1.5,1.0,0.1864406779661017,0.10269125330263112,0.021630566835270756,0.40295469875409073
PHASE1__Ma4_Kn0.8_BWD_hphs1.5_Tw1,12,BWD,4.0,0.8,1.5,1.0,0.2033898305084746,0.1036074542005794,0.02196684913214575,0.4220465818461275
PHASE1__Ma4_Kn0.8_BWD_hphs1.5_Tw1,13,BWD,4.0,0.8,1.5,1.0,0.22033898305084745,0.10450383195536718,0.02227260685135958,0.44142696450488844
PHASE1__Ma4_Kn0.8_BWD_hphs1.5_Tw1,14,BWD,4.0,0.8,1.5,1.0,0.23728813559322035,0.10548569701503453,0.022693071709897567,0.46388891851606023
PHASE1__Ma4_Kn0.8_BWD_hphs1.5_Tw1,15,BWD,4.0,0.8,1.5,1.0,0.2542372881355932,0.10652641203095954,0.02304995969651447,0.48317879150682924
PHASE1__Ma4_Kn0.8_BWD_hphs1.5_Tw1,16,BWD,4.0,0.8,1.5,1.0,0.2711864406779661,0.1070833184591242,0.023371619632811733,0.5046012985496569
PHASE1__Ma4_Kn0.8_BWD_hphs1.5_Tw1,17,BWD,4.0,0.8,1.5,1.0,0.288135593220339,0.1076352691014987,0.023634374173433753,0.5243776610058822
PHASE1__Ma4_Kn0.8_BWD_hphs1.5_Tw1,18,BWD,4.0,0.8,1.5,1.0,0.3050847457627119,0.10843748692627424,0.024030457765537982,0.5501686737428804
PHASE1__Ma4_Kn0.8_BWD_hphs1.5_Tw1,19,BWD,4.0,0.8,1.5,1.0,0.3220338983050847,0.10869828515347926,0.024299259628149477,0.570260405823515
PHASE1__Ma4_Kn0.8_BWD_hphs1.5_Tw1,20,BWD,4.0,0.8,1.5,1.0,0.3389830508474576,0.10896651705936945,0.024591034915038442,0.5936670544943521
PHASE1__Ma4_Kn0.8_BWD_hphs1.5_Tw1,21,BWD,4.0,0.8,1.5,1.0,0.3559322033898305,0.10893987971074758,0.024903991827096888,0.6154077595887137
PHASE1__Ma4_Kn0.8_BWD_hphs1.5_Tw1,22,BWD,4.0,0.8,1.5,1.0,0.3728813559322034,0.1090805001325422,0.025238418332038597,0.6397633455599031
PHASE1__Ma4_Kn0.8_BWD_hphs1.5_Tw1,23,BWD,4.0,0.8,1.5,1.0,0.3898305084745763,0.10920129741117635,0.025571341005586102,0.6667734103876669
PHASE1__Ma4_Kn0.8_BWD_hphs1.5_Tw1,24,BWD,4.0,0.8,1.5,1.0,0.4067796610169492,0.10879678139605789,0.025873483130171307,0.6943548174946294
PHASE1__Ma4_Kn0.8_BWD_hphs1.5_Tw1,25,BWD,4.0,0.8,1.5,1.0,0.423728813559322,0.10866173623327714,0.026286460828150896,0.7252978102393526
PHASE1__Ma4_Kn0.8_BWD_hphs1.5_Tw1,26,BWD,4.0,0.8,1.5,1.0,0.4406779661016949,0.1076934995845326,0.02657465251682388,0.7543740410817434
PHASE1__Ma4_Kn0.8_BWD_hphs1.5_Tw1,27,BWD,4.0,0.8,1.5,1.0,0.4576271186440678,0.10709880528971831,0.027010411660605083,0.7851105586463604
PHASE1__Ma4_Kn0.8_BWD_hphs1.5_Tw1,28,BWD,4.0,0.8,1.5,1.0,0.4745762711864407,0.10635481794797667,0.027564333556275855,0.8255910076557278
PHASE1__Ma4_Kn0.8_BWD_hphs1.5_Tw1,29,BWD,4.0,0.8,1.5,1.0,0.4915254237288136,0.1058549030563984,0.028336534978995263,0.8718923596878229
PHASE1__Ma4_Kn0.8_BWD_hphs1.5_Tw1,30,BWD,4.0,0.8,1.5,1.0,0.5084745762711864,-0.027403085668518325,0.0001164045490148481,0.013649022836818759
PHASE1__Ma4_Kn0.8_BWD_hphs1.5_Tw1,31,BWD,4.0,0.8,1.5,1.0,0.5254237288135594,-0.027195469217573525,0.00011271696245777461,0.013411643301982051
PHASE1__Ma4_Kn0.8_BWD_hphs1.5_Tw1,32,BWD,4.0,0.8,1.5,1.0,0.5423728813559322,-0.027044280582581463,0.00011216342451905555,0.012916114392633724
PHASE1__Ma4_Kn0.8_BWD_hphs1.5_Tw1,33,BWD,4.0,0.8,1.5,1.0,0.559322033898305,-0.0269272001432899,0.00011075302264976444,0.012362187701733866
PHASE1__Ma4_Kn0.8_BWD_hphs1.5_Tw1,34,BWD,4.0,0.8,1.5,1.0,0.576271186440678,-0.0268044205503397,0.00011119009364646401,0.01170338407224594
PHASE1__Ma4_Kn0.8_BWD_hphs1.5_Tw1,35,BWD,4.0,0.8,1.5,1.0,0.5932203389830508,-0.02675610163888604,0.00010765033051579987,0.0110456208320945
PHASE1__Ma4_Kn0.8_BWD_hphs1.5_Tw1,36,BWD,4.0,0.8,1.5,1.0,0.6101694915254238,-0.026677924118046904,0.00010768200696431616,0.01035676291570875
PHASE1__Ma4_Kn0.8_BWD_hphs1.5_Tw1,37,BWD,4.0,0.8,1.5,1.0,0.6271186440677966,-0.026635056570962375,0.00010616825668218907,0.009851699739217592
PHASE1__Ma4_Kn0.8_BWD_hphs1.5_Tw1,38,BWD,4.0,0.8,1.5,1.0,0.6440677966101694,-0.026593242128358247,0.00010256162104910165,0.008895474408945258
PHASE1__Ma4_Kn0.8_BWD_hphs1.5_Tw1,39,BWD,4.0,0.8,1.5,1.0,0.6610169491525424,-0.02657125082891459,0.00010260481620616932,0.008424171708749768
PHASE1__Ma4_Kn0.8_BWD_hphs1.5_Tw1,40,BWD,4.0,0.8,1.5,1.0,0.6779661016949152,-0.026529064702376204,9.785718849824251e-05,0.007368960763160569
PHASE1__Ma4_Kn0.8_BWD_hphs1.5_Tw1,41,BWD,4.0,0.8,1.5,1.0,0.6949152542372882,-0.026553595842037293,9.468794382598107e-05,0.006932607555667637
PHASE1__Ma4_Kn0.8_BWD_hphs1.5_Tw1,42,BWD,4.0,0.8,1.5,1.0,0.711864406779661,-0.026550436528596094,9.422239602202951e-05,0.0063261997047200464
PHASE1__Ma4_Kn0.8_BWD_hphs1.5_Tw1,43,BWD,4.0,0.8,1.5,1.0,0.7288135593220338,-0.02653389659352157,9.280815458322127e-05,0.00561463663474316
PHASE1__Ma4_Kn0.8_BWD_hphs1.5_Tw1,44,BWD,4.0,0.8,1.5,1.0,0.7457627118644068,-0.02656127731001198,9.309324261986789e-05,0.004814156641510536
PHASE1__Ma4_Kn0.8_BWD_hphs1.5_Tw1,45,BWD,4.0,0.8,1.5,1.0,0.7627118644067796,-0.026622295422552816,9.043082112386716e-05,0.0042801522998720505
PHASE1__Ma4_Kn0.8_BWD_hphs1.5_Tw1,46,BWD,4.0,0.8,1.5,1.0,0.7796610169491526,-0.026646021247023016,8.645782656602059e-05,0.0033983733102765507
PHASE1__Ma4_Kn0.8_BWD_hphs1.5_Tw1,47,BWD,4.0,0.8,1.5,1.0,0.7966101694915254,-0.026696818051371734,8.452524324240028e-05,0.0028006816452444214
PHASE1__Ma4_Kn0.8_BWD_hphs1.5_Tw1,48,BWD,4.0,0.8,1.5,1.0,0.8135593220338984,-0.026756968901399305,8.045849919551055e-05,0.0022599631556777648
PHASE1__Ma4_Kn0.8_BWD_hphs1.5_Tw1,49,BWD,4.0,0.8,1.5,1.0,0.8305084745762712,-0.02683415526508041,7.9454451766782e-05,0.00174158267927308
PHASE1__Ma4_Kn0.8_BWD_hphs1.5_Tw1,50,BWD,4.0,0.8,1.5,1.0,0.847457627118644,-0.026896164534779277,7.862126518156558e-05,0.0012567210811556396
PHASE1__Ma4_Kn0.8_BWD_hphs1.5_Tw1,51,BWD,4.0,0.8,1.5,1.0,0.864406779661017,-0.027004944032872392,7.37942863702848e-05,0.0007338666143176156
PHASE1__Ma4_Kn0.8_BWD_hphs1.5_Tw1,52,BWD,4.0,0.8,1.5,1.0,0.8813559322033898,-0.027081325081362604,7.401602150989886e-05,0.00014460997709359475
PHASE1__Ma4_Kn0.8_BWD_hphs1.5_Tw1,53,BWD,4.0,0.8,1.5,1.0,0.8983050847457628,-0.027146642338076375,7.159741267823564e-05,0.0001347098976683228
PHASE1__Ma4_Kn0.8_BWD_hphs1.5_Tw1,54,BWD,4.0,0.8,1.5,1.0,0.9152542372881356,-0.02725497581544838,6.590333108433716e-05,0.0003124372070311729
PHASE1__Ma4_Kn0.8_BWD_hphs1.5_Tw1,55,BWD,4.0,0.8,1.5,1.0,0.9322033898305084,-0.02735369506838755,6.477449764630199e-05,0.0006824988922342658
PHASE1__Ma4_Kn0.8_BWD_hphs1.5_Tw1,56,BWD,4.0,0.8,1.5,1.0,0.9491525423728814,-0.027463855991769662,6.166060676791246e-05,0.0009515976531423351
PHASE1__Ma4_Kn0.8_BWD_hphs1.5_Tw1,57,BWD,4.0,0.8,1.5,1.0,0.9661016949152542,-0.02756852218765698,5.743868011970554e-05,0.0009593360628043752
PHASE1__Ma4_Kn0.8_BWD_hphs1.5_Tw1,58,BWD,4.0,0.8,1.5,1.0,0.9830508474576272,-0.02769006283415965,5.630408732739468e-05,0.001186655127494505
PHASE1__Ma4_Kn0.8_BWD_hphs1.5_Tw1,59,BWD,4.0,0.8,1.5,1.0,1.0,-0.027868316254297996,5.2106477952796216e-05,0.0013902210597689132
PHASE1__Ma4_Kn0.8_FWD_hphs1.5_Tw1,0,FWD,4.0,0.8,1.5,1.0,0.0,0.11920455102853181,0.0035881417065799248,0.08605452437896569
PHASE1__Ma4_Kn0.8_FWD_hphs1.5_Tw1,1,FWD,4.0,0.8,1.5,1.0,0.01694915254237288,0.11897162909639622,0.0045682238222390864,0.098991971496733
PHASE1__Ma4_Kn0.8_FWD_hphs1.5_Tw1,2,FWD,4.0,0.8,1.5,1.0,0.03389830508474576,0.11874180453037943,0.005427103526807624,0.11225137010299698
PHASE1__Ma4_Kn0.8_FWD_hphs1.5_Tw1,3,FWD,4.0,0.8,1.5,1.0,0.05084745762711865,0.11882233604946887,0.006299549710336675,0.1232834816849362
PHASE1__Ma4_Kn0.8_FWD_hphs1.5_Tw1,4,FWD,4.0,0.8,1.5,1.0,0.06779661016949153,0.11883906182651052,0.007073734910639932,0.1300961345621383
PHASE1__Ma4_Kn0.8_FWD_hphs1.5_Tw1,5,FWD,4.0,0.8,1.5,1.0,0.0847457627118644,0.11960782809720275,0.007889163486839655,0.13854143977254602
PHASE1__Ma4_Kn0.8_FWD_hphs1.5_Tw1,6,FWD,4.0,0.8,1.5,1.0,0.1016949152542373,0.12085730558953656,0.0087302211895662,0.1508574993299637
PHASE1__Ma4_Kn0.8_FWD_hphs1.5_Tw1,7,FWD,4.0,0.8,1.5,1.0,0.11864406779661017,0.12162669133345252,0.009570798946103099,0.16174424100795676
PHASE1__Ma4_Kn0.8_FWD_hphs1.5_Tw1,8,FWD,4.0,0.8,1.5,1.0,0.13559322033898305,0.12260050324121095,0.010461931034615499,0.16900268016679498
PHASE1__Ma4_Kn0.8_FWD_hphs1.5_Tw1,9,FWD,4.0,0.8,1.5,1.0,0.15254237288135594,0.12390573332368358,0.011331497541006704,0.1799978879684148
PHASE1__Ma4_Kn0.8_FWD_hphs1.5_Tw1,10,FWD,4.0,0.8,1.5,1.0,0.1694915254237288,0.12561547942127468,0.012207591315577025,0.18437454349570606
PHASE1__Ma4_Kn0.8_FWD_hphs1.5_Tw1,11,FWD,4.0,0.8,1.5,1.0,0.1864406779661017,0.12678318644807146,0.013097347558345789,0.19226120073454758
PHASE1__Ma4_Kn0.8_FWD_hphs1.5_Tw1,12,FWD,4.0,0.8,1.5,1.0,0.2033898305084746,0.12911674208199383,0.014096947485717009,0.20226980952898038
PHASE1__Ma4_Kn0.8_FWD_hphs1.5_Tw1,13,FWD,4.0,0.8,1.5,1.0,0.22033898305084745,0.13107861378165725,0.015065318914348935,0.20780493385434815
PHASE1__Ma4_Kn0.8_FWD_hphs1.5_Tw1,14,FWD,4.0,0.8,1.5,1.0,0.23728813559322035,0.13337252312925862,0.016024187408425972,0.21682571035329273
PHASE1__Ma4_Kn0.8_FWD_hphs1.5_Tw1,15,FWD,4.0,0.8,1.5,1.0,0.2542372881355932,0.13556731676105765,0.0170751735745014,0.2230079948016214
PHASE1__Ma4_Kn0.8_FWD_hphs1.5_Tw1,16,FWD,4.0,0.8,1.5,1.0,0.2711864406779661,0.13825954739153987,0.018139022298459206,0.22962041225738186
PHASE1__Ma4_Kn0.8_FWD_hphs1.5_Tw1,17,FWD,4.0,0.8,1.5,1.0,0.288135593220339,0.14158426018348602,0.019422942348573637,0.23339715208965167
PHASE1__Ma4_Kn0.8_FWD_hphs1.5_Tw1,18,FWD,4.0,0.8,1.5,1.0,0.3050847457627119,0.1441383482850687,0.02054185689868956,0.2357898894813134
PHASE1__Ma4_Kn0.8_FWD_hphs1.5_Tw1,19,FWD,4.0,0.8,1.5,1.0,0.3220338983050847,0.14792518810194347,0.02182888060083034,0.24330886869664245
PHASE1__Ma4_Kn0.8_FWD_hphs1.5_Tw1,20,FWD,4.0,0.8,1.5,1.0,0.3389830508474576,0.151214590920135,0.023217172948985326,0.24614217461176782
PHASE1__Ma4_Kn0.8_FWD_hphs1.5_Tw1,21,FWD,4.0,0.8,1.5,1.0,0.3559322033898305,0.15502682913918417,0.02457666852576186,0.2422198751387879
PHASE1__Ma4_Kn0.8_FWD_hphs1.5_Tw1,22,FWD,4.0,0.8,1.5,1.0,0.3728813559322034,0.1585918975419511,0.02607538049394687,0.24910956109985022
PHASE1__Ma4_Kn0.8_FWD_hphs1.5_Tw1,23,FWD,4.0,0.8,1.5,1.0,0.3898305084745763,0.16297343165364017,0.02757930787739265,0.248933453856829
PHASE1__Ma4_Kn0.8_FWD_hphs1.5_Tw1,24,FWD,4.0,0.8,1.5,1.0,0.4067796610169492,0.16787408432684423,0.029455801489650258,0.2466934544762791
PHASE1__Ma4_Kn0.8_FWD_hphs1.5_Tw1,25,FWD,4.0,0.8,1.5,1.0,0.423728813559322,0.17225128212596696,0.03121186060472067,0.24352387195470182
PHASE1__Ma4_Kn0.8_FWD_hphs1.5_Tw1,26,FWD,4.0,0.8,1.5,1.0,0.4406779661016949,0.1778383111311025,0.0332836283233368,0.24221253865456674
PHASE1__Ma4_Kn0.8_FWD_hphs1.5_Tw1,27,FWD,4.0,0.8,1.5,1.0,0.4576271186440678,0.18400454760045823,0.03559184953138263,0.23894691776051433
PHASE1__Ma4_Kn0.8_FWD_hphs1.5_Tw1,28,FWD,4.0,0.8,1.5,1.0,0.4745762711864407,0.19122698591633308,0.03845424860640038,0.23811005260049395
PHASE1__Ma4_Kn0.8_FWD_hphs1.5_Tw1,29,FWD,4.0,0.8,1.5,1.0,0.4915254237288136,0.20061819998860883,0.04202824789859222,0.24277959828463758
PHASE1__Ma4_Kn0.8_FWD_hphs1.5_Tw1,30,FWD,4.0,0.8,1.5,1.0,0.5084745762711864,-0.027511295251245578,0.000646557909553975,0.04038371680170116
PHASE1__Ma4_Kn0.8_FWD_hphs1.5_Tw1,31,FWD,4.0,0.8,1.5,1.0,0.5254237288135594,-0.027708046141845542,0.0006388851698022508,0.03800076694910249
PHASE1__Ma4_Kn0.8_FWD_hphs1.5_Tw1,32,FWD,4.0,0.8,1.5,1.0,0.5423728813559322,-0.027718416123611367,0.0006303709243980229,0.03615649104241173
PHASE1__Ma4_Kn0.8_FWD_hphs1.5_Tw1,33,FWD,4.0,0.8,1.5,1.0,0.559322033898305,-0.027706881532184865,0.0006272128784701863,0.03482175628224401
PHASE1__Ma4_Kn0.8_FWD_hphs1.5_Tw1,34,FWD,4.0,0.8,1.5,1.0,0.576271186440678,-0.027645615630354517,0.0006269697057341017,0.033753742199939846
PHASE1__Ma4_Kn0.8_FWD_hphs1.5_Tw1,35,FWD,4.0,0.8,1.5,1.0,0.5932203389830508,-0.027557656627312143,0.0006334521789355167,0.03276959098188441
PHASE1__Ma4_Kn0.8_FWD_hphs1.5_Tw1,36,FWD,4.0,0.8,1.5,1.0,0.6101694915254238,-0.027503471304429428,0.0006266273441188245,0.03154360924466317
PHASE1__Ma4_Kn0.8_FWD_hphs1.5_Tw1,37,FWD,4.0,0.8,1.5,1.0,0.6271186440677966,-0.027405067982834375,0.0006269729053753659,0.030438401345668598
PHASE1__Ma4_Kn0.8_FWD_hphs1.5_Tw1,38,FWD,4.0,0.8,1.5,1.0,0.6440677966101694,-0.027325230273755555,0.0006258722287804564,0.029396833056980817
PHASE1__Ma4_Kn0.8_FWD_hphs1.5_Tw1,39,FWD,4.0,0.8,1.5,1.0,0.6610169491525424,-0.027203150685548207,0.0006268353208010024,0.02842625828912416
PHASE1__Ma4_Kn0.8_FWD_hphs1.5_Tw1,40,FWD,4.0,0.8,1.5,1.0,0.6779661016949152,-0.027102139381681104,0.0006289790804480645,0.027879947589979432
PHASE1__Ma4_Kn0.8_FWD_hphs1.5_Tw1,41,FWD,4.0,0.8,1.5,1.0,0.6949152542372882,-0.026958855225024284,0.0006374997251348208,0.027463603117216795
PHASE1__Ma4_Kn0.8_FWD_hphs1.5_Tw1,42,FWD,4.0,0.8,1.5,1.0,0.711864406779661,-0.02685676603774783,0.0006382548404731891,0.02667744179789359
PHASE1__Ma4_Kn0.8_FWD_hphs1.5_Tw1,43,FWD,4.0,0.8,1.5,1.0,0.7288135593220338,-0.026705614571149196,0.0006440269933139358,0.026136929374354596
PHASE1__Ma4_Kn0.8_FWD_hphs1.5_Tw1,44,FWD,4.0,0.8,1.5,1.0,0.7457627118644068,-0.026546595794608753,0.0006418992318731948,0.0252966036755925
PHASE1__Ma4_Kn0.8_FWD_hphs1.5_Tw1,45,FWD,4.0,0.8,1.5,1.0,0.7627118644067796,-0.02643651540274573,0.0006435662449718807,0.0248212864972789
PHASE1__Ma4_Kn0.8_FWD_hphs1.5_Tw1,46,FWD,4.0,0.8,1.5,1.0,0.7796610169491526,-0.02627644352172488,0.0006478697624723265,0.024002174001952408
PHASE1__Ma4_Kn0.8_FWD_hphs1.5_Tw1,47,FWD,4.0,0.8,1.5,1.0,0.7966101694915254,-0.02611395569513135,0.0006502726930617948,0.02397417257341742
PHASE1__Ma4_Kn0.8_FWD_hphs1.5_Tw1,48,FWD,4.0,0.8,1.5,1.0,0.8135593220338984,-0.025927556202100493,0.0006614362414328398,0.023154777235378447
PHASE1__Ma4_Kn0.8_FWD_hphs1.5_Tw1,49,FWD,4.0,0.8,1.5,1.0,0.8305084745762712,-0.025762962166546163,0.0006603003687840233,0.022715663924261602
PHASE1__Ma4_Kn0.8_FWD_hphs1.5_Tw1,50,FWD,4.0,0.8,1.5,1.0,0.847457627118644,-0.025583500773621475,0.0006627288965036057,0.022264954061933295
PHASE1__Ma4_Kn0.8_FWD_hphs1.5_Tw1,51,FWD,4.0,0.8,1.5,1.0,0.864406779661017,-0.025438791828549995,0.0006649686453885961,0.021801799120256107
PHASE1__Ma4_Kn0.8_FWD_hphs1.5_Tw1,52,FWD,4.0,0.8,1.5,1.0,0.8813559322033898,-0.0252590826463358,0.0006671572000133582,0.021390545816318014
PHASE1__Ma4_Kn0.8_FWD_hphs1.5_Tw1,53,FWD,4.0,0.8,1.5,1.0,0.8983050847457628,-0.02505849721648073,0.0006716079010119606,0.020853286083972473
PHASE1__Ma4_Kn0.8_FWD_hphs1.5_Tw1,54,FWD,4.0,0.8,1.5,1.0,0.9152542372881356,-0.024843663902479066,0.0006769097065868593,0.020710309092816553
PHASE1__Ma4_Kn0.8_FWD_hphs1.5_Tw1,55,FWD,4.0,0.8,1.5,1.0,0.9322033898305084,-0.024677025605286312,0.0006794086264142557,0.020362836820541484
PHASE1__Ma4_Kn0.8_FWD_hphs1.5_Tw1,56,FWD,4.0,0.8,1.5,1.0,0.9491525423728814,-0.02445773208407354,0.0006828066454369127,0.02029523741226005
PHASE1__Ma4_Kn0.8_FWD_hphs1.5_Tw1,57,FWD,4.0,0.8,1.5,1.0,0.9661016949152542,-0.024284713212676005,0.0006787558995963443,0.019879600046278596
PHASE1__Ma4_Kn0.8_FWD_hphs1.5_Tw1,58,FWD,4.0,0.8,1.5,1.0,0.9830508474576272,-0.024052039069829913,0.0006833441851693103,0.020285479338679677
PHASE1__Ma4_Kn0.8_FWD_hphs1.5_Tw1,59,FWD,4.0,0.8,1.5,1.0,1.0,-0.02391315317306182,0.000681293215118912,0.02049237878285486
PHASE1__Ma4_Kn0.8_ISO_hphs1.5_Tw1,0,ISO,4.0,0.8,1.5,1.0,0.0,0.10137239480923567,0.011302476794739759,0.09330458350209811
PHASE1__Ma4_Kn0.8_ISO_hphs1.5_Tw1,1,ISO,4.0,0.8,1.5,1.0,0.01694915254237288,0.10328037233843151,0.01266977949620112,0.0842427606391196
PHASE1__Ma4_Kn0.8_ISO_hphs1.5_Tw1,2,ISO,4.0,0.8,1.5,1.0,0.03389830508474576,0.10568268950019176,0.013770712062411834,0.0731540126643098
PHASE1__Ma4_Kn0.8_ISO_hphs1.5_Tw1,3,ISO,4.0,0.8,1.5,1.0,0.05084745762711865,0.10774243796921004,0.01473578786054156,0.06079330174624503
PHASE1__Ma4_Kn0.8_ISO_hphs1.5_Tw1,4,ISO,4.0,0.8,1.5,1.0,0.06779661016949153,0.10997378052121116,0.015581932992878295,0.05128370036658821
PHASE1__Ma4_Kn0.8_ISO_hphs1.5_Tw1,5,ISO,4.0,0.8,1.5,1.0,0.0847457627118644,0.11275893213525812,0.016467913658955214,0.039422755809937995
PHASE1__Ma4_Kn0.8_ISO_hphs1.5_Tw1,6,ISO,4.0,0.8,1.5,1.0,0.1016949152542373,0.11457089131477044,0.017225812685223326,0.026586530037823665
PHASE1__Ma4_Kn0.8_ISO_hphs1.5_Tw1,7,ISO,4.0,0.8,1.5,1.0,0.11864406779661017,0.11691311957382548,0.018038457573523136,0.011779803674174711
PHASE1__Ma4_Kn0.8_ISO_hphs1.5_Tw1,8,ISO,4.0,0.8,1.5,1.0,0.13559322033898305,0.11983951108289083,0.018887162418871287,0.0013381073563840085
PHASE1__Ma4_Kn0.8_ISO_hphs1.5_Tw1,9,ISO,4.0,0.8,1.5,1.0,0.15254237288135594,0.12193704741855876,0.01959434713110069,0.015835737838825192
PHASE1__Ma4_Kn0.8_ISO_hphs1.5_Tw1,10,ISO,4.0,0.8,1.5,1.0,0.1694915254237288,0.12444095818901643,0.02034149536272085,0.031776368427653905
PHASE1__Ma4_Kn0.8_ISO_hphs1.5_Tw1,11,ISO,4.0,0.8,1.5,1.0,0.1864406779661017,0.12656203450718742,0.02112259178815493,0.04975296824240741
PHASE1__Ma4_Kn0.8_ISO_hphs1.5_Tw1,12,ISO,4.0,0.8,1.5,1.0,0.2033898305084746,0.12874381920128738,0.02180843489315164,0.06434570960134016
PHASE1__Ma4_Kn0.8_ISO_hphs1.5_Tw1,13,ISO,4.0,0.8,1.5,1.0,0.22033898305084745,0.13137781934873569,0.022615064455874613,0.08319930387959985
PHASE1__Ma4_Kn0.8_ISO_hphs1.5_Tw1,14,ISO,4.0,0.8,1.5,1.0,0.23728813559322035,0.13339792153143298,0.02333674354303117,0.10351915144054262
PHASE1__Ma4_Kn0.8_ISO_hphs1.5_Tw1,15,ISO,4.0,0.8,1.5,1.0,0.2542372881355932,0.13576307029976734,0.02411460833078834,0.12290195288525728
PHASE1__Ma4_Kn0.8_ISO_hphs1.5_Tw1,16,ISO,4.0,0.8,1.5,1.0,0.2711864406779661,0.1384230883226138,0.025006860293743233,0.14444231313188668
PHASE1__Ma4_Kn0.8_ISO_hphs1.5_Tw1,17,ISO,4.0,0.8,1.5,1.0,0.288135593220339,0.1407163781969914,0.025757720109229946,0.1668427812793829
PHASE1__Ma4_Kn0.8_ISO_hphs1.5_Tw1,18,ISO,4.0,0.8,1.5,1.0,0.3050847457627119,0.14245214216998064,0.026367027795185266,0.18949531457912092
PHASE1__Ma4_Kn0.8_ISO_hphs1.5_Tw1,19,ISO,4.0,0.8,1.5,1.0,0.3220338983050847,0.14459180268486457,0.027191927309527235,0.21258942833132602
PHASE1__Ma4_Kn0.8_ISO_hphs1.5_Tw1,20,ISO,4.0,0.8,1.5,1.0,0.3389830508474576,0.14659270119762516,0.027996509101841077,0.2362084801751199
PHASE1__Ma4_Kn0.8_ISO_hphs1.5_Tw1,21,ISO,4.0,0.8,1.5,1.0,0.3559322033898305,0.14872430856060015,0.02881417742692579,0.2639290061441523
PHASE1__Ma4_Kn0.8_ISO_hphs1.5_Tw1,22,ISO,4.0,0.8,1.5,1.0,0.3728813559322034,0.15144751285227062,0.029873226688987186,0.2926287313906309
PHASE1__Ma4_Kn0.8_ISO_hphs1.5_Tw1,23,ISO,4.0,0.8,1.5,1.0,0.3898305084745763,0.1533022156842227,0.03072957867695695,0.3248133498641951
PHASE1__Ma4_Kn0.8_ISO_hphs1.5_Tw1,24,ISO,4.0,0.8,1.5,1.0,0.4067796610169492,0.155696479694074,0.031734074055462504,0.35881953513848713
PHASE1__Ma4_Kn0.8_ISO_hphs1.5_Tw1,25,ISO,4.0,0.8,1.5,1.0,0.423728813559322,0.15746507574792276,0.03264338010635597,0.39200763918194254
PHASE1__Ma4_Kn0.8_ISO_hphs1.5_Tw1,26,ISO,4.0,0.8,1.5,1.0,0.4406779661016949,0.1591952644618981,0.03363206925701602,0.4283801568291884
PHASE1__Ma4_Kn0.8_ISO_hphs1.5_Tw1,27,ISO,4.0,0.8,1.5,1.0,0.4576271186440678,0.16227962164302348,0.034989997009573066,0.4688076631199622
PHASE1__Ma4_Kn0.8_ISO_hphs1.5_Tw1,28,ISO,4.0,0.8,1.5,1.0,0.4745762711864407,0.1643511401032933,0.03628681161398251,0.5178188558917104
PHASE1__Ma4_Kn0.8_ISO_hphs1.5_Tw1,29,ISO,4.0,0.8,1.5,1.0,0.4915254237288136,0.16848922123804277,0.038271549090210445,0.5748536957704977
PHASE1__Ma4_Kn0.8_ISO_hphs1.5_Tw1,30,ISO,4.0,0.8,1.5,1.0,0.5084745762711864,-0.028877512472597854,0.00018902040750750151,0.005772728381805262
PHASE1__Ma4_Kn0.8_ISO_hphs1.5_Tw1,31,ISO,4.0,0.8,1.5,1.0,0.5254237288135594,-0.028756894841198595,0.0001870817448654791,0.006846637875198308
PHASE1__Ma4_Kn0.8_ISO_hphs1.5_Tw1,32,ISO,4.0,0.8,1.5,1.0,0.5423728813559322,-0.028645222403150494,0.0001890847202969134,0.007740221647297963
PHASE1__Ma4_Kn0.8_ISO_hphs1.5_Tw1,33,ISO,4.0,0.8,1.5,1.0,0.559322033898305,-0.02849502492531646,0.00019372835966375136,0.008054533073052714
PHASE1__Ma4_Kn0.8_ISO_hphs1.5_Tw1,34,ISO,4.0,0.8,1.5,1.0,0.576271186440678,-0.02837382498908686,0.00019288589411886855,0.008921522090030377
PHASE1__Ma4_Kn0.8_ISO_hphs1.5_Tw1,35,ISO,4.0,0.8,1.5,1.0,0.5932203389830508,-0.02823773911129019,0.0001960576985041414,0.008991651921699371
PHASE1__Ma4_Kn0.8_ISO_hphs1.5_Tw1,36,ISO,4.0,0.8,1.5,1.0,0.6101694915254238,-0.028091989451202788,0.00019617064584077023,0.00951379772211392
PHASE1__Ma4_Kn0.8_ISO_hphs1.5_Tw1,37,ISO,4.0,0.8,1.5,1.0,0.6271186440677966,-0.027977108141855587,0.00019721340892879646,0.009641721340300185
PHASE1__Ma4_Kn0.8_ISO_hphs1.5_Tw1,38,ISO,4.0,0.8,1.5,1.0,0.6440677966101694,-0.02781886990157708,0.000201357904258408,0.009998941711626286
PHASE1__Ma4_Kn0.8_ISO_hphs1.5_Tw1,39,ISO,4.0,0.8,1.5,1.0,0.6610169491525424,-0.0276901371709465,0.00020243138390257126,0.010188763752732713
PHASE1__Ma4_Kn0.8_ISO_hphs1.5_Tw1,40,ISO,4.0,0.8,1.5,1.0,0.6779661016949152,-0.027601410021106654,0.00020306747258590853,0.009886649231913711
PHASE1__Ma4_Kn0.8_ISO_hphs1.5_Tw1,41,ISO,4.0,0.8,1.5,1.0,0.6949152542372882,-0.027475229520157983,0.00020278302447751474,0.010060226652680346
PHASE1__Ma4_Kn0.8_ISO_hphs1.5_Tw1,42,ISO,4.0,0.8,1.5,1.0,0.711864406779661,-0.02735408533651852,0.00020484967277010805,0.009988961563330795
PHASE1__Ma4_Kn0.8_ISO_hphs1.5_Tw1,43,ISO,4.0,0.8,1.5,1.0,0.7288135593220338,-0.027232086279830266,0.00020273375000204498,0.009988455598905169
PHASE1__Ma4_Kn0.8_ISO_hphs1.5_Tw1,44,ISO,4.0,0.8,1.5,1.0,0.7457627118644068,-0.027143532582493076,0.0002038667429737237,0.01008454456788704
PHASE1__Ma4_Kn0.8_ISO_hphs1.5_Tw1,45,ISO,4.0,0.8,1.5,1.0,0.7627118644067796,-0.02700804139899122,0.00020509348543444557,0.009828254612641045
PHASE1__Ma4_Kn0.8_ISO_hphs1.5_Tw1,46,ISO,4.0,0.8,1.5,1.0,0.7796610169491526,-0.026922120462855026,0.0002073511523105159,0.009515062633177987
PHASE1__Ma4_Kn0.8_ISO_hphs1.5_Tw1,47,ISO,4.0,0.8,1.5,1.0,0.7966101694915254,-0.026797110766299273,0.00020835072024147448,0.009263734291580259
PHASE1__Ma4_Kn0.8_ISO_hphs1.5_Tw1,48,ISO,4.0,0.8,1.5,1.0,0.8135593220338984,-0.02667668517159938,0.00020746217986238616,0.009247859657726214
PHASE1__Ma4_Kn0.8_ISO_hphs1.5_Tw1,49,ISO,4.0,0.8,1.5,1.0,0.8305084745762712,-0.026618640530532606,0.00020754697035588936,0.008854399584415648
PHASE1__Ma4_Kn0.8_ISO_hphs1.5_Tw1,50,ISO,4.0,0.8,1.5,1.0,0.847457627118644,-0.026523551390684696,0.00020732331543151674,0.008294391833576468
PHASE1__Ma4_Kn0.8_ISO_hphs1.5_Tw1,51,ISO,4.0,0.8,1.5,1.0,0.864406779661017,-0.02643595787684434,0.00021058023027441922,0.007645796036365344
PHASE1__Ma4_Kn0.8_ISO_hphs1.5_Tw1,52,ISO,4.0,0.8,1.5,1.0,0.8813559322033898,-0.02637840881435658,0.00020631094893550108,0.00741792230817363
PHASE1__Ma4_Kn0.8_ISO_hphs1.5_Tw1,53,ISO,4.0,0.8,1.5,1.0,0.8983050847457628,-0.026303762290892912,0.00020405456191593645,0.006874633519323048
PHASE1__Ma4_Kn0.8_ISO_hphs1.5_Tw1,54,ISO,4.0,0.8,1.5,1.0,0.9152542372881356,-0.02627700104762627,0.00020403472414009797,0.005885356062949803
PHASE1__Ma4_Kn0.8_ISO_hphs1.5_Tw1,55,ISO,4.0,0.8,1.5,1.0,0.9322033898305084,-0.02626021332326224,0.00020105681801544002,0.005184418245907635
PHASE1__Ma4_Kn0.8_ISO_hphs1.5_Tw1,56,ISO,4.0,0.8,1.5,1.0,0.9491525423728814,-0.026228186557593597,0.00019988542934859,0.004254012912733105
PHASE1__Ma4_Kn0.8_ISO_hphs1.5_Tw1,57,ISO,4.0,0.8,1.5,1.0,0.9661016949152542,-0.02627099215735575,0.0001986983624395451,0.003393250420467078
PHASE1__Ma4_Kn0.8_ISO_hphs1.5_Tw1,58,ISO,4.0,0.8,1.5,1.0,0.9830508474576272,-0.026345328944207536,0.00019561710790205113,0.002256938437094818
PHASE1__Ma4_Kn0.8_ISO_hphs1.5_Tw1,59,ISO,4.0,0.8,1.5,1.0,1.0,-0.026454727915524417,0.00019388610197807997,0.0007291791701420166
PHASE1__Ma6_Kn0.1_BWD_hphs1.5_Tw1,0,BWD,6.0,0.1,1.5,1.0,0.0,1.0694337326314347,0.062967980188494,0.4290695663968723
PHASE1__Ma6_Kn0.1_BWD_hphs1.5_Tw1,1,BWD,6.0,0.1,1.5,1.0,0.01694915254237288,1.0836320589201258,0.0773983622903608,0.37471709655418717
PHASE1__Ma6_Kn0.1_BWD_hphs1.5_Tw1,2,BWD,6.0,0.1,1.5,1.0,0.03389830508474576,1.0987472055799892,0.08713711040642555,0.35479082746035023
PHASE1__Ma6_Kn0.1_BWD_hphs1.5_Tw1,3,BWD,6.0,0.1,1.5,1.0,0.05084745762711865,1.1190101747293388,0.09618153636814326,0.30780923870475363
PHASE1__Ma6_Kn0.1_BWD_hphs1.5_Tw1,4,BWD,6.0,0.1,1.5,1.0,0.06779661016949153,1.1423209521396116,0.10470026127014107,0.24852682038363585
PHASE1__Ma6_Kn0.1_BWD_hphs1.5_Tw1,5,BWD,6.0,0.1,1.5,1.0,0.0847457627118644,1.164603403998435,0.11196472679654426,0.18424798554665395
PHASE1__Ma6_Kn0.1_BWD_hphs1.5_Tw1,6,BWD,6.0,0.1,1.5,1.0,0.1016949152542373,1.190150479746499,0.1199180750871452,0.1181863930929445
PHASE1__Ma6_Kn0.1_BWD_hphs1.5_Tw1,7,BWD,6.0,0.1,1.5,1.0,0.11864406779661017,1.2162674708604266,0.12671635288134395,0.023286440518035384
PHASE1__Ma6_Kn0.1_BWD_hphs1.5_Tw1,8,BWD,6.0,0.1,1.5,1.0,0.13559322033898305,1.2369888501953623,0.133489353509555,0.08272951349983873
PHASE1__Ma6_Kn0.1_BWD_hphs1.5_Tw1,9,BWD,6.0,0.1,1.5,1.0,0.15254237288135594,1.2661846232314016,0.14033050649669496,0.16954157871153613
PHASE1__Ma6_Kn0.1_BWD_hphs1.5_Tw1,10,BWD,6.0,0.1,1.5,1.0,0.1694915254237288,1.2882564541941448,0.14649237564343,0.3004157302006671
PHASE1__Ma6_Kn0.1_BWD_hphs1.5_Tw1,11,BWD,6.0,0.1,1.5,1.0,0.1864406779661017,1.3138840614612983,0.15364773340272153,0.42507865572385545
PHASE1__Ma6_Kn0.1_BWD_hphs1.5_Tw1,12,BWD,6.0,0.1,1.5,1.0,0.2033898305084746,1.3387621061276964,0.15966145915892077,0.5274832739888536
PHASE1__Ma6_Kn0.1_BWD_hphs1.5_Tw1,13,BWD,6.0,0.1,1.5,1.0,0.22033898305084745,1.3629215618545272,0.1664501380293267,0.6721290371483738
PHASE1__Ma6_Kn0.1_BWD_hphs1.5_Tw1,14,BWD,6.0,0.1,1.5,1.0,0.23728813559322035,1.384819940314616,0.17230132200930098,0.8042264833689574
PHASE1__Ma6_Kn0.1_BWD_hphs1.5_Tw1,15,BWD,6.0,0.1,1.5,1.0,0.2542372881355932,1.4066068135944272,0.17879083442149746,1.001099153386916
PHASE1__Ma6_Kn0.1_BWD_hphs1.5_Tw1,16,BWD,6.0,0.1,1.5,1.0,0.2711864406779661,1.429793696359947,0.18558559261030552,1.1534113682680607
PHASE1__Ma6_Kn0.1_BWD_hphs1.5_Tw1,17,BWD,6.0,0.1,1.5,1.0,0.288135593220339,1.4522619901858997,0.1918146542235903,1.340257264128794
PHASE1__Ma6_Kn0.1_BWD_hphs1.5_Tw1,18,BWD,6.0,0.1,1.5,1.0,0.3050847457627119,1.4691798039269188,0.19791669007868345,1.5346762736160353
PHASE1__Ma6_Kn0.1_BWD_hphs1.5_Tw1,19,BWD,6.0,0.1,1.5,1.0,0.3220338983050847,1.4875100166181217,0.20410607614029122,1.7705812379554913
PHASE1__Ma6_Kn0.1_BWD_hphs1.5_Tw1,20,BWD,6.0,0.1,1.5,1.0,0.3389830508474576,1.5043349093755762,0.2105738309918907,2.0058639483275034
PHASE1__Ma6_Kn0.1_BWD_hphs1.5_Tw1,21,BWD,6.0,0.1,1.5,1.0,0.3559322033898305,1.518545625128743,0.21743930125263913,2.2834882127569656
PHASE1__Ma6_Kn0.1_BWD_hphs1.5_Tw1,22,BWD,6.0,0.1,1.5,1.0,0.3728813559322034,1.5259483301527332,0.2226451175896097,2.505689447677026
PHASE1__Ma6_Kn0.1_BWD_hphs1.5_Tw1,23,BWD,6.0,0.1,1.5,1.0,0.3898305084745763,1.5339085610781122,0.23024426559225575,2.854703212735082
PHASE1__Ma6_Kn0.1_BWD_hphs1.5_Tw1,24,BWD,6.0,0.1,1.5,1.0,0.4067796610169492,1.5339023663458744,0.23605673391293233,3.157231777997935
PHASE1__Ma6_Kn0.1_BWD_hphs1.5_Tw1,25,BWD,6.0,0.1,1.5,1.0,0.423728813559322,1.5267598400758653,0.24273950465749083,3.5908013719502776
PHASE1__Ma6_Kn0.1_BWD_hphs1.5_Tw1,26,BWD,6.0,0.1,1.5,1.0,0.4406779661016949,1.5127473557543036,0.25014635422015413,4.0668256570450625
PHASE1__Ma6_Kn0.1_BWD_hphs1.5_Tw1,27,BWD,6.0,0.1,1.5,1.0,0.4576271186440678,1.4846542450565658,0.25867563793832404,4.67413138713494
PHASE1__Ma6_Kn0.1_BWD_hphs1.5_Tw1,28,BWD,6.0,0.1,1.5,1.0,0.4745762711864407,1.4351521397455134,0.2690146387555662,5.501248331224469
PHASE1__Ma6_Kn0.1_BWD_hphs1.5_Tw1,29,BWD,6.0,0.1,1.5,1.0,0.4915254237288136,1.3483019937736755,0.2874192952717853,6.780560061882794
PHASE1__Ma6_Kn0.1_BWD_hphs1.5_Tw1,30,BWD,6.0,0.1,1.5,1.0,0.5084745762711864,-0.006770842335750255,0.0014548704835819575,0.08296317660673319
PHASE1__Ma6_Kn0.1_BWD_hphs1.5_Tw1,31,BWD,6.0,0.1,1.5,1.0,0.5254237288135594,-0.003827848944288011,0.0016033786332218787,0.09293734819742815
PHASE1__Ma6_Kn0.1_BWD_hphs1.5_Tw1,32,BWD,6.0,0.1,1.5,1.0,0.5423728813559322,-0.0009367054616548878,0.0017111649484914102,0.0958118269677601
PHASE1__Ma6_Kn0.1_BWD_hphs1.5_Tw1,33,BWD,6.0,0.1,1.5,1.0,0.559322033898305,0.0016030728084587887,0.0017718589436333863,0.0970858137686964
PHASE1__Ma6_Kn0.1_BWD_hphs1.5_Tw1,34,BWD,6.0,0.1,1.5,1.0,0.576271186440678,0.003803255857304546,0.001817271452097199,0.09732143507717095
PHASE1__Ma6_Kn0.1_BWD_hphs1.5_Tw1,35,BWD,6.0,0.1,1.5,1.0,0.5932203389830508,0.00631559146360544,0.00189348050772963,0.09581995402133107
PHASE1__Ma6_Kn0.1_BWD_hphs1.5_Tw1,36,BWD,6.0,0.1,1.5,1.0,0.6101694915254238,0.008447136879258054,0.001942543806875977,0.09343781025992635
PHASE1__Ma6_Kn0.1_BWD_hphs1.5_Tw1,37,BWD,6.0,0.1,1.5,1.0,0.6271186440677966,0.010455097386769568,0.0019622120017274572,0.09158063621290256
PHASE1__Ma6_Kn0.1_BWD_hphs1.5_Tw1,38,BWD,6.0,0.1,1.5,1.0,0.6440677966101694,0.012472721676571824,0.002016330734071354,0.08717270575960115
PHASE1__Ma6_Kn0.1_BWD_hphs1.5_Tw1,39,BWD,6.0,0.1,1.5,1.0,0.6610169491525424,0.014355858329494714,0.00203592853681502,0.0831306824543742
PHASE1__Ma6_Kn0.1_BWD_hphs1.5_Tw1,40,BWD,6.0,0.1,1.5,1.0,0.6779661016949152,0.016207216006038465,0.0020488646864464718,0.07824667109935092
PHASE1__Ma6_Kn0.1_BWD_hphs1.5_Tw1,41,BWD,6.0,0.1,1.5,1.0,0.6949152542372882,0.017896829223857207,0.002084883048158382,0.07279708638482724
PHASE1__Ma6_Kn0.1_BWD_hphs1.5_Tw1,42,BWD,6.0,0.1,1.5,1.0,0.711864406779661,0.01928519261295908,0.002086146906457769,0.0662731178352128
PHASE1__Ma6_Kn0.1_BWD_hphs1.5_Tw1,43,BWD,6.0,0.1,1.5,1.0,0.7288135593220338,0.02075452115240702,0.002059276319120413,0.05899336492487948
PHASE1__Ma6_Kn0.1_BWD_hphs1.5_Tw1,44,BWD,6.0,0.1,1.5,1.0,0.7457627118644068,0.02201781289763077,0.0020674290050617782,0.05217419775569146
PHASE1__Ma6_Kn0.1_BWD_hphs1.5_Tw1,45,BWD,6.0,0.1,1.5,1.0,0.7627118644067796,0.02325099824417953,0.00205524477112743,0.04542317767010581
PHASE1__Ma6_Kn0.1_BWD_hphs1.5_Tw1,46,BWD,6.0,0.1,1.5,1.0,0.7796610169491526,0.024286138001090665,0.002023433937678038,0.037507237740068256
PHASE1__Ma6_Kn0.1_BWD_hphs1.5_Tw1,47,BWD,6.0,0.1,1.5,1.0,0.7966101694915254,0.025207480526796187,0.0019969761040637725,0.03124857163704607
PHASE1__Ma6_Kn0.1_BWD_hphs1.5_Tw1,48,BWD,6.0,0.1,1.5,1.0,0.8135593220338984,0.02585916635819685,0.0019599626539186735,0.022245994046032197
PHASE1__Ma6_Kn0.1_BWD_hphs1.5_Tw1,49,BWD,6.0,0.1,1.5,1.0,0.8305084745762712,0.026398231957517063,0.00189376527580215,0.01385267035585919
PHASE1__Ma6_Kn0.1_BWD_hphs1.5_Tw1,50,BWD,6.0,0.1,1.5,1.0,0.847457627118644,0.026980598735178437,0.0018591323587576697,0.006915300410032813
PHASE1__Ma6_Kn0.1_BWD_hphs1.5_Tw1,51,BWD,6.0,0.1,1.5,1.0,0.864406779661017,0.027386539538711566,0.0017885866681630002,0.0005560504765756433
PHASE1__Ma6_Kn0.1_BWD_hphs1.5_Tw1,52,BWD,6.0,0.1,1.5,1.0,0.8813559322033898,0.027425566351808754,0.001708054897182538,0.0062261136167757174
PHASE1__Ma6_Kn0.1_BWD_hphs1.5_Tw1,53,BWD,6.0,0.1,1.5,1.0,0.8983050847457628,0.027319140851965948,0.0016388594552013914,0.012755148135180555
PHASE1__Ma6_Kn0.1_BWD_hphs1.5_Tw1,54,BWD,6.0,0.1,1.5,1.0,0.9152542372881356,0.02736355708210989,0.0015620392680874844,0.018631191290414042
PHASE1__Ma6_Kn0.1_BWD_hphs1.5_Tw1,55,BWD,6.0,0.1,1.5,1.0,0.9322033898305084,0.027252423585766468,0.0014774983466028892,0.022573919077111978
PHASE1__Ma6_Kn0.1_BWD_hphs1.5_Tw1,56,BWD,6.0,0.1,1.5,1.0,0.9491525423728814,0.026816004699624106,0.0013808115868791174,0.02538054169339969
PHASE1__Ma6_Kn0.1_BWD_hphs1.5_Tw1,57,BWD,6.0,0.1,1.5,1.0,0.9661016949152542,0.02656542778061121,0.0012648693860269566,0.029190460142923407
PHASE1__Ma6_Kn0.1_BWD_hphs1.5_Tw1,58,BWD,6.0,0.1,1.5,1.0,0.9830508474576272,0.026250921224905768,0.0011291406035965376,0.029140502480458363
PHASE1__Ma6_Kn0.1_BWD_hphs1.5_Tw1,59,BWD,6.0,0.1,1.5,1.0,1.0,0.025929352674449416,0.0009802101013097323,0.028102418430670698
PHASE1__Ma6_Kn0.1_FWD_hphs1.5_Tw1,0,FWD,6.0,0.1,1.5,1.0,0.0,1.612699360408769,0.0017028042858678676,0.05136361112305092
PHASE1__Ma6_Kn0.1_FWD_hphs1.5_Tw1,1,FWD,6.0,0.1,1.5,1.0,0.01694915254237288,1.6149480482110352,0.0040116462243189694,0.05633863282916972
PHASE1__Ma6_Kn0.1_FWD_hphs1.5_Tw1,2,FWD,6.0,0.1,1.5,1.0,0.03389830508474576,1.606727638531675,0.007398274524075043,0.0647366619884745
PHASE1__Ma6_Kn0.1_FWD_hphs1.5_Tw1,3,FWD,6.0,0.1,1.5,1.0,0.05084745762711865,1.6080471164982941,0.010496743131570778,0.08007993832727395
PHASE1__Ma6_Kn0.1_FWD_hphs1.5_Tw1,4,FWD,6.0,0.1,1.5,1.0,0.06779661016949153,1.6080161428371063,0.0146732028774124,0.09623541406036554
PHASE1__Ma6_Kn0.1_FWD_hphs1.5_Tw1,5,FWD,6.0,0.1,1.5,1.0,0.0847457627118644,1.6018895526540713,0.01855158404307444,0.11463572745876392
PHASE1__Ma6_Kn0.1_FWD_hphs1.5_Tw1,6,FWD,6.0,0.1,1.5,1.0,0.1016949152542373,1.599622280655092,0.023406943672369295,0.15224048984186173
PHASE1__Ma6_Kn0.1_FWD_hphs1.5_Tw1,7,FWD,6.0,0.1,1.5,1.0,0.11864406779661017,1.6018152158672194,0.02877936532997051,0.22835233891565462
PHASE1__Ma6_Kn0.1_FWD_hphs1.5_Tw1,8,FWD,6.0,0.1,1.5,1.0,0.13559322033898305,1.596054114886206,0.033862443428043607,0.290632259012674
PHASE1__Ma6_Kn0.1_FWD_hphs1.5_Tw1,9,FWD,6.0,0.1,1.5,1.0,0.15254237288135594,1.5939974637833065,0.04044442547277757,0.36119408943392195
PHASE1__Ma6_Kn0.1_FWD_hphs1.5_Tw1,10,FWD,6.0,0.1,1.5,1.0,0.1694915254237288,1.5969337668639523,0.047046885221602885,0.4672319001620074
PHASE1__Ma6_Kn0.1_FWD_hphs1.5_Tw1,11,FWD,6.0,0.1,1.5,1.0,0.1864406779661017,1.598488644655602,0.054586199932607035,0.5501907760713551
PHASE1__Ma6_Kn0.1_FWD_hphs1.5_Tw1,12,FWD,6.0,0.1,1.5,1.0,0.2033898305084746,1.6017842422060313,0.061332003610071725,0.684011093410772
PHASE1__Ma6_Kn0.1_FWD_hphs1.5_Tw1,13,FWD,6.0,0.1,1.5,1.0,0.22033898305084745,1.6041630193852883,0.07032331552680252,0.7562998120388501
PHASE1__Ma6_Kn0.1_FWD_hphs1.5_Tw1,14,FWD,6.0,0.1,1.5,1.0,0.23728813559322035,1.6131082127364536,0.07941285643034646,0.8866204366920493
PHASE1__Ma6_Kn0.1_FWD_hphs1.5_Tw1,15,FWD,6.0,0.1,1.5,1.0,0.2542372881355932,1.62044277570583,0.08897658416925552,1.01240192799204
PHASE1__Ma6_Kn0.1_FWD_hphs1.5_Tw1,16,FWD,6.0,0.1,1.5,1.0,0.2711864406779661,1.636809258277698,0.10007038036073947,1.137724572803541
PHASE1__Ma6_Kn0.1_FWD_hphs1.5_Tw1,17,FWD,6.0,0.1,1.5,1.0,0.288135593220339,1.6521907784237804,0.11050217077464551,1.2440820898031608
PHASE1__Ma6_Kn0.1_FWD_hphs1.5_Tw1,18,FWD,6.0,0.1,1.5,1.0,0.3050847457627119,1.6751112877030816,0.12452139897405336,1.366114384709055
PHASE1__Ma6_Kn0.1_FWD_hphs1.5_Tw1,19,FWD,6.0,0.1,1.5,1.0,0.3220338983050847,1.7030990879527792,0.13773079796947393,1.49960519271707
PHASE1__Ma6_Kn0.1_FWD_hphs1.5_Tw1,20,FWD,6.0,0.1,1.5,1.0,0.3389830508474576,1.7333541602014564,0.1543132587856901,1.6159874461272896
PHASE1__Ma6_Kn0.1_FWD_hphs1.5_Tw1,21,FWD,6.0,0.1,1.5,1.0,0.3559322033898305,1.770714590326717,0.16997358298954307,1.6586775620840235
PHASE1__Ma6_Kn0.1_FWD_hphs1.5_Tw1,22,FWD,6.0,0.1,1.5,1.0,0.3728813559322034,1.8152051572575116,0.1909974658446952,1.6979530506233085
PHASE1__Ma6_Kn0.1_FWD_hphs1.5_Tw1,23,FWD,6.0,0.1,1.5,1.0,0.3898305084745763,1.8658904564259549,0.21228403924764408,1.73797673405745
PHASE1__Ma6_Kn0.1_FWD_hphs1.5_Tw1,24,FWD,6.0,0.1,1.5,1.0,0.4067796610169492,1.9260475011857634,0.2403807291174695,1.7050577398422613
PHASE1__Ma6_Kn0.1_FWD_hphs1.5_Tw1,25,FWD,6.0,0.1,1.5,1.0,0.423728813559322,1.9951745182256873,0.27063205741465574,1.6104850829985977
PHASE1__Ma6_Kn0.1_FWD_hphs1.5_Tw1,26,FWD,6.0,0.1,1.5,1.0,0.4406779661016949,2.0728130973601413,0.30994892930590384,1.3949338021655364
PHASE1__Ma6_Kn0.1_FWD_hphs1.5_Tw1,27,FWD,6.0,0.1,1.5,1.0,0.4576271186440678,2.1621225520303256,0.3573359363938988,1.1372176596958032
PHASE1__Ma6_Kn0.1_FWD_hphs1.5_Tw1,28,FWD,6.0,0.1,1.5,1.0,0.4745762711864407,2.2779826290710727,0.4273280890498492,0.5662640009624487
PHASE1__Ma6_Kn0.1_FWD_hphs1.5_Tw1,29,FWD,6.0,0.1,1.5,1.0,0.4915254237288136,2.45257496245697,0.5530867893007966,0.17322321404595287
PHASE1__Ma6_Kn0.1_FWD_hphs1.5_Tw1,30,FWD,6.0,0.1,1.5,1.0,0.5084745762711864,0.03529008866411593,0.015923558690664617,0.7277161154310106
PHASE1__Ma6_Kn0.1_FWD_hphs1.5_Tw1,31,FWD,6.0,0.1,1.5,1.0,0.5254237288135594,0.023891657452197186,0.01508890027046662,0.6969456567408968
PHASE1__Ma6_Kn0.1_FWD_hphs1.5_Tw1,32,FWD,6.0,0.1,1.5,1.0,0.5423728813559322,0.021689677931002505,0.014640886500643251,0.6712635384482014
PHASE1__Ma6_Kn0.1_FWD_hphs1.5_Tw1,33,FWD,6.0,0.1,1.5,1.0,0.559322033898305,0.020175561477476355,0.014155372935202614,0.6438928491620326
PHASE1__Ma6_Kn0.1_FWD_hphs1.5_Tw1,34,FWD,6.0,0.1,1.5,1.0,0.576271186440678,0.019600318641888277,0.013931750007242644,0.6251474483927771
PHASE1__Ma6_Kn0.1_FWD_hphs1.5_Tw1,35,FWD,6.0,0.1,1.5,1.0,0.5932203389830508,0.019335989417307804,0.01373055656454522,0.6052480493566254
PHASE1__Ma6_Kn0.1_FWD_hphs1.5_Tw1,36,FWD,6.0,0.1,1.5,1.0,0.6101694915254238,0.019517680913838042,0.013536434329041835,0.5920704073824329
PHASE1__Ma6_Kn0.1_FWD_hphs1.5_Tw1,37,FWD,6.0,0.1,1.5,1.0,0.6271186440677966,0.01982667415785197,0.013420127369085549,0.5757319980963366
PHASE1__Ma6_Kn0.1_FWD_hphs1.5_Tw1,38,FWD,6.0,0.1,1.5,1.0,0.6440677966101694,0.020429979130476596,0.01332743376165959,0.5588378028802274
PHASE1__Ma6_Kn0.1_FWD_hphs1.5_Tw1,39,FWD,6.0,0.1,1.5,1.0,0.6610169491525424,0.021229904904324203,0.013258929442191524,0.5448837576602922
PHASE1__Ma6_Kn0.1_FWD_hphs1.5_Tw1,40,FWD,6.0,0.1,1.5,1.0,0.6779661016949152,0.022387266728284148,0.013244339078026445,0.5310414353117843
PHASE1__Ma6_Kn0.1_FWD_hphs1.5_Tw1,41,FWD,6.0,0.1,1.5,1.0,0.6949152542372882,0.023630611435702657,0.01319855221153471,0.5172684094278327
PHASE1__Ma6_Kn0.1_FWD_hphs1.5_Tw1,42,FWD,6.0,0.1,1.5,1.0,0.711864406779661,0.025125524219292095,0.013231572509381999,0.504355225389804
PHASE1__Ma6_Kn0.1_FWD_hphs1.5_Tw1,43,FWD,6.0,0.1,1.5,1.0,0.7288135593220338,0.02700153693014169,0.01326180911932937,0.49060199849572567
PHASE1__Ma6_Kn0.1_FWD_hphs1.5_Tw1,44,FWD,6.0,0.1,1.5,1.0,0.7457627118644068,0.02904517909534206,0.01331521113203007,0.4772108102736148
PHASE1__Ma6_Kn0.1_FWD_hphs1.5_Tw1,45,FWD,6.0,0.1,1.5,1.0,0.7627118644067796,0.03143696521229831,0.013473049435596608,0.4654332397261717
PHASE1__Ma6_Kn0.1_FWD_hphs1.5_Tw1,46,FWD,6.0,0.1,1.5,1.0,0.7796610169491526,0.03401397382316026,0.013612041852116584,0.4521622596568625
PHASE1__Ma6_Kn0.1_FWD_hphs1.5_Tw1,47,FWD,6.0,0.1,1.5,1.0,0.7966101694915254,0.036818329107143916,0.013717885985138704,0.4407764262661968
PHASE1__Ma6_Kn0.1_FWD_hphs1.5_Tw1,48,FWD,6.0,0.1,1.5,1.0,0.8135593220338984,0.0396945432850843,0.01382347414685968,0.42600496560720985
PHASE1__Ma6_Kn0.1_FWD_hphs1.5_Tw1,49,FWD,6.0,0.1,1.5,1.0,0.8305084745762712,0.04305828289012766,0.014050328712496566,0.4135895847431364
PHASE1__Ma6_Kn0.1_FWD_hphs1.5_Tw1,50,FWD,6.0,0.1,1.5,1.0,0.847457627118644,0.04685689269825397,0.014218277882458203,0.4009281307192101
PHASE1__Ma6_Kn0.1_FWD_hphs1.5_Tw1,51,FWD,6.0,0.1,1.5,1.0,0.864406779661017,0.05055700626380167,0.014373716455076537,0.38724137186256324
PHASE1__Ma6_Kn0.1_FWD_hphs1.5_Tw1,52,FWD,6.0,0.1,1.5,1.0,0.8813559322033898,0.0545228738423445,0.014555136114760761,0.3736253236840351
PHASE1__Ma6_Kn0.1_FWD_hphs1.5_Tw1,53,FWD,6.0,0.1,1.5,1.0,0.8983050847457628,0.05900290419661219,0.014720333593235126,0.35949450176880315
PHASE1__Ma6_Kn0.1_FWD_hphs1.5_Tw1,54,FWD,6.0,0.1,1.5,1.0,0.9152542372881356,0.06354178450713754,0.014830561234789296,0.3448969893779881
PHASE1__Ma6_Kn0.1_FWD_hphs1.5_Tw1,55,FWD,6.0,0.1,1.5,1.0,0.9322033898305084,0.06864252703161766,0.015002125999379563,0.33173066111229454
PHASE1__Ma6_Kn0.1_FWD_hphs1.5_Tw1,56,FWD,6.0,0.1,1.5,1.0,0.9491525423728814,0.07392725310355594,0.015079557317974945,0.3156623666166114
PHASE1__Ma6_Kn0.1_FWD_hphs1.5_Tw1,57,FWD,6.0,0.1,1.5,1.0,0.9661016949152542,0.0795706541720541,0.015122336521678261,0.3033827502545258
PHASE1__Ma6_Kn0.1_FWD_hphs1.5_Tw1,58,FWD,6.0,0.1,1.5,1.0,0.9830508474576272,0.08551511922730198,0.015048360815648294,0.29145668728303353
PHASE1__Ma6_Kn0.1_FWD_hphs1.5_Tw1,59,FWD,6.0,0.1,1.5,1.0,1.0,0.09188887922661895,0.014726764872176312,0.2812573790711988
PHASE1__Ma6_Kn0.1_ISO_hphs1.5_Tw1,0,ISO,6.0,0.1,1.5,1.0,0.0,1.3640613925862546,0.023068005673244962,0.26778170388585176
PHASE1__Ma6_Kn0.1_ISO_hphs1.5_Tw1,1,ISO,6.0,0.1,1.5,1.0,0.01694915254237288,1.3534498162631619,0.03388452095276708,0.3520310736852643
PHASE1__Ma6_Kn0.1_ISO_hphs1.5_Tw1,2,ISO,6.0,0.1,1.5,1.0,0.03389830508474576,1.3537595528750446,0.0429113488875313,0.3562739016220526
PHASE1__Ma6_Kn0.1_ISO_hphs1.5_Tw1,3,ISO,6.0,0.1,1.5,1.0,0.05084745762711865,1.3566277139010756,0.05212599576450828,0.46592682817154885
PHASE1__Ma6_Kn0.1_ISO_hphs1.5_Tw1,4,ISO,6.0,0.1,1.5,1.0,0.06779661016949153,1.3600781797574462,0.059396860573440007,0.5326992696493961
PHASE1__Ma6_Kn0.1_ISO_hphs1.5_Tw1,5,ISO,6.0,0.1,1.5,1.0,0.0847457627118644,1.3685959365842135,0.06818147566449882,0.6083188153369908
PHASE1__Ma6_Kn0.1_ISO_hphs1.5_Tw1,6,ISO,6.0,0.1,1.5,1.0,0.1016949152542373,1.375589789280519,0.07510069989848707,0.6555306721199246
PHASE1__Ma6_Kn0.1_ISO_hphs1.5_Tw1,7,ISO,6.0,0.1,1.5,1.0,0.11864406779661017,1.3888836846625139,0.08406033536670157,0.7419588828499865
PHASE1__Ma6_Kn0.1_ISO_hphs1.5_Tw1,8,ISO,6.0,0.1,1.5,1.0,0.13559322033898305,1.4014032385148019,0.09153213764702958,0.7695497554349556
PHASE1__Ma6_Kn0.1_ISO_hphs1.5_Tw1,9,ISO,6.0,0.1,1.5,1.0,0.15254237288135594,1.4221927599043516,0.10055640586878237,0.7887849417585253
PHASE1__Ma6_Kn0.1_ISO_hphs1.5_Tw1,10,ISO,6.0,0.1,1.5,1.0,0.1694915254237288,1.4377849009465138,0.10770568430967177,0.8029791412639559
PHASE1__Ma6_Kn0.1_ISO_hphs1.5_Tw1,11,ISO,6.0,0.1,1.5,1.0,0.1864406779661017,1.4599062897671582,0.11752474342146974,0.8286748608471238
PHASE1__Ma6_Kn0.1_ISO_hphs1.5_Tw1,12,ISO,6.0,0.1,1.5,1.0,0.2033898305084746,1.4844684030894364,0.12560479750613587,0.8135835231695637
PHASE1__Ma6_Kn0.1_ISO_hphs1.5_Tw1,13,ISO,6.0,0.1,1.5,1.0,0.22033898305084745,1.5053322612658377,0.13529267132609868,0.7891517659671047
PHASE1__Ma6_Kn0.1_ISO_hphs1.5_Tw1,14,ISO,6.0,0.1,1.5,1.0,0.23728813559322035,1.5360085753066754,0.1444122888575268,0.7673804329600801
PHASE1__Ma6_Kn0.1_ISO_hphs1.5_Tw1,15,ISO,6.0,0.1,1.5,1.0,0.2542372881355932,1.5638600914471446,0.15461018549501454,0.6905244367073479
PHASE1__Ma6_Kn0.1_ISO_hphs1.5_Tw1,16,ISO,6.0,0.1,1.5,1.0,0.2711864406779661,1.5958930518480272,0.16542241325524254,0.646559290398027
PHASE1__Ma6_Kn0.1_ISO_hphs1.5_Tw1,17,ISO,6.0,0.1,1.5,1.0,0.288135593220339,1.6247605040754711,0.1755144017668829,0.499451082330392
PHASE1__Ma6_Kn0.1_ISO_hphs1.5_Tw1,18,ISO,6.0,0.1,1.5,1.0,0.3050847457627119,1.659376667819453,0.18802659893081863,0.3793563149467793
PHASE1__Ma6_Kn0.1_ISO_hphs1.5_Tw1,19,ISO,6.0,0.1,1.5,1.0,0.3220338983050847,1.691019360089364,0.1990711206468328,0.22833649590453123
PHASE1__Ma6_Kn0.1_ISO_hphs1.5_Tw1,20,ISO,6.0,0.1,1.5,1.0,0.3389830508474576,1.7261434918768332,0.21344198942118414,0.04232338661650317
PHASE1__Ma6_Kn0.1_ISO_hphs1.5_Tw1,21,ISO,6.0,0.1,1.5,1.0,0.3559322033898305,1.75711095833284,0.2241303910644848,0.18968498799314615
PHASE1__Ma6_Kn0.1_ISO_hphs1.5_Tw1,22,ISO,6.0,0.1,1.5,1.0,0.3728813559322034,1.7932943893329472,0.2410699318457937,0.43637534343727535
PHASE1__Ma6_Kn0.1_ISO_hphs1.5_Tw1,23,ISO,6.0,0.1,1.5,1.0,0.3898305084745763,1.821932636467598,0.25346566206770993,0.7756855227790448
PHASE1__Ma6_Kn0.1_ISO_hphs1.5_Tw1,24,ISO,6.0,0.1,1.5,1.0,0.4067796610169492,1.852745234617664,0.27226195467467584,1.1634756322454716
PHASE1__Ma6_Kn0.1_ISO_hphs1.5_Tw1,25,ISO,6.0,0.1,1.5,1.0,0.423728813559322,1.8884454765032346,0.2907126860251005,1.5929869357935738
PHASE1__Ma6_Kn0.1_ISO_hphs1.5_Tw1,26,ISO,6.0,0.1,1.5,1.0,0.4406779661016949,1.9113350121213473,0.31271565910711985,2.2619032130212826
PHASE1__Ma6_Kn0.1_ISO_hphs1.5_Tw1,27,ISO,6.0,0.1,1.5,1.0,0.4576271186440678,1.9314740866259439,0.3373605759810487,3.0271962264982095
PHASE1__Ma6_Kn0.1_ISO_hphs1.5_Tw1,28,ISO,6.0,0.1,1.5,1.0,0.4745762711864407,1.9361263305364182,0.37051525876143526,4.027445205213846
PHASE1__Ma6_Kn0.1_ISO_hphs1.5_Tw1,29,ISO,6.0,0.1,1.5,1.0,0.4915254237288136,1.941088311058775,0.4219718895734579,5.6442007685853985
PHASE1__Ma6_Kn0.1_ISO_hphs1.5_Tw1,30,ISO,6.0,0.1,1.5,1.0,0.5084745762711864,-0.006167413468480874,0.004056665176907276,0.15903723646243983
PHASE1__Ma6_Kn0.1_ISO_hphs1.5_Tw1,31,ISO,6.0,0.1,1.5,1.0,0.5254237288135594,-0.0069016750806094,0.0038115406596513973,0.12599257333370883
PHASE1__Ma6_Kn0.1_ISO_hphs1.5_Tw1,32,ISO,6.0,0.1,1.5,1.0,0.5423728813559322,-0.006158555001381036,0.003796790313423103,0.10732352957967792
PHASE1__Ma6_Kn0.1_ISO_hphs1.5_Tw1,33,ISO,6.0,0.1,1.5,1.0,0.559322033898305,-0.004965821256344116,0.0038038615206171444,0.09364051225794313
PHASE1__Ma6_Kn0.1_ISO_hphs1.5_Tw1,34,ISO,6.0,0.1,1.5,1.0,0.576271186440678,-0.0035365726344737604,0.003891243723544413,0.08464048030044488
PHASE1__Ma6_Kn0.1_ISO_hphs1.5_Tw1,35,ISO,6.0,0.1,1.5,1.0,0.5932203389830508,-0.0019039509532413894,0.0039523248752793665,0.07335652492566698
PHASE1__Ma6_Kn0.1_ISO_hphs1.5_Tw1,36,ISO,6.0,0.1,1.5,1.0,0.6101694915254238,-0.00010369981765823985,0.004062296545532395,0.06744916889702941
PHASE1__Ma6_Kn0.1_ISO_hphs1.5_Tw1,37,ISO,6.0,0.1,1.5,1.0,0.6271186440677966,0.0017963484542734354,0.004152622418422794,0.05901126341640213
PHASE1__Ma6_Kn0.1_ISO_hphs1.5_Tw1,38,ISO,6.0,0.1,1.5,1.0,0.6440677966101694,0.0038529376098504955,0.004258882504809268,0.05191953953570852
PHASE1__Ma6_Kn0.1_ISO_hphs1.5_Tw1,39,ISO,6.0,0.1,1.5,1.0,0.6610169491525424,0.006036147092365095,0.0043633827885003924,0.04677600005312553
PHASE1__Ma6_Kn0.1_ISO_hphs1.5_Tw1,40,ISO,6.0,0.1,1.5,1.0,0.6779661016949152,0.008200029010298239,0.004475914171764839,0.040167345707801005
PHASE1__Ma6_Kn0.1_ISO_hphs1.5_Tw1,41,ISO,6.0,0.1,1.5,1.0,0.6949152542372882,0.010370725133692792,0.0045695996679827235,0.03643576320046007
PHASE1__Ma6_Kn0.1_ISO_hphs1.5_Tw1,42,ISO,6.0,0.1,1.5,1.0,0.711864406779661,0.012768520140919557,0.004695697530207684,0.03242874630894633
PHASE1__Ma6_Kn0.1_ISO_hphs1.5_Tw1,43,ISO,6.0,0.1,1.5,1.0,0.7288135593220338,0.01523668730636601,0.004794630438098974,0.027597513368055465
PHASE1__Ma6_Kn0.1_ISO_hphs1.5_Tw1,44,ISO,6.0,0.1,1.5,1.0,0.7457627118644068,0.017717243936287767,0.004926839615138694,0.022234600359628685
PHASE1__Ma6_Kn0.1_ISO_hphs1.5_Tw1,45,ISO,6.0,0.1,1.5,1.0,0.7627118644067796,0.020481519302693835,0.005060328648684122,0.020161626160496084
PHASE1__Ma6_Kn0.1_ISO_hphs1.5_Tw1,46,ISO,6.0,0.1,1.5,1.0,0.7796610169491526,0.02310845745539123,0.005151518424715874,0.016158081449838033
PHASE1__Ma6_Kn0.1_ISO_hphs1.5_Tw1,47,ISO,6.0,0.1,1.5,1.0,0.7966101694915254,0.025747041704695408,0.005269425205304298,0.014856272930031946
PHASE1__Ma6_Kn0.1_ISO_hphs1.5_Tw1,48,ISO,6.0,0.1,1.5,1.0,0.8135593220338984,0.02846448489538485,0.0053456086638066155,0.014382987481743839
PHASE1__Ma6_Kn0.1_ISO_hphs1.5_Tw1,49,ISO,6.0,0.1,1.5,1.0,0.8305084745762712,0.03119599012825377,0.005409313521378272,0.011550013605727917
PHASE1__Ma6_Kn0.1_ISO_hphs1.5_Tw1,50,ISO,6.0,0.1,1.5,1.0,0.847457627118644,0.0339761859565106,0.005530227964755111,0.011667014716867378
PHASE1__Ma6_Kn0.1_ISO_hphs1.5_Tw1,51,ISO,6.0,0.1,1.5,1.0,0.864406779661017,0.0364869109324297,0.005544818328920191,0.013005287460371646
PHASE1__Ma6_Kn0.1_ISO_hphs1.5_Tw1,52,ISO,6.0,0.1,1.5,1.0,0.8813559322033898,0.03909117636513731,0.005589165356843002,0.014306675397254248
PHASE1__Ma6_Kn0.1_ISO_hphs1.5_Tw1,53,ISO,6.0,0.1,1.5,1.0,0.8983050847457628,0.04187756692563177,0.005609547071696415,0.016701256396693634
PHASE1__Ma6_Kn0.1_ISO_hphs1.5_Tw1,54,ISO,6.0,0.1,1.5,1.0,0.9152542372881356,0.044501655501499864,0.005606219444781572,0.01944094940630215
PHASE1__Ma6_Kn0.1_ISO_hphs1.5_Tw1,55,ISO,6.0,0.1,1.5,1.0,0.9322033898305084,0.04688414952009963,0.005577294687752553,0.028447637958271682
PHASE1__Ma6_Kn0.1_ISO_hphs1.5_Tw1,56,ISO,6.0,0.1,1.5,1.0,0.9491525423728814,0.04924310355619633,0.005559344700259986,0.03435330849292394
PHASE1__Ma6_Kn0.1_ISO_hphs1.5_Tw1,57,ISO,6.0,0.1,1.5,1.0,0.9661016949152542,0.05109223112913453,0.005427615469409908,0.041658897211760186
PHASE1__Ma6_Kn0.1_ISO_hphs1.5_Tw1,58,ISO,6.0,0.1,1.5,1.0,0.9830508474576272,0.052772242511984924,0.005286063339878513,0.05401707830769821
PHASE1__Ma6_Kn0.1_ISO_hphs1.5_Tw1,59,ISO,6.0,0.1,1.5,1.0,1.0,0.05396534794095609,0.004958420074417058,0.06699117622351469
PHASE1__Ma6_Kn0.33_BWD_hphs1.5_Tw1,0,BWD,6.0,0.33,1.5,1.0,0.0,0.40521286054788686,0.06656021743589219,0.0366794672177773
PHASE1__Ma6_Kn0.33_BWD_hphs1.5_Tw1,1,BWD,6.0,0.33,1.5,1.0,0.01694915254237288,0.41769338758707814,0.07439005957369225,0.1680085712099237
PHASE1__Ma6_Kn0.33_BWD_hphs1.5_Tw1,2,BWD,6.0,0.33,1.5,1.0,0.03389830508474576,0.43138622372517726,0.0803849074464323,0.26523716783663637
PHASE1__Ma6_Kn0.33_BWD_hphs1.5_Tw1,3,BWD,6.0,0.33,1.5,1.0,0.05084745762711865,0.44365551039506473,0.08587421199941737,0.36770825413906605
PHASE1__Ma6_Kn0.33_BWD_hphs1.5_Tw1,4,BWD,6.0,0.33,1.5,1.0,0.06779661016949153,0.4574555154008752,0.0909488430445528,0.4575306143396308
PHASE1__Ma6_Kn0.33_BWD_hphs1.5_Tw1,5,BWD,6.0,0.33,1.5,1.0,0.0847457627118644,0.46894612422849014,0.09537554673367314,0.5487940581602537
PHASE1__Ma6_Kn0.33_BWD_hphs1.5_Tw1,6,BWD,6.0,0.33,1.5,1.0,0.1016949152542373,0.48041443202004963,0.09949700464618191,0.6306430822961591
PHASE1__Ma6_Kn0.33_BWD_hphs1.5_Tw1,7,BWD,6.0,0.33,1.5,1.0,0.11864406779661017,0.49267380711835673,0.1036008645317372,0.7150914309597061
PHASE1__Ma6_Kn0.33_BWD_hphs1.5_Tw1,8,BWD,6.0,0.33,1.5,1.0,0.13559322033898305,0.5040727339088545,0.10737516136707247,0.8092879537086908
PHASE1__Ma6_Kn0.33_BWD_hphs1.5_Tw1,9,BWD,6.0,0.33,1.5,1.0,0.15254237288135594,0.5140134207306097,0.11091236478472519,0.8961800634080185
PHASE1__Ma6_Kn0.33_BWD_hphs1.5_Tw1,10,BWD,6.0,0.33,1.5,1.0,0.1694915254237288,0.5259512892257829,0.11459675170053442,0.9806411399936268
PHASE1__Ma6_Kn0.33_BWD_hphs1.5_Tw1,11,BWD,6.0,0.33,1.5,1.0,0.1864406779661017,0.534877898380235,0.11803348638248899,1.0768854439809277
PHASE1__Ma6_Kn0.33_BWD_hphs1.5_Tw1,12,BWD,6.0,0.33,1.5,1.0,0.2033898305084746,0.5448346915058081,0.12115089686626922,1.1648763976182193
PHASE1__Ma6_Kn0.33_BWD_hphs1.5_Tw1,13,BWD,6.0,0.33,1.5,1.0,0.22033898305084745,0.5540524530754297,0.1244641253954229,1.2672187904864733
PHASE1__Ma6_Kn0.33_BWD_hphs1.5_Tw1,14,BWD,6.0,0.33,1.5,1.0,0.23728813559322035,0.563239240983863,0.12762345117976506,1.3527787110100455
PHASE1__Ma6_Kn0.33_BWD_hphs1.5_Tw1,15,BWD,6.0,0.33,1.5,1.0,0.2542372881355932,0.5718777950892644,0.13071750428231613,1.45990680257337
PHASE1__Ma6_Kn0.33_BWD_hphs1.5_Tw1,16,BWD,6.0,0.33,1.5,1.0,0.2711864406779661,0.5792873143187163,0.1338192365239014,1.5505578919214853
PHASE1__Ma6_Kn0.33_BWD_hphs1.5_Tw1,17,BWD,6.0,0.33,1.5,1.0,0.288135593220339,0.5861950602369186,0.13627464123010377,1.646385002907886
PHASE1__Ma6_Kn0.33_BWD_hphs1.5_Tw1,18,BWD,6.0,0.33,1.5,1.0,0.3050847457627119,0.5935358179385325,0.1394461256512502,1.765136515740355
PHASE1__Ma6_Kn0.33_BWD_hphs1.5_Tw1,19,BWD,6.0,0.33,1.5,1.0,0.3220338983050847,0.5981570881878187,0.14198408110207075,1.8687559434554315
PHASE1__Ma6_Kn0.33_BWD_hphs1.5_Tw1,20,BWD,6.0,0.33,1.5,1.0,0.3389830508474576,0.6044881045346958,0.14520228028567553,2.0033042217796075
PHASE1__Ma6_Kn0.33_BWD_hphs1.5_Tw1,21,BWD,6.0,0.33,1.5,1.0,0.3559322033898305,0.6082359175384734,0.14789829801495114,2.1149988089358347
PHASE1__Ma6_Kn0.33_BWD_hphs1.5_Tw1,22,BWD,6.0,0.33,1.5,1.0,0.3728813559322034,0.6098031847945986,0.1502893899317416,2.2562787438169067
PHASE1__Ma6_Kn0.33_BWD_hphs1.5_Tw1,23,BWD,6.0,0.33,1.5,1.0,0.3898305084745763,0.6094996429149537,0.1524510675698838,2.3905017530217374
PHASE1__Ma6_Kn0.33_BWD_hphs1.5_Tw1,24,BWD,6.0,0.33,1.5,1.0,0.4067796610169492,0.6104722158762647,0.15552496293246992,2.544537894235415
PHASE1__Ma6_Kn0.33_BWD_hphs1.5_Tw1,25,BWD,6.0,0.33,1.5,1.0,0.423728813559322,0.6095368113083797,0.15890090443040333,2.7366163802769288
PHASE1__Ma6_Kn0.33_BWD_hphs1.5_Tw1,26,BWD,6.0,0.33,1.5,1.0,0.4406779661016949,0.6008084335855323,0.16065462780735082,2.9143405986603557
PHASE1__Ma6_Kn0.33_BWD_hphs1.5_Tw1,27,BWD,6.0,0.33,1.5,1.0,0.4576271186440678,0.592978292037144,0.163783237035556,3.1456352267864753
PHASE1__Ma6_Kn0.33_BWD_hphs1.5_Tw1,28,BWD,6.0,0.33,1.5,1.0,0.4745762711864407,0.5796168740737593,0.16792197301089185,3.411563945055112
PHASE1__Ma6_Kn0.33_BWD_hphs1.5_Tw1,29,BWD,6.0,0.33,1.5,1.0,0.4915254237288136,0.5602471853130786,0.1741071995388561,3.8102873168305824
PHASE1__Ma6_Kn0.33_BWD_hphs1.5_Tw1,30,BWD,6.0,0.33,1.5,1.0,0.5084745762711864,-0.021305480637623515,0.0005474426221106207,0.03430426156645847
PHASE1__Ma6_Kn0.33_BWD_hphs1.5_Tw1,31,BWD,6.0,0.33,1.5,1.0,0.5254237288135594,-0.020506731862901063,0.0005640487602721925,0.03581965664394342
PHASE1__Ma6_Kn0.33_BWD_hphs1.5_Tw1,32,BWD,6.0,0.33,1.5,1.0,0.5423728813559322,-0.01982233784528561,0.0005742140205687847,0.035500582828032555
PHASE1__Ma6_Kn0.33_BWD_hphs1.5_Tw1,33,BWD,6.0,0.33,1.5,1.0,0.559322033898305,-0.01924436932751297,0.0005808660747572062,0.034624948143932285
PHASE1__Ma6_Kn0.33_BWD_hphs1.5_Tw1,34,BWD,6.0,0.33,1.5,1.0,0.576271186440678,-0.018706232938028408,0.0005867822114548452,0.03346281110382091
PHASE1__Ma6_Kn0.33_BWD_hphs1.5_Tw1,35,BWD,6.0,0.33,1.5,1.0,0.5932203389830508,-0.018267707842925245,0.0005907305687749567,0.03223015527188785
PHASE1__Ma6_Kn0.33_BWD_hphs1.5_Tw1,36,BWD,6.0,0.33,1.5,1.0,0.6101694915254238,-0.017870501611847195,0.0005870477816797798,0.03094362371544257
PHASE1__Ma6_Kn0.33_BWD_hphs1.5_Tw1,37,BWD,6.0,0.33,1.5,1.0,0.6271186440677966,-0.017544287012212605,0.0005794070383406981,0.028693777002236916
PHASE1__Ma6_Kn0.33_BWD_hphs1.5_Tw1,38,BWD,6.0,0.33,1.5,1.0,0.6440677966101694,-0.017104337128694778,0.000587038182755987,0.02711294175080417
PHASE1__Ma6_Kn0.33_BWD_hphs1.5_Tw1,39,BWD,6.0,0.33,1.5,1.0,0.6610169491525424,-0.016872963879618588,0.0005736828801189155,0.02546750432905431
PHASE1__Ma6_Kn0.33_BWD_hphs1.5_Tw1,40,BWD,6.0,0.33,1.5,1.0,0.6779661016949152,-0.016591784983351707,0.0005781591782476321,0.022993243419413452
PHASE1__Ma6_Kn0.33_BWD_hphs1.5_Tw1,41,BWD,6.0,0.33,1.5,1.0,0.6949152542372882,-0.01631134945495334,0.0005727037898920483,0.02066716684091944
PHASE1__Ma6_Kn0.33_BWD_hphs1.5_Tw1,42,BWD,6.0,0.33,1.5,1.0,0.711864406779661,-0.016174755609113182,0.000564679089601254,0.01879130689518161
PHASE1__Ma6_Kn0.33_BWD_hphs1.5_Tw1,43,BWD,6.0,0.33,1.5,1.0,0.7288135593220338,-0.016024719194317326,0.0005578862511972046,0.016713693634729576
PHASE1__Ma6_Kn0.33_BWD_hphs1.5_Tw1,44,BWD,6.0,0.33,1.5,1.0,0.7457627118644068,-0.01586285084094756,0.0005498679501889389,0.014328811340875418
PHASE1__Ma6_Kn0.33_BWD_hphs1.5_Tw1,45,BWD,6.0,0.33,1.5,1.0,0.7627118644067796,-0.01579278841933975,0.0005419136420059586,0.011785910032339463
PHASE1__Ma6_Kn0.33_BWD_hphs1.5_Tw1,46,BWD,6.0,0.33,1.5,1.0,0.7796610169491526,-0.01570600022069029,0.0005300301743504524,0.009745953174261612
PHASE1__Ma6_Kn0.33_BWD_hphs1.5_Tw1,47,BWD,6.0,0.33,1.5,1.0,0.7966101694915254,-0.01569274349370172,0.0005249171476101457,0.007509871855697672
PHASE1__Ma6_Kn0.33_BWD_hphs1.5_Tw1,48,BWD,6.0,0.33,1.5,1.0,0.8135593220338984,-0.015725513627238886,0.0005150238568210166,0.005659601060790416
PHASE1__Ma6_Kn0.33_BWD_hphs1.5_Tw1,49,BWD,6.0,0.33,1.5,1.0,0.8305084745762712,-0.015762682020664776,0.0005005198829700716,0.003481743598514974
PHASE1__Ma6_Kn0.33_BWD_hphs1.5_Tw1,50,BWD,6.0,0.33,1.5,1.0,0.847457627118644,-0.015812054036598838,0.0004875869329798841,0.0016262009705140998
PHASE1__Ma6_Kn0.33_BWD_hphs1.5_Tw1,51,BWD,6.0,0.33,1.5,1.0,0.864406779661017,-0.015951683301235444,0.00047484276182428866,0.0005194313012709188
PHASE1__Ma6_Kn0.33_BWD_hphs1.5_Tw1,52,BWD,6.0,0.33,1.5,1.0,0.8813559322033898,-0.016047639703596628,0.0004588061598077573,0.0018403510461162023
PHASE1__Ma6_Kn0.33_BWD_hphs1.5_Tw1,53,BWD,6.0,0.33,1.5,1.0,0.8983050847457628,-0.016221463890185053,0.0004458380137636628,0.0036946692402027004
PHASE1__Ma6_Kn0.33_BWD_hphs1.5_Tw1,54,BWD,6.0,0.33,1.5,1.0,0.9152542372881356,-0.016301561778017858,0.000431583611931331,0.004959811150537891
PHASE1__Ma6_Kn0.33_BWD_hphs1.5_Tw1,55,BWD,6.0,0.33,1.5,1.0,0.9322033898305084,-0.01643078389249521,0.0004186058669634437,0.0062370361238171445
PHASE1__Ma6_Kn0.33_BWD_hphs1.5_Tw1,56,BWD,6.0,0.33,1.5,1.0,0.9491525423728814,-0.01673023724886316,0.0003910057614178333,0.00664027712192797
PHASE1__Ma6_Kn0.33_BWD_hphs1.5_Tw1,57,BWD,6.0,0.33,1.5,1.0,0.9661016949152542,-0.01690864553730745,0.00037655938110964514,0.007659520321410473
PHASE1__Ma6_Kn0.33_BWD_hphs1.5_Tw1,58,BWD,6.0,0.33,1.5,1.0,0.9830508474576272,-0.017114930120821156,0.00035399871055526313,0.007690090059550668
PHASE1__Ma6_Kn0.33_BWD_hphs1.5_Tw1,59,BWD,6.0,0.33,1.5,1.0,1.0,-0.017390843494686038,0.0003298158218798952,0.008178431111778102
PHASE1__Ma6_Kn0.33_FWD_hphs1.5_Tw1,0,FWD,6.0,0.33,1.5,1.0,0.0,0.6799523326537348,0.004429295398544396,0.10579289232387022
PHASE1__Ma6_Kn0.33_FWD_hphs1.5_Tw1,1,FWD,6.0,0.33,1.5,1.0,0.01694915254237288,0.6791594069273158,0.0077423639456348555,0.12295352963392307
PHASE1__Ma6_Kn0.33_FWD_hphs1.5_Tw1,2,FWD,6.0,0.33,1.5,1.0,0.03389830508474576,0.6787071914739674,0.011703103877439256,0.1508817223768671
PHASE1__Ma6_Kn0.33_FWD_hphs1.5_Tw1,3,FWD,6.0,0.33,1.5,1.0,0.05084745762711865,0.6752629203498346,0.015548528738079296,0.17441858662424714
PHASE1__Ma6_Kn0.33_FWD_hphs1.5_Tw1,4,FWD,6.0,0.33,1.5,1.0,0.06779661016949153,0.6730947640666575,0.01944428395580633,0.2183795587270933
PHASE1__Ma6_Kn0.33_FWD_hphs1.5_Tw1,5,FWD,6.0,0.33,1.5,1.0,0.0847457627118644,0.6728221958482009,0.023732763142310116,0.25116706543653367
PHASE1__Ma6_Kn0.33_FWD_hphs1.5_Tw1,6,FWD,6.0,0.33,1.5,1.0,0.1016949152542373,0.6722646699468126,0.028181160399202213,0.2972456251517253
PHASE1__Ma6_Kn0.33_FWD_hphs1.5_Tw1,7,FWD,6.0,0.33,1.5,1.0,0.11864406779661017,0.6719673227994053,0.03284879707552223,0.333262955772165
PHASE1__Ma6_Kn0.33_FWD_hphs1.5_Tw1,8,FWD,6.0,0.33,1.5,1.0,0.13559322033898305,0.6724195382527537,0.037219187078391384,0.38107564531074406
PHASE1__Ma6_Kn0.33_FWD_hphs1.5_Tw1,9,FWD,6.0,0.33,1.5,1.0,0.15254237288135594,0.6747053944484461,0.04263010042040179,0.44922146397628865
PHASE1__Ma6_Kn0.33_FWD_hphs1.5_Tw1,10,FWD,6.0,0.33,1.5,1.0,0.1694915254237288,0.6772080662724563,0.047622180720918984,0.4955965820907162
PHASE1__Ma6_Kn0.33_FWD_hphs1.5_Tw1,11,FWD,6.0,0.33,1.5,1.0,0.1864406779661017,0.6823682782264179,0.0534330492209634,0.5446074586341983
PHASE1__Ma6_Kn0.33_FWD_hphs1.5_Tw1,12,FWD,6.0,0.33,1.5,1.0,0.2033898305084746,0.6882161054587586,0.059172565720814536,0.5936679829374328
PHASE1__Ma6_Kn0.33_FWD_hphs1.5_Tw1,13,FWD,6.0,0.33,1.5,1.0,0.22033898305084745,0.695476331641283,0.06559264591757634,0.640757775802994
PHASE1__Ma6_Kn0.33_FWD_hphs1.5_Tw1,14,FWD,6.0,0.33,1.5,1.0,0.23728813559322035,0.7022223950480826,0.07204504249110728,0.7058308092659317
PHASE1__Ma6_Kn0.33_FWD_hphs1.5_Tw1,15,FWD,6.0,0.33,1.5,1.0,0.2542372881355932,0.7120038772513302,0.07884460014181176,0.7322886377651917
PHASE1__Ma6_Kn0.33_FWD_hphs1.5_Tw1,16,FWD,6.0,0.33,1.5,1.0,0.2711864406779661,0.723265900459376,0.08627128748031354,0.7898771924628537
PHASE1__Ma6_Kn0.33_FWD_hphs1.5_Tw1,17,FWD,6.0,0.33,1.5,1.0,0.288135593220339,0.7375261740704437,0.09461019254325927,0.8186630897750308
PHASE1__Ma6_Kn0.33_FWD_hphs1.5_Tw1,18,FWD,6.0,0.33,1.5,1.0,0.3050847457627119,0.7519041475940268,0.1031653933556698,0.8473964932786777
PHASE1__Ma6_Kn0.33_FWD_hphs1.5_Tw1,19,FWD,6.0,0.33,1.5,1.0,0.3220338983050847,0.769175061072592,0.11241779599956517,0.8961072696725544
PHASE1__Ma6_Kn0.33_FWD_hphs1.5_Tw1,20,FWD,6.0,0.33,1.5,1.0,0.3389830508474576,0.786396416693256,0.12240995570376025,0.8937776197203643
PHASE1__Ma6_Kn0.33_FWD_hphs1.5_Tw1,21,FWD,6.0,0.33,1.5,1.0,0.3559322033898305,0.8093726785626959,0.13363397729470006,0.9095880593378521
PHASE1__Ma6_Kn0.33_FWD_hphs1.5_Tw1,22,FWD,6.0,0.33,1.5,1.0,0.3728813559322034,0.8282542224230497,0.14480136523526227,0.876117563899389
PHASE1__Ma6_Kn0.33_FWD_hphs1.5_Tw1,23,FWD,6.0,0.33,1.5,1.0,0.3898305084745763,0.8541172295152338,0.15819986302940134,0.8716859479864293
PHASE1__Ma6_Kn0.33_FWD_hphs1.5_Tw1,24,FWD,6.0,0.33,1.5,1.0,0.4067796610169492,0.8763563182483934,0.171828734994568,0.8107795315682309
PHASE1__Ma6_Kn0.33_FWD_hphs1.5_Tw1,25,FWD,6.0,0.33,1.5,1.0,0.423728813559322,0.9061963434371483,0.18798692337914166,0.7640401190677096
PHASE1__Ma6_Kn0.33_FWD_hphs1.5_Tw1,26,FWD,6.0,0.33,1.5,1.0,0.4406779661016949,0.9402302023507914,0.20840767385597853,0.6918019968820559
PHASE1__Ma6_Kn0.33_FWD_hphs1.5_Tw1,27,FWD,6.0,0.33,1.5,1.0,0.4576271186440678,0.973514498663679,0.22973136309759296,0.5583611528616581
PHASE1__Ma6_Kn0.33_FWD_hphs1.5_Tw1,28,FWD,6.0,0.33,1.5,1.0,0.4745762711864407,1.0141147737492298,0.25849165856562845,0.4063590038869571
PHASE1__Ma6_Kn0.33_FWD_hphs1.5_Tw1,29,FWD,6.0,0.33,1.5,1.0,0.4915254237288136,1.0704930318440726,0.3019719036699473,0.22319039497702406
PHASE1__Ma6_Kn0.33_FWD_hphs1.5_Tw1,30,FWD,6.0,0.33,1.5,1.0,0.5084745762711864,-0.012733457956454461,0.005159517527876555,0.2255713058391958
PHASE1__Ma6_Kn0.33_FWD_hphs1.5_Tw1,31,FWD,6.0,0.33,1.5,1.0,0.5254237288135594,-0.015186819711852933,0.0048318102695898155,0.20776494287535613
PHASE1__Ma6_Kn0.33_FWD_hphs1.5_Tw1,32,FWD,6.0,0.33,1.5,1.0,0.5423728813559322,-0.015844762222813624,0.004678739431507042,0.19685287102808532
PHASE1__Ma6_Kn0.33_FWD_hphs1.5_Tw1,33,FWD,6.0,0.33,1.5,1.0,0.559322033898305,-0.016164162616986805,0.004601180127261088,0.18952724477499272
PHASE1__Ma6_Kn0.33_FWD_hphs1.5_Tw1,34,FWD,6.0,0.33,1.5,1.0,0.576271186440678,-0.016312836190690374,0.00447239456637414,0.18072517956278256
PHASE1__Ma6_Kn0.33_FWD_hphs1.5_Tw1,35,FWD,6.0,0.33,1.5,1.0,0.5932203389830508,-0.016329252231120146,0.0043904517535961335,0.1735735015778618
PHASE1__Ma6_Kn0.33_FWD_hphs1.5_Tw1,36,FWD,6.0,0.33,1.5,1.0,0.6101694915254238,-0.01618584417981857,0.0043709659382967165,0.16881608715403873
PHASE1__Ma6_Kn0.33_FWD_hphs1.5_Tw1,37,FWD,6.0,0.33,1.5,1.0,0.6271186440677966,-0.016051232648294462,0.004302941565018294,0.16325115678610058
PHASE1__Ma6_Kn0.33_FWD_hphs1.5_Tw1,38,FWD,6.0,0.33,1.5,1.0,0.6440677966101694,-0.015728858782647216,0.00432053959197179,0.15996169604002078
PHASE1__Ma6_Kn0.33_FWD_hphs1.5_Tw1,39,FWD,6.0,0.33,1.5,1.0,0.6610169491525424,-0.015455980827578777,0.004287455301299216,0.15479557389667187
PHASE1__Ma6_Kn0.33_FWD_hphs1.5_Tw1,40,FWD,6.0,0.33,1.5,1.0,0.6779661016949152,-0.015079465002174478,0.004296446293251821,0.15214250925365994
PHASE1__Ma6_Kn0.33_FWD_hphs1.5_Tw1,41,FWD,6.0,0.33,1.5,1.0,0.6949152542372882,-0.01466565688869953,0.004322715348031495,0.14848535298136312
PHASE1__Ma6_Kn0.33_FWD_hphs1.5_Tw1,42,FWD,6.0,0.33,1.5,1.0,0.711864406779661,-0.01419138818858513,0.00430937284395948,0.14513932369278837
PHASE1__Ma6_Kn0.33_FWD_hphs1.5_Tw1,43,FWD,6.0,0.33,1.5,1.0,0.7288135593220338,-0.013743137363868858,0.004305597267267639,0.14048330838138742
PHASE1__Ma6_Kn0.33_FWD_hphs1.5_Tw1,44,FWD,6.0,0.33,1.5,1.0,0.7457627118644068,-0.013143115599330181,0.004353751868294933,0.13865062902590813
PHASE1__Ma6_Kn0.33_FWD_hphs1.5_Tw1,45,FWD,6.0,0.33,1.5,1.0,0.7627118644067796,-0.012549040777739653,0.004367094372366947,0.1359955844839089
PHASE1__Ma6_Kn0.33_FWD_hphs1.5_Tw1,46,FWD,6.0,0.33,1.5,1.0,0.7796610169491526,-0.011909372726880026,0.004393619398447762,0.1326591718475583
PHASE1__Ma6_Kn0.33_FWD_hphs1.5_Tw1,47,FWD,6.0,0.33,1.5,1.0,0.7966101694915254,-0.011143022401760478,0.004413137210159821,0.12934849789804287
PHASE1__Ma6_Kn0.33_FWD_hphs1.5_Tw1,48,FWD,6.0,0.33,1.5,1.0,0.8135593220338984,-0.010417928993343675,0.004456940299067705,0.12728148335527834
PHASE1__Ma6_Kn0.33_FWD_hphs1.5_Tw1,49,FWD,6.0,0.33,1.5,1.0,0.8305084745762712,-0.00962580858211551,0.0044771300354452615,0.1247457984379434
PHASE1__Ma6_Kn0.33_FWD_hphs1.5_Tw1,50,FWD,6.0,0.33,1.5,1.0,0.847457627118644,-0.008852396262245042,0.004531363954874673,0.1229604952368036
PHASE1__Ma6_Kn0.33_FWD_hphs1.5_Tw1,51,FWD,6.0,0.33,1.5,1.0,0.864406779661017,-0.007905159755786147,0.004592765070736053,0.1207639387317257
PHASE1__Ma6_Kn0.33_FWD_hphs1.5_Tw1,52,FWD,6.0,0.33,1.5,1.0,0.8813559322033898,-0.007040684872022243,0.004608923259120626,0.11815782597898457
PHASE1__Ma6_Kn0.33_FWD_hphs1.5_Tw1,53,FWD,6.0,0.33,1.5,1.0,0.8983050847457628,-0.006062970282954116,0.004646711022451679,0.11571873184795968
PHASE1__Ma6_Kn0.33_FWD_hphs1.5_Tw1,54,FWD,6.0,0.33,1.5,1.0,0.9152542372881356,-0.005046166933466422,0.004685202706860871,0.11393328722546364
PHASE1__Ma6_Kn0.33_FWD_hphs1.5_Tw1,55,FWD,6.0,0.33,1.5,1.0,0.9322033898305084,-0.00395948700433805,0.0047299976845606795,0.11233451879320087
PHASE1__Ma6_Kn0.33_FWD_hphs1.5_Tw1,56,FWD,6.0,0.33,1.5,1.0,0.9491525423728814,-0.0028005145499963168,0.004754634922295574,0.1096323809395746
PHASE1__Ma6_Kn0.33_FWD_hphs1.5_Tw1,57,FWD,6.0,0.33,1.5,1.0,0.9661016949152542,-0.0016894893231739865,0.004777160396796049,0.10834488091239013
PHASE1__Ma6_Kn0.33_FWD_hphs1.5_Tw1,58,FWD,6.0,0.33,1.5,1.0,0.9830508474576272,-0.00043102946909561227,0.004813028375368539,0.10741970239988566
PHASE1__Ma6_Kn0.33_FWD_hphs1.5_Tw1,59,FWD,6.0,0.33,1.5,1.0,1.0,0.0008563597845325887,0.0047783122676511875,0.1055537890256906
PHASE1__Ma6_Kn0.33_ISO_hphs1.5_Tw1,0,ISO,6.0,0.33,1.5,1.0,0.0,0.533012664503479,0.03499031697369949,0.4074680146625009
PHASE1__Ma6_Kn0.33_ISO_hphs1.5_Tw1,1,ISO,6.0,0.33,1.5,1.0,0.01694915254237288,0.5359706491469562,0.043871561230939334,0.4145787122091533
PHASE1__Ma6_Kn0.33_ISO_hphs1.5_Tw1,2,ISO,6.0,0.33,1.5,1.0,0.03389830508474576,0.5411141353238761,0.05078022664875547,0.40971196689015565
PHASE1__Ma6_Kn0.33_ISO_hphs1.5_Tw1,3,ISO,6.0,0.33,1.5,1.0,0.05084745762711865,0.5492056945726932,0.0574581979314176,0.4050276849920262
PHASE1__Ma6_Kn0.33_ISO_hphs1.5_Tw1,4,ISO,6.0,0.33,1.5,1.0,0.06779661016949153,0.5573771658673758,0.06320827324744084,0.41019073572790504
PHASE1__Ma6_Kn0.33_ISO_hphs1.5_Tw1,5,ISO,6.0,0.33,1.5,1.0,0.0847457627118644,0.5669814787286267,0.06926551412483418,0.3898130184857863
PHASE1__Ma6_Kn0.33_ISO_hphs1.5_Tw1,6,ISO,6.0,0.33,1.5,1.0,0.1016949152542373,0.5776692502582425,0.07516789236503679,0.373644292809351
PHASE1__Ma6_Kn0.33_ISO_hphs1.5_Tw1,7,ISO,6.0,0.33,1.5,1.0,0.11864406779661017,0.5895773840386749,0.08104083390560807,0.34820787999412073
PHASE1__Ma6_Kn0.33_ISO_hphs1.5_Tw1,8,ISO,6.0,0.33,1.5,1.0,0.13559322033898305,0.5994455924932496,0.08634071969574823,0.31963986361215957
PHASE1__Ma6_Kn0.33_ISO_hphs1.5_Tw1,9,ISO,6.0,0.33,1.5,1.0,0.15254237288135594,0.6147465811202424,0.09268912792819035,0.2939811743003453
PHASE1__Ma6_Kn0.33_ISO_hphs1.5_Tw1,10,ISO,6.0,0.33,1.5,1.0,0.1694915254237288,0.6244537265366382,0.0974818705779434,0.24645214106801752
PHASE1__Ma6_Kn0.33_ISO_hphs1.5_Tw1,11,ISO,6.0,0.33,1.5,1.0,0.1864406779661017,0.639209578726718,0.10353015245979678,0.19004340054313912
PHASE1__Ma6_Kn0.33_ISO_hphs1.5_Tw1,12,ISO,6.0,0.33,1.5,1.0,0.2033898305084746,0.6526459529501784,0.10924951121968302,0.1380618487425473
PHASE1__Ma6_Kn0.33_ISO_hphs1.5_Tw1,13,ISO,6.0,0.33,1.5,1.0,0.22033898305084745,0.6660637429769259,0.11525331808796303,0.08124998106153625
PHASE1__Ma6_Kn0.33_ISO_hphs1.5_Tw1,14,ISO,6.0,0.33,1.5,1.0,0.23728813559322035,0.6802682639978549,0.12083637212999128,0.014455081087852812
PHASE1__Ma6_Kn0.33_ISO_hphs1.5_Tw1,15,ISO,6.0,0.33,1.5,1.0,0.2542372881355932,0.693109943926501,0.12648789849507494,0.08528242266545903
PHASE1__Ma6_Kn0.33_ISO_hphs1.5_Tw1,16,ISO,6.0,0.33,1.5,1.0,0.2711864406779661,0.7083180115699291,0.13307787964296958,0.18420691115688356
PHASE1__Ma6_Kn0.33_ISO_hphs1.5_Tw1,17,ISO,6.0,0.33,1.5,1.0,0.288135593220339,0.7222313801756887,0.13900713486979205,0.28164408559641374
PHASE1__Ma6_Kn0.33_ISO_hphs1.5_Tw1,18,ISO,6.0,0.33,1.5,1.0,0.3050847457627119,0.7370615691526201,0.14595291612627376,0.36258454292068215
PHASE1__Ma6_Kn0.33_ISO_hphs1.5_Tw1,19,ISO,6.0,0.33,1.5,1.0,0.3220338983050847,0.7511112218676078,0.1521490214345365,0.4958441884312047
PHASE1__Ma6_Kn0.33_ISO_hphs1.5_Tw1,20,ISO,6.0,0.33,1.5,1.0,0.3389830508474576,0.7656936215550333,0.1594157267098247,0.6135884348298948
PHASE1__Ma6_Kn0.33_ISO_hphs1.5_Tw1,21,ISO,6.0,0.33,1.5,1.0,0.3559322033898305,0.7778910493309641,0.16593563571403178,0.7618379089051687
PHASE1__Ma6_Kn0.33_ISO_hphs1.5_Tw1,22,ISO,6.0,0.33,1.5,1.0,0.3728813559322034,0.7918725599913377,0.17355078192299916,0.9343107460850485
PHASE1__Ma6_Kn0.33_ISO_hphs1.5_Tw1,23,ISO,6.0,0.33,1.5,1.0,0.3898305084745763,0.8038903405323765,0.18024571130436196,1.105553457255234
PHASE1__Ma6_Kn0.33_ISO_hphs1.5_Tw1,24,ISO,6.0,0.33,1.5,1.0,0.4067796610169492,0.8168373309090627,0.189014008224973,1.3154022027840002
PHASE1__Ma6_Kn0.33_ISO_hphs1.5_Tw1,25,ISO,6.0,0.33,1.5,1.0,0.423728813559322,0.8263400501616162,0.1970163110269173,1.5490736508381389
PHASE1__Ma6_Kn0.33_ISO_hphs1.5_Tw1,26,ISO,6.0,0.33,1.5,1.0,0.4406779661016949,0.836400295315558,0.2073841086155379,1.810309408344607
PHASE1__Ma6_Kn0.33_ISO_hphs1.5_Tw1,27,ISO,6.0,0.33,1.5,1.0,0.4576271186440678,0.8433755638151507,0.21740186544984716,2.116038096301671
PHASE1__Ma6_Kn0.33_ISO_hphs1.5_Tw1,28,ISO,6.0,0.33,1.5,1.0,0.4745762711864407,0.8493596751567195,0.23085827675086956,2.4951420614914896
PHASE1__Ma6_Kn0.33_ISO_hphs1.5_Tw1,29,ISO,6.0,0.33,1.5,1.0,0.4915254237288136,0.8552880339081496,0.24852413609916824,3.018045543633164
PHASE1__Ma6_Kn0.33_ISO_hphs1.5_Tw1,30,ISO,6.0,0.33,1.5,1.0,0.5084745762711864,-0.022939712949237672,0.001282905763833658,0.02514621691878124
PHASE1__Ma6_Kn0.33_ISO_hphs1.5_Tw1,31,ISO,6.0,0.33,1.5,1.0,0.5254237288135594,-0.02286011063998388,0.001251808450386198,0.016251684868579013
PHASE1__Ma6_Kn0.33_ISO_hphs1.5_Tw1,32,ISO,6.0,0.33,1.5,1.0,0.5423728813559322,-0.022621861238123906,0.0012278655348056508,0.011556119963880609
PHASE1__Ma6_Kn0.33_ISO_hphs1.5_Tw1,33,ISO,6.0,0.33,1.5,1.0,0.559322033898305,-0.022193495503890485,0.0012480488719006785,0.00789857902568557
PHASE1__Ma6_Kn0.33_ISO_hphs1.5_Tw1,34,ISO,6.0,0.33,1.5,1.0,0.576271186440678,-0.021805705265813664,0.0012453995689338613,0.004520918634083122
PHASE1__Ma6_Kn0.33_ISO_hphs1.5_Tw1,35,ISO,6.0,0.33,1.5,1.0,0.5932203389830508,-0.021293400909760098,0.0012674290990383743,0.002616246860359511
PHASE1__Ma6_Kn0.33_ISO_hphs1.5_Tw1,36,ISO,6.0,0.33,1.5,1.0,0.6101694915254238,-0.02090629209222942,0.0012643126484469733,9.189958353768529e-05
PHASE1__Ma6_Kn0.33_ISO_hphs1.5_Tw1,37,ISO,6.0,0.33,1.5,1.0,0.6271186440677966,-0.020384262006562744,0.0012851967069788767,0.0012069041400359847
PHASE1__Ma6_Kn0.33_ISO_hphs1.5_Tw1,38,ISO,6.0,0.33,1.5,1.0,0.6440677966101694,-0.01988416127301735,0.001299681482982236,0.003020807793168741
PHASE1__Ma6_Kn0.33_ISO_hphs1.5_Tw1,39,ISO,6.0,0.33,1.5,1.0,0.6610169491525424,-0.01937266223215468,0.001303617041737291,0.004120280190484623
PHASE1__Ma6_Kn0.33_ISO_hphs1.5_Tw1,40,ISO,6.0,0.33,1.5,1.0,0.6779661016949152,-0.018885446541663593,0.001323240441611071,0.00588060315962572
PHASE1__Ma6_Kn0.33_ISO_hphs1.5_Tw1,41,ISO,6.0,0.33,1.5,1.0,0.6949152542372882,-0.018326124167926273,0.0013411744308973158,0.007187423889523979
PHASE1__Ma6_Kn0.33_ISO_hphs1.5_Tw1,42,ISO,6.0,0.33,1.5,1.0,0.711864406779661,-0.0178280676960193,0.0013561231548839946,0.007311891138228194
PHASE1__Ma6_Kn0.33_ISO_hphs1.5_Tw1,43,ISO,6.0,0.33,1.5,1.0,0.7288135593220338,-0.017265957692775037,0.0013667715610114917,0.007607595722230513
PHASE1__Ma6_Kn0.33_ISO_hphs1.5_Tw1,44,ISO,6.0,0.33,1.5,1.0,0.7457627118644068,-0.016664387245176954,0.0013875052364039746,0.008516212962326623
PHASE1__Ma6_Kn0.33_ISO_hphs1.5_Tw1,45,ISO,6.0,0.33,1.5,1.0,0.7627118644067796,-0.016142914685411666,0.0014051032633574706,0.008749326584600668
PHASE1__Ma6_Kn0.33_ISO_hphs1.5_Tw1,46,ISO,6.0,0.33,1.5,1.0,0.7796610169491526,-0.01558390204828623,0.0014138190861613473,0.00910824509902978
PHASE1__Ma6_Kn0.33_ISO_hphs1.5_Tw1,47,ISO,6.0,0.33,1.5,1.0,0.7966101694915254,-0.015092350045228787,0.0014265984533708498,0.008702398384123771
PHASE1__Ma6_Kn0.33_ISO_hphs1.5_Tw1,48,ISO,6.0,0.33,1.5,1.0,0.8135593220338984,-0.014605382144027205,0.0014489959422207541,0.007978005953676644
PHASE1__Ma6_Kn0.33_ISO_hphs1.5_Tw1,49,ISO,6.0,0.33,1.5,1.0,0.8305084745762712,-0.013992661178401353,0.001457698966459574,0.0076827630622127085
PHASE1__Ma6_Kn0.33_ISO_hphs1.5_Tw1,50,ISO,6.0,0.33,1.5,1.0,0.847457627118644,-0.013450684054929449,0.0014673618830776754,0.0064636322918309634
PHASE1__Ma6_Kn0.33_ISO_hphs1.5_Tw1,51,ISO,6.0,0.33,1.5,1.0,0.864406779661017,-0.013031114840473491,0.0014634839178653777,0.005646521880387962
PHASE1__Ma6_Kn0.33_ISO_hphs1.5_Tw1,52,ISO,6.0,0.33,1.5,1.0,0.8813559322033898,-0.012463739314827227,0.0014768872151214132,0.004479470660792411
PHASE1__Ma6_Kn0.33_ISO_hphs1.5_Tw1,53,ISO,6.0,0.33,1.5,1.0,0.8983050847457628,-0.011952364168609307,0.0014897433737212581,0.0022652871663453623
PHASE1__Ma6_Kn0.33_ISO_hphs1.5_Tw1,54,ISO,6.0,0.33,1.5,1.0,0.9152542372881356,-0.01155484820091938,0.0014863197575684872,0.0009281484156087322
PHASE1__Ma6_Kn0.33_ISO_hphs1.5_Tw1,55,ISO,6.0,0.33,1.5,1.0,0.9322033898305084,-0.01122361586817229,0.0014830145281424943,0.001276569116889485
PHASE1__Ma6_Kn0.33_ISO_hphs1.5_Tw1,56,ISO,6.0,0.33,1.5,1.0,0.9491525423728814,-0.010803922759071579,0.0014726156940336101,0.003428531952323035
PHASE1__Ma6_Kn0.33_ISO_hphs1.5_Tw1,57,ISO,6.0,0.33,1.5,1.0,0.9661016949152542,-0.010540336902359617,0.0014594043752534308,0.0065088939719817225
PHASE1__Ma6_Kn0.33_ISO_hphs1.5_Tw1,58,ISO,6.0,0.33,1.5,1.0,0.9830508474576272,-0.010345202836873676,0.0014354518607490906,0.009780070987932552
PHASE1__Ma6_Kn0.33_ISO_hphs1.5_Tw1,59,ISO,6.0,0.33,1.5,1.0,1.0,-0.010356229460256692,0.0014011773035262087,0.01362541010953065
PHASE1__Ma6_Kn0.8_BWD_hphs1.5_Tw1,0,BWD,6.0,0.8,1.5,1.0,0.0,0.19210292105473664,0.05446333370805899,0.3749108438122322
PHASE1__Ma6_Kn0.8_BWD_hphs1.5_Tw1,1,BWD,6.0,0.8,1.5,1.0,0.01694915254237288,0.1994331477115466,0.05882124510999747,0.4655619331603476
PHASE1__Ma6_Kn0.8_BWD_hphs1.5_Tw1,2,BWD,6.0,0.8,1.5,1.0,0.03389830508474576,0.20679992328855867,0.06237924619586795,0.5435331837082259
PHASE1__Ma6_Kn0.8_BWD_hphs1.5_Tw1,3,BWD,6.0,0.8,1.5,1.0,0.05084745762711865,0.21276606990663835,0.06527300175527558,0.609230474748268
PHASE1__Ma6_Kn0.8_BWD_hphs1.5_Tw1,4,BWD,6.0,0.8,1.5,1.0,0.06779661016949153,0.21895212951915452,0.06802053370890596,0.6761920727130717
PHASE1__Ma6_Kn0.8_BWD_hphs1.5_Tw1,5,BWD,6.0,0.8,1.5,1.0,0.0847457627118644,0.22495048874487,0.07072871007498578,0.7352128615251504
PHASE1__Ma6_Kn0.8_BWD_hphs1.5_Tw1,6,BWD,6.0,0.8,1.5,1.0,0.1016949152542373,0.231044866320269,0.0731812351040503,0.7948573185182357
PHASE1__Ma6_Kn0.8_BWD_hphs1.5_Tw1,7,BWD,6.0,0.8,1.5,1.0,0.11864406779661017,0.23585445642957958,0.07525588249980426,0.8531384736371934
PHASE1__Ma6_Kn0.8_BWD_hphs1.5_Tw1,8,BWD,6.0,0.8,1.5,1.0,0.13559322033898305,0.2407538701563361,0.07739388279259082,0.9086223143297769
PHASE1__Ma6_Kn0.8_BWD_hphs1.5_Tw1,9,BWD,6.0,0.8,1.5,1.0,0.15254237288135594,0.24555726553340906,0.07946437065470124,0.966135551484366
PHASE1__Ma6_Kn0.8_BWD_hphs1.5_Tw1,10,BWD,6.0,0.8,1.5,1.0,0.1694915254237288,0.2504709271443122,0.08141391207702219,1.019918093261415
PHASE1__Ma6_Kn0.8_BWD_hphs1.5_Tw1,11,BWD,6.0,0.8,1.5,1.0,0.1864406779661017,0.25515290576952726,0.08348152026199476,1.0763367291187271
PHASE1__Ma6_Kn0.8_BWD_hphs1.5_Tw1,12,BWD,6.0,0.8,1.5,1.0,0.2033898305084746,0.25905372865957477,0.0851370146521291,1.1270376995433649
PHASE1__Ma6_Kn0.8_BWD_hphs1.5_Tw1,13,BWD,6.0,0.8,1.5,1.0,0.22033898305084745,0.26306791514957123,0.08693841268391425,1.1825568955750079
PHASE1__Ma6_Kn0.8_BWD_hphs1.5_Tw1,14,BWD,6.0,0.8,1.5,1.0,0.23728813559322035,0.26698980012922674,0.08876956737945713,1.2343595383647343
PHASE1__Ma6_Kn0.8_BWD_hphs1.5_Tw1,15,BWD,6.0,0.8,1.5,1.0,0.2542372881355932,0.27055920484456003,0.09046985674729127,1.291492352071045
PHASE1__Ma6_Kn0.8_BWD_hphs1.5_Tw1,16,BWD,6.0,0.8,1.5,1.0,0.2711864406779661,0.2737544477327394,0.09198264713703909,1.3500167519227306
PHASE1__Ma6_Kn0.8_BWD_hphs1.5_Tw1,17,BWD,6.0,0.8,1.5,1.0,0.288135593220339,0.2760347286694179,0.09320299031523244,1.4028758122435498
PHASE1__Ma6_Kn0.8_BWD_hphs1.5_Tw1,18,BWD,6.0,0.8,1.5,1.0,0.3050847457627119,0.27847111685848525,0.09486872355741244,1.4648424079060518
PHASE1__Ma6_Kn0.8_BWD_hphs1.5_Tw1,19,BWD,6.0,0.8,1.5,1.0,0.3220338983050847,0.28188627274110106,0.0966256465756242,1.5275062108548034
PHASE1__Ma6_Kn0.8_BWD_hphs1.5_Tw1,20,BWD,6.0,0.8,1.5,1.0,0.3389830508474576,0.28307751975040096,0.09782551204972621,1.58594151525206
PHASE1__Ma6_Kn0.8_BWD_hphs1.5_Tw1,21,BWD,6.0,0.8,1.5,1.0,0.3559322033898305,0.2847798321693069,0.09930694595508416,1.6491568614901375
PHASE1__Ma6_Kn0.8_BWD_hphs1.5_Tw1,22,BWD,6.0,0.8,1.5,1.0,0.3728813559322034,0.28598904390209595,0.1005637650436902,1.7111701262001977
PHASE1__Ma6_Kn0.8_BWD_hphs1.5_Tw1,23,BWD,6.0,0.8,1.5,1.0,0.3898305084745763,0.2868259522274023,0.10229509093178779,1.7854446224960325
PHASE1__Ma6_Kn0.8_BWD_hphs1.5_Tw1,24,BWD,6.0,0.8,1.5,1.0,0.4067796610169492,0.28692135110386213,0.10352279328488896,1.8570886815658536
PHASE1__Ma6_Kn0.8_BWD_hphs1.5_Tw1,25,BWD,6.0,0.8,1.5,1.0,0.423728813559322,0.2854538190367631,0.10456843605005306,1.9299772485705629
PHASE1__Ma6_Kn0.8_BWD_hphs1.5_Tw1,26,BWD,6.0,0.8,1.5,1.0,0.4406779661016949,0.2843827498328736,0.10608538597344443,2.0186767232026033
PHASE1__Ma6_Kn0.8_BWD_hphs1.5_Tw1,27,BWD,6.0,0.8,1.5,1.0,0.4576271186440678,0.28172830706904106,0.1075060266947812,2.1068670809521897
PHASE1__Ma6_Kn0.8_BWD_hphs1.5_Tw1,28,BWD,6.0,0.8,1.5,1.0,0.4745762711864407,0.2784488158224297,0.10911992574848,2.2122118492133613
PHASE1__Ma6_Kn0.8_BWD_hphs1.5_Tw1,29,BWD,6.0,0.8,1.5,1.0,0.4915254237288136,0.27354692420277815,0.11163164414093354,2.3508189204615486
PHASE1__Ma6_Kn0.8_BWD_hphs1.5_Tw1,30,BWD,6.0,0.8,1.5,1.0,0.5084745762711864,-0.027123740412993785,0.00022475592093164996,0.015012701319046482
PHASE1__Ma6_Kn0.8_BWD_hphs1.5_Tw1,31,BWD,6.0,0.8,1.5,1.0,0.5254237288135594,-0.02690756284209655,0.00021982271403039538,0.014899918686301614
PHASE1__Ma6_Kn0.8_BWD_hphs1.5_Tw1,32,BWD,6.0,0.8,1.5,1.0,0.5423728813559322,-0.026750836116484034,0.0002173167549922175,0.014012681605463673
PHASE1__Ma6_Kn0.8_BWD_hphs1.5_Tw1,33,BWD,6.0,0.8,1.5,1.0,0.559322033898305,-0.026605259908899285,0.0002145356268053123,0.013764553488856805
PHASE1__Ma6_Kn0.8_BWD_hphs1.5_Tw1,34,BWD,6.0,0.8,1.5,1.0,0.576271186440678,-0.026494374201845368,0.00021240690547219212,0.012919592898059907
PHASE1__Ma6_Kn0.8_BWD_hphs1.5_Tw1,35,BWD,6.0,0.8,1.5,1.0,0.5932203389830508,-0.026410621421992353,0.0002131818585863988,0.01213755530814999
PHASE1__Ma6_Kn0.8_BWD_hphs1.5_Tw1,36,BWD,6.0,0.8,1.5,1.0,0.6101694915254238,-0.026327488115363108,0.00021009324487399704,0.011172532521433983
PHASE1__Ma6_Kn0.8_BWD_hphs1.5_Tw1,37,BWD,6.0,0.8,1.5,1.0,0.6271186440677966,-0.026274275365441704,0.00020780294165703115,0.010587618671736342
PHASE1__Ma6_Kn0.8_BWD_hphs1.5_Tw1,38,BWD,6.0,0.8,1.5,1.0,0.6440677966101694,-0.02623834591846334,0.00020798564117322107,0.009494137841900126
PHASE1__Ma6_Kn0.8_BWD_hphs1.5_Tw1,39,BWD,6.0,0.8,1.5,1.0,0.6610169491525424,-0.026240080443489883,0.0001988996198750678,0.008908831869779562
PHASE1__Ma6_Kn0.8_BWD_hphs1.5_Tw1,40,BWD,6.0,0.8,1.5,1.0,0.6779661016949152,-0.02616921270669118,0.0001993875651678693,0.008132704576812071
PHASE1__Ma6_Kn0.8_BWD_hphs1.5_Tw1,41,BWD,6.0,0.8,1.5,1.0,0.6949152542372882,-0.026154902875222208,0.0001944825151097403,0.007288607287815691
PHASE1__Ma6_Kn0.8_BWD_hphs1.5_Tw1,42,BWD,6.0,0.8,1.5,1.0,0.711864406779661,-0.02620675278405133,0.00018881211086119743,0.006483902491632643
PHASE1__Ma6_Kn0.8_BWD_hphs1.5_Tw1,43,BWD,6.0,0.8,1.5,1.0,0.7288135593220338,-0.02619764652766199,0.00019107201748615272,0.005563236973651221
PHASE1__Ma6_Kn0.8_BWD_hphs1.5_Tw1,44,BWD,6.0,0.8,1.5,1.0,0.7457627118644068,-0.02623921318097661,0.00018416879145848587,0.004735099700006326
PHASE1__Ma6_Kn0.8_BWD_hphs1.5_Tw1,45,BWD,6.0,0.8,1.5,1.0,0.7627118644067796,-0.026322036750993975,0.0001780760345630591,0.003940691279889862
PHASE1__Ma6_Kn0.8_BWD_hphs1.5_Tw1,46,BWD,6.0,0.8,1.5,1.0,0.7796610169491526,-0.026336346582462946,0.00017391842070426403,0.003209363974528287
PHASE1__Ma6_Kn0.8_BWD_hphs1.5_Tw1,47,BWD,6.0,0.8,1.5,1.0,0.7966101694915254,-0.026387143386811668,0.0001778581389929622,0.0022736561341733276
PHASE1__Ma6_Kn0.8_BWD_hphs1.5_Tw1,48,BWD,6.0,0.8,1.5,1.0,0.8135593220338984,-0.026489356468732874,0.000168723483147592,0.0019519155695113968
PHASE1__Ma6_Kn0.8_BWD_hphs1.5_Tw1,49,BWD,6.0,0.8,1.5,1.0,0.8305084745762712,-0.02654944537143807,0.000167090706210434,0.0011860021171583126
PHASE1__Ma6_Kn0.8_BWD_hphs1.5_Tw1,50,BWD,6.0,0.8,1.5,1.0,0.847457627118644,-0.026621552054684302,0.00016418159237295785,0.00038475305800214247
PHASE1__Ma6_Kn0.8_BWD_hphs1.5_Tw1,51,BWD,6.0,0.8,1.5,1.0,0.864406779661017,-0.026737579389495465,0.00015557039783842258,0.00014689519704455962
PHASE1__Ma6_Kn0.8_BWD_hphs1.5_Tw1,52,BWD,6.0,0.8,1.5,1.0,0.8813559322033898,-0.0268523677778591,0.00014932629791119574,0.0005802064831661224
PHASE1__Ma6_Kn0.8_BWD_hphs1.5_Tw1,53,BWD,6.0,0.8,1.5,1.0,0.8983050847457628,-0.026940642712245597,0.00015002861916870347,0.0010302036538519944
PHASE1__Ma6_Kn0.8_BWD_hphs1.5_Tw1,54,BWD,6.0,0.8,1.5,1.0,0.9152542372881356,-0.027070670141913847,0.0001436610130886757,0.00127507241087281
PHASE1__Ma6_Kn0.8_BWD_hphs1.5_Tw1,55,BWD,6.0,0.8,1.5,1.0,0.9322033898305084,-0.02718691429235333,0.00013875148353277673,0.0017321483401013897
PHASE1__Ma6_Kn0.8_BWD_hphs1.5_Tw1,56,BWD,6.0,0.8,1.5,1.0,0.9491525423728814,-0.027311360268275457,0.00013039658026350965,0.0018306744764760882
PHASE1__Ma6_Kn0.8_BWD_hphs1.5_Tw1,57,BWD,6.0,0.8,1.5,1.0,0.9661016949152542,-0.027464264844097346,0.00012477161092091943,0.002096062620778301
PHASE1__Ma6_Kn0.8_BWD_hphs1.5_Tw1,58,BWD,6.0,0.8,1.5,1.0,0.9830508474576272,-0.027604464024099815,0.00012473641486701243,0.002342214946301043
PHASE1__Ma6_Kn0.8_BWD_hphs1.5_Tw1,59,BWD,6.0,0.8,1.5,1.0,1.0,-0.027816509708594537,0.00011742139500863375,0.0024098453137079154
PHASE1__Ma6_Kn0.8_FWD_hphs1.5_Tw1,0,FWD,6.0,0.8,1.5,1.0,0.0,0.3035418176974742,0.009843152410517933,0.20363588185543333
PHASE1__Ma6_Kn0.8_FWD_hphs1.5_Tw1,1,FWD,6.0,0.8,1.5,1.0,0.01694915254237288,0.3020445509156344,0.013808691804218743,0.24505865179432043
PHASE1__Ma6_Kn0.8_FWD_hphs1.5_Tw1,2,FWD,6.0,0.8,1.5,1.0,0.03389830508474576,0.3012943688416551,0.017589707886208984,0.27140665439049205
PHASE1__Ma6_Kn0.8_FWD_hphs1.5_Tw1,3,FWD,6.0,0.8,1.5,1.0,0.05084745762711865,0.3021461445243318,0.021155164136225223,0.3081439407658213
PHASE1__Ma6_Kn0.8_FWD_hphs1.5_Tw1,4,FWD,6.0,0.8,1.5,1.0,0.06779661016949153,0.30247508480615104,0.024449610771157617,0.32944071076447123
PHASE1__Ma6_Kn0.8_FWD_hphs1.5_Tw1,5,FWD,6.0,0.8,1.5,1.0,0.0847457627118644,0.30519643067815017,0.028184839986656128,0.35977422676450854
PHASE1__Ma6_Kn0.8_FWD_hphs1.5_Tw1,6,FWD,6.0,0.8,1.5,1.0,0.1016949152542373,0.306530156528916,0.03160893608561682,0.3925809601216035
PHASE1__Ma6_Kn0.8_FWD_hphs1.5_Tw1,7,FWD,6.0,0.8,1.5,1.0,0.11864406779661017,0.30972477994387154,0.035690398482322215,0.4234027317920847
PHASE1__Ma6_Kn0.8_FWD_hphs1.5_Tw1,8,FWD,6.0,0.8,1.5,1.0,0.13559322033898305,0.3123470101000683,0.03920520441112502,0.44932581913907416
PHASE1__Ma6_Kn0.8_FWD_hphs1.5_Tw1,9,FWD,6.0,0.8,1.5,1.0,0.15254237288135594,0.31705252870778644,0.043187477928637974,0.47897754807506376
PHASE1__Ma6_Kn0.8_FWD_hphs1.5_Tw1,10,FWD,6.0,0.8,1.5,1.0,0.1694915254237288,0.32160194006311577,0.047178710441690884,0.5029963118155042
PHASE1__Ma6_Kn0.8_FWD_hphs1.5_Tw1,11,FWD,6.0,0.8,1.5,1.0,0.1864406779661017,0.32748507726921094,0.05159933481240911,0.5298924319982311
PHASE1__Ma6_Kn0.8_FWD_hphs1.5_Tw1,12,FWD,6.0,0.8,1.5,1.0,0.2033898305084746,0.3314224490794606,0.05537139189885938,0.5553772276615238
PHASE1__Ma6_Kn0.8_FWD_hphs1.5_Tw1,13,FWD,6.0,0.8,1.5,1.0,0.22033898305084745,0.3388400214608214,0.059933760377584855,0.5798428212352034
PHASE1__Ma6_Kn0.8_FWD_hphs1.5_Tw1,14,FWD,6.0,0.8,1.5,1.0,0.23728813559322035,0.34508493102959525,0.06456716089237717,0.5944345190422575
PHASE1__Ma6_Kn0.8_FWD_hphs1.5_Tw1,15,FWD,6.0,0.8,1.5,1.0,0.2542372881355932,0.35379968034151976,0.06954484280720513,0.6162602432252141
PHASE1__Ma6_Kn0.8_FWD_hphs1.5_Tw1,16,FWD,6.0,0.8,1.5,1.0,0.2711864406779661,0.36124636796439746,0.07429854983353408,0.6260911320151404
PHASE1__Ma6_Kn0.8_FWD_hphs1.5_Tw1,17,FWD,6.0,0.8,1.5,1.0,0.288135593220339,0.3693484582580185,0.07939973790116295,0.6448949836655578
PHASE1__Ma6_Kn0.8_FWD_hphs1.5_Tw1,18,FWD,6.0,0.8,1.5,1.0,0.3050847457627119,0.3784547146473624,0.08463787061490267,0.6581616871331847
PHASE1__Ma6_Kn0.8_FWD_hphs1.5_Tw1,19,FWD,6.0,0.8,1.5,1.0,0.3220338983050847,0.3885285882122271,0.09038602614616735,0.6575039333798696
PHASE1__Ma6_Kn0.8_FWD_hphs1.5_Tw1,20,FWD,6.0,0.8,1.5,1.0,0.3389830508474576,0.39847051398042976,0.09610570487018,0.6667102723319928
PHASE1__Ma6_Kn0.8_FWD_hphs1.5_Tw1,21,FWD,6.0,0.8,1.5,1.0,0.3559322033898305,0.4091681970816257,0.10253794370374604,0.6717689679048892
PHASE1__Ma6_Kn0.8_FWD_hphs1.5_Tw1,22,FWD,6.0,0.8,1.5,1.0,0.3728813559322034,0.42030818406458975,0.10900313884233408,0.664248122945786
PHASE1__Ma6_Kn0.8_FWD_hphs1.5_Tw1,23,FWD,6.0,0.8,1.5,1.0,0.3898305084745763,0.43224357466686786,0.11584365190122121,0.6552470158138838
PHASE1__Ma6_Kn0.8_FWD_hphs1.5_Tw1,24,FWD,6.0,0.8,1.5,1.0,0.4067796610169492,0.4452196802850711,0.12356470623603602,0.6559069831614847
PHASE1__Ma6_Kn0.8_FWD_hphs1.5_Tw1,25,FWD,6.0,0.8,1.5,1.0,0.423728813559322,0.4586585324014266,0.13157180849987674,0.6349844054785914
PHASE1__Ma6_Kn0.8_FWD_hphs1.5_Tw1,26,FWD,6.0,0.8,1.5,1.0,0.4406779661016949,0.4702594074628717,0.13969025827971415,0.6111069955498791
PHASE1__Ma6_Kn0.8_FWD_hphs1.5_Tw1,27,FWD,6.0,0.8,1.5,1.0,0.4576271186440678,0.4862696929310753,0.1498001647824344,0.5869124091719309
PHASE1__Ma6_Kn0.8_FWD_hphs1.5_Tw1,28,FWD,6.0,0.8,1.5,1.0,0.4745762711864407,0.5042858326978296,0.1619104870035776,0.5603325167550068
PHASE1__Ma6_Kn0.8_FWD_hphs1.5_Tw1,29,FWD,6.0,0.8,1.5,1.0,0.4915254237288136,0.5258980145285392,0.177797345808941,0.5403826556802134
PHASE1__Ma6_Kn0.8_FWD_hphs1.5_Tw1,30,FWD,6.0,0.8,1.5,1.0,0.5084745762711864,-0.02582298912192898,0.0018363189165434102,0.07587227477860407
PHASE1__Ma6_Kn0.8_FWD_hphs1.5_Tw1,31,FWD,6.0,0.8,1.5,1.0,0.5254237288135594,-0.026469781114861902,0.001730276405762907,0.06932969857499742
PHASE1__Ma6_Kn0.8_FWD_hphs1.5_Tw1,32,FWD,6.0,0.8,1.5,1.0,0.5423728813559322,-0.026601543069556696,0.0016916567357031437,0.0656608043301329
PHASE1__Ma6_Kn0.8_FWD_hphs1.5_Tw1,33,FWD,6.0,0.8,1.5,1.0,0.559322033898305,-0.026683127693126533,0.001663944642713284,0.06268162203963774
PHASE1__Ma6_Kn0.8_FWD_hphs1.5_Tw1,34,FWD,6.0,0.8,1.5,1.0,0.576271186440678,-0.026754057377247613,0.001613873456568691,0.059144956762855104
PHASE1__Ma6_Kn0.8_FWD_hphs1.5_Tw1,35,FWD,6.0,0.8,1.5,1.0,0.5932203389830508,-0.026726057187533438,0.0015839792082365976,0.05697300757376251
PHASE1__Ma6_Kn0.8_FWD_hphs1.5_Tw1,36,FWD,6.0,0.8,1.5,1.0,0.6101694915254238,-0.02675108390577354,0.001564848553117515,0.05486978916380124
PHASE1__Ma6_Kn0.8_FWD_hphs1.5_Tw1,37,FWD,6.0,0.8,1.5,1.0,0.6271186440677966,-0.026646021247023016,0.0015641894270170752,0.053099476626422594
PHASE1__Ma6_Kn0.8_FWD_hphs1.5_Tw1,38,FWD,6.0,0.8,1.5,1.0,0.6440677966101694,-0.026595905863220436,0.001534637540300259,0.050999228064942316
PHASE1__Ma6_Kn0.8_FWD_hphs1.5_Tw1,39,FWD,6.0,0.8,1.5,1.0,0.6610169491525424,-0.026510480505663257,0.0015321802158092981,0.04985880624824465
PHASE1__Ma6_Kn0.8_FWD_hphs1.5_Tw1,40,FWD,6.0,0.8,1.5,1.0,0.6779661016949152,-0.026382621232278185,0.001536333350170323,0.0492002069922475
PHASE1__Ma6_Kn0.8_FWD_hphs1.5_Tw1,41,FWD,6.0,0.8,1.5,1.0,0.6949152542372882,-0.02625754958840005,0.0015334888690863853,0.04788739254229656
PHASE1__Ma6_Kn0.8_FWD_hphs1.5_Tw1,42,FWD,6.0,0.8,1.5,1.0,0.711864406779661,-0.026124177003323472,0.0015278447018962095,0.045994184846347694
PHASE1__Ma6_Kn0.8_FWD_hphs1.5_Tw1,43,FWD,6.0,0.8,1.5,1.0,0.7288135593220338,-0.026001335463050893,0.0015271247826117481,0.04509828055458435
PHASE1__Ma6_Kn0.8_FWD_hphs1.5_Tw1,44,FWD,6.0,0.8,1.5,1.0,0.7457627118644068,-0.02588952054616133,0.0015086212571804633,0.043035932916575655
PHASE1__Ma6_Kn0.8_FWD_hphs1.5_Tw1,45,FWD,6.0,0.8,1.5,1.0,0.7627118644067796,-0.02567146597139609,0.0015256145519350118,0.043048377995924536
PHASE1__Ma6_Kn0.8_FWD_hphs1.5_Tw1,46,FWD,6.0,0.8,1.5,1.0,0.7796610169491526,-0.025514987035073076,0.0015203223452839058,0.04187896480119823
PHASE1__Ma6_Kn0.8_FWD_hphs1.5_Tw1,47,FWD,6.0,0.8,1.5,1.0,0.7966101694915254,-0.025337879640398693,0.0015326121673799747,0.040876428806831934
PHASE1__Ma6_Kn0.8_FWD_hphs1.5_Tw1,48,FWD,6.0,0.8,1.5,1.0,0.8135593220338984,-0.02513308179262202,0.0015385027069474994,0.04038117121728888
PHASE1__Ma6_Kn0.8_FWD_hphs1.5_Tw1,49,FWD,6.0,0.8,1.5,1.0,0.8305084745762712,-0.024920850266160168,0.0015485751776474278,0.03956828126163683
PHASE1__Ma6_Kn0.8_FWD_hphs1.5_Tw1,50,FWD,6.0,0.8,1.5,1.0,0.847457627118644,-0.02470137090298027,0.001550542957024955,0.03880305030303675
PHASE1__Ma6_Kn0.8_FWD_hphs1.5_Tw1,51,FWD,6.0,0.8,1.5,1.0,0.864406779661017,-0.024504750101757292,0.0015500438129877287,0.038170331155231024
PHASE1__Ma6_Kn0.8_FWD_hphs1.5_Tw1,52,FWD,6.0,0.8,1.5,1.0,0.8813559322033898,-0.024305651407639257,0.0015507605326309257,0.03701180740493498
PHASE1__Ma6_Kn0.8_FWD_hphs1.5_Tw1,53,FWD,6.0,0.8,1.5,1.0,0.8983050847457628,-0.024055260330593485,0.0015597835209961726,0.036878871330071915
PHASE1__Ma6_Kn0.8_FWD_hphs1.5_Tw1,54,FWD,6.0,0.8,1.5,1.0,0.9152542372881356,-0.023809886986660214,0.0015676866349189245,0.036462526857309274
PHASE1__Ma6_Kn0.8_FWD_hphs1.5_Tw1,55,FWD,6.0,0.8,1.5,1.0,0.9322033898305084,-0.023565318957917837,0.0015731068272206014,0.035758814188672425
PHASE1__Ma6_Kn0.8_FWD_hphs1.5_Tw1,56,FWD,6.0,0.8,1.5,1.0,0.9491525423728814,-0.023346025436705067,0.001581345903476102,0.035896841432360035
PHASE1__Ma6_Kn0.8_FWD_hphs1.5_Tw1,57,FWD,6.0,0.8,1.5,1.0,0.9661016949152542,-0.023065218224372443,0.0015811539250002455,0.03538942160618057
PHASE1__Ma6_Kn0.8_FWD_hphs1.5_Tw1,58,FWD,6.0,0.8,1.5,1.0,0.9830508474576272,-0.02280355273465415,0.0015875980025064893,0.035368632666813685
PHASE1__Ma6_Kn0.8_FWD_hphs1.5_Tw1,59,FWD,6.0,0.8,1.5,1.0,1.0,-0.022551860763838475,0.00159242946081554,0.035943510479918346
PHASE1__Ma6_Kn0.8_ISO_hphs1.5_Tw1,0,ISO,6.0,0.8,1.5,1.0,0.0,0.24218857014257564,0.038630548840061764,0.28570337493764403
PHASE1__Ma6_Kn0.8_ISO_hphs1.5_Tw1,1,ISO,6.0,0.8,1.5,1.0,0.01694915254237288,0.24842914339878308,0.04476202139478623,0.2538338774329384
PHASE1__Ma6_Kn0.8_ISO_hphs1.5_Tw1,2,ISO,6.0,0.8,1.5,1.0,0.03389830508474576,0.25499246220457217,0.04939126237593499,0.22258848704719655
PHASE1__Ma6_Kn0.8_ISO_hphs1.5_Tw1,3,ISO,6.0,0.8,1.5,1.0,0.05084745762711865,0.26233941463842375,0.05392675386804057,0.18948895840098443
PHASE1__Ma6_Kn0.8_ISO_hphs1.5_Tw1,4,ISO,6.0,0.8,1.5,1.0,0.06779661016949153,0.27017451197260206,0.05799477777143601,0.15332091362723482
PHASE1__Ma6_Kn0.8_ISO_hphs1.5_Tw1,5,ISO,6.0,0.8,1.5,1.0,0.0847457627118644,0.27823323914055953,0.06215015188134609,0.12468335875953936
PHASE1__Ma6_Kn0.8_ISO_hphs1.5_Tw1,6,ISO,6.0,0.8,1.5,1.0,0.1016949152542373,0.28485478842938244,0.06551361477834883,0.08947263030184147
PHASE1__Ma6_Kn0.8_ISO_hphs1.5_Tw1,7,ISO,6.0,0.8,1.5,1.0,0.11864406779661017,0.2926359915930933,0.06954580269958442,0.054113622644672385
PHASE1__Ma6_Kn0.8_ISO_hphs1.5_Tw1,8,ISO,6.0,0.8,1.5,1.0,0.13559322033898305,0.2996527647986782,0.0730647681620308,0.010820150434924646
PHASE1__Ma6_Kn0.8_ISO_hphs1.5_Tw1,9,ISO,6.0,0.8,1.5,1.0,0.15254237288135594,0.3079772459796308,0.07679043045014912,0.0271798840065884
PHASE1__Ma6_Kn0.8_ISO_hphs1.5_Tw1,10,ISO,6.0,0.8,1.5,1.0,0.1694915254237288,0.31531242842223084,0.08020508760738022,0.0697972549280414
PHASE1__Ma6_Kn0.8_ISO_hphs1.5_Tw1,11,ISO,6.0,0.8,1.5,1.0,0.1864406779661017,0.32320451729299554,0.08377236765291708,0.11302195392329757
PHASE1__Ma6_Kn0.8_ISO_hphs1.5_Tw1,12,ISO,6.0,0.8,1.5,1.0,0.2033898305084746,0.32966376459719204,0.08688785835193875,0.16823946445352825
PHASE1__Ma6_Kn0.8_ISO_hphs1.5_Tw1,13,ISO,6.0,0.8,1.5,1.0,0.22033898305084745,0.3385631169297985,0.09081381818320051,0.2228341643986622
PHASE1__Ma6_Kn0.8_ISO_hphs1.5_Tw1,14,ISO,6.0,0.8,1.5,1.0,0.23728813559322035,0.3459974150882009,0.09403553697219601,0.27584968612577754
PHASE1__Ma6_Kn0.8_ISO_hphs1.5_Tw1,15,ISO,6.0,0.8,1.5,1.0,0.2542372881355932,0.3531517113494617,0.09766041056048978,0.33220991731132893
PHASE1__Ma6_Kn0.8_ISO_hphs1.5_Tw1,16,ISO,6.0,0.8,1.5,1.0,0.2711864406779661,0.360351848629281,0.10100115600451619,0.38518217908023733
PHASE1__Ma6_Kn0.8_ISO_hphs1.5_Tw1,17,ISO,6.0,0.8,1.5,1.0,0.288135593220339,0.3670161415705437,0.10439469552940309,0.45558301794513806
PHASE1__Ma6_Kn0.8_ISO_hphs1.5_Tw1,18,ISO,6.0,0.8,1.5,1.0,0.3050847457627119,0.37462451170482414,0.10829121866103356,0.5201535654881162
PHASE1__Ma6_Kn0.8_ISO_hphs1.5_Tw1,19,ISO,6.0,0.8,1.5,1.0,0.3220338983050847,0.3816555327945556,0.11172379380934458,0.58826491532727
PHASE1__Ma6_Kn0.8_ISO_hphs1.5_Tw1,20,ISO,6.0,0.8,1.5,1.0,0.3389830508474576,0.3882665510385745,0.11537746416901679,0.6671520425210433
PHASE1__Ma6_Kn0.8_ISO_hphs1.5_Tw1,21,ISO,6.0,0.8,1.5,1.0,0.3559322033898305,0.394715267297967,0.1189287460082323,0.7478290188706239
PHASE1__Ma6_Kn0.8_ISO_hphs1.5_Tw1,22,ISO,6.0,0.8,1.5,1.0,0.3728813559322034,0.4008158396056037,0.1228822227543668,0.8386793586806582
PHASE1__Ma6_Kn0.8_ISO_hphs1.5_Tw1,23,ISO,6.0,0.8,1.5,1.0,0.3898305084745763,0.40613773407096787,0.12625592450341522,0.9116887603875569
PHASE1__Ma6_Kn0.8_ISO_hphs1.5_Tw1,24,ISO,6.0,0.8,1.5,1.0,0.4067796610169492,0.41198989761587473,0.13032426837093708,1.0126994983197137
PHASE1__Ma6_Kn0.8_ISO_hphs1.5_Tw1,25,ISO,6.0,0.8,1.5,1.0,0.423728813559322,0.4167078056880682,0.13432893937729995,1.1278051402387737
PHASE1__Ma6_Kn0.8_ISO_hphs1.5_Tw1,26,ISO,6.0,0.8,1.5,1.0,0.4406779661016949,0.424072722845409,0.1394298074808024,1.248329977384185
PHASE1__Ma6_Kn0.8_ISO_hphs1.5_Tw1,27,ISO,6.0,0.8,1.5,1.0,0.4576271186440678,0.42734416094011135,0.14364405498997507,1.3741677572261692
PHASE1__Ma6_Kn0.8_ISO_hphs1.5_Tw1,28,ISO,6.0,0.8,1.5,1.0,0.4745762711864407,0.4326592412000141,0.14962962390304874,1.5209401314072162
PHASE1__Ma6_Kn0.8_ISO_hphs1.5_Tw1,29,ISO,6.0,0.8,1.5,1.0,0.4915254237288136,0.4375722833376935,0.15647429649557942,1.6973528503234088
PHASE1__Ma6_Kn0.8_ISO_hphs1.5_Tw1,30,ISO,6.0,0.8,1.5,1.0,0.5084745762711864,-0.028583268886041773,0.00045791985917755396,0.0005763418636373727
PHASE1__Ma6_Kn0.8_ISO_hphs1.5_Tw1,31,ISO,6.0,0.8,1.5,1.0,0.5254237288135594,-0.028496139977119236,0.0004473642426467206,0.003270658402416859
PHASE1__Ma6_Kn0.8_ISO_hphs1.5_Tw1,32,ISO,6.0,0.8,1.5,1.0,0.5423728813559322,-0.028377498465303786,0.0004422928112428494,0.004662041599224529
PHASE1__Ma6_Kn0.8_ISO_hphs1.5_Tw1,33,ISO,6.0,0.8,1.5,1.0,0.559322033898305,-0.028264048139103486,0.000437547743247934,0.006026077418827275
PHASE1__Ma6_Kn0.8_ISO_hphs1.5_Tw1,34,ISO,6.0,0.8,1.5,1.0,0.576271186440678,-0.028142811034480457,0.00043837645033538046,0.006347102360053759
PHASE1__Ma6_Kn0.8_ISO_hphs1.5_Tw1,35,ISO,6.0,0.8,1.5,1.0,0.5932203389830508,-0.02796191865840887,0.0004447981303527744,0.007072686969179394
PHASE1__Ma6_Kn0.8_ISO_hphs1.5_Tw1,36,ISO,6.0,0.8,1.5,1.0,0.6101694915254238,-0.027833681506357302,0.0004382004700658455,0.0079715232844733
PHASE1__Ma6_Kn0.8_ISO_hphs1.5_Tw1,37,ISO,6.0,0.8,1.5,1.0,0.6271186440677966,-0.027672847673271224,0.00044348627743442286,0.008286802367192064
PHASE1__Ma6_Kn0.8_ISO_hphs1.5_Tw1,38,ISO,6.0,0.8,1.5,1.0,0.6440677966101694,-0.02755815840062339,0.0004445165619215185,0.008629688133884098
PHASE1__Ma6_Kn0.8_ISO_hphs1.5_Tw1,39,ISO,6.0,0.8,1.5,1.0,0.6610169491525424,-0.027418473383396647,0.0004431407161778815,0.008895635685104241
PHASE1__Ma6_Kn0.8_ISO_hphs1.5_Tw1,40,ISO,6.0,0.8,1.5,1.0,0.6779661016949152,-0.02729796725717766,0.0004415376959044812,0.009116584025220193
PHASE1__Ma6_Kn0.8_ISO_hphs1.5_Tw1,41,ISO,6.0,0.8,1.5,1.0,0.6949152542372882,-0.027110006691622918,0.000452592456472541,0.009463675621200252
PHASE1__Ma6_Kn0.8_ISO_hphs1.5_Tw1,42,ISO,6.0,0.8,1.5,1.0,0.711864406779661,-0.027007236083800325,0.0004483753292862305,0.009616676101231651
PHASE1__Ma6_Kn0.8_ISO_hphs1.5_Tw1,43,ISO,6.0,0.8,1.5,1.0,0.7288135593220338,-0.02682622600781622,0.00045535694652487207,0.009107843489767488
PHASE1__Ma6_Kn0.8_ISO_hphs1.5_Tw1,44,ISO,6.0,0.8,1.5,1.0,0.7457627118644068,-0.026733676708185748,0.00045278123530713307,0.00941418597581862
PHASE1__Ma6_Kn0.8_ISO_hphs1.5_Tw1,45,ISO,6.0,0.8,1.5,1.0,0.7627118644067796,-0.02659249876048973,0.00045466902365305363,0.009206867052417994
PHASE1__Ma6_Kn0.8_ISO_hphs1.5_Tw1,46,ISO,6.0,0.8,1.5,1.0,0.7796610169491526,-0.026466993485354962,0.00045524495908062253,0.00904813020070998
PHASE1__Ma6_Kn0.8_ISO_hphs1.5_Tw1,47,ISO,6.0,0.8,1.5,1.0,0.7966101694915254,-0.026380948654574018,0.00045284522813241856,0.008609639293518632
PHASE1__Ma6_Kn0.8_ISO_hphs1.5_Tw1,48,ISO,6.0,0.8,1.5,1.0,0.8135593220338984,-0.026246708806984164,0.00045460503082776814,0.008455370740144987
PHASE1__Ma6_Kn0.8_ISO_hphs1.5_Tw1,49,ISO,6.0,0.8,1.5,1.0,0.8305084745762712,-0.02615013293139922,0.00045788786276491125,0.008024690658773084
PHASE1__Ma6_Kn0.8_ISO_hphs1.5_Tw1,50,ISO,6.0,0.8,1.5,1.0,0.847457627118644,-0.02602115860621137,0.00045876776411258604,0.007431564373999596
PHASE1__Ma6_Kn0.8_ISO_hphs1.5_Tw1,51,ISO,6.0,0.8,1.5,1.0,0.864406779661017,-0.02591454726440143,0.00045482260643373864,0.007043666747092739
PHASE1__Ma6_Kn0.8_ISO_hphs1.5_Tw1,52,ISO,6.0,0.8,1.5,1.0,0.8813559322033898,-0.025861334514480028,0.0004593500988226835,0.006246943539724046
PHASE1__Ma6_Kn0.8_ISO_hphs1.5_Tw1,53,ISO,6.0,0.8,1.5,1.0,0.8983050847457628,-0.025795546458116197,0.00045342756284251604,0.005719937318546419
PHASE1__Ma6_Kn0.8_ISO_hphs1.5_Tw1,54,ISO,6.0,0.8,1.5,1.0,0.9152542372881356,-0.025752059437807902,0.00045180854436279437,0.004970079066101464
PHASE1__Ma6_Kn0.8_ISO_hphs1.5_Tw1,55,ISO,6.0,0.8,1.5,1.0,0.9322033898305084,-0.025719165409625985,0.00044832733466726644,0.003737053247680584
PHASE1__Ma6_Kn0.8_ISO_hphs1.5_Tw1,56,ISO,6.0,0.8,1.5,1.0,0.9491525423728814,-0.02568236870013435,0.00045045509610800734,0.002710176942382914
PHASE1__Ma6_Kn0.8_ISO_hphs1.5_Tw1,57,ISO,6.0,0.8,1.5,1.0,0.9661016949152542,-0.025776218893534732,0.0004408721705215127,0.0015878852332445188
PHASE1__Ma6_Kn0.8_ISO_hphs1.5_Tw1,58,ISO,6.0,0.8,1.5,1.0,0.9830508474576272,-0.025803475715380386,0.00044253918362019835,7.087802656395e-05
PHASE1__Ma6_Kn0.8_ISO_hphs1.5_Tw1,59,ISO,6.0,0.8,1.5,1.0,1.0,-0.025976990165356935,0.00043254670395187684,0.0017148190585236681
PHASE1__Ma8_Kn0.1_BWD_hphs1.5_Tw1,0,BWD,8.0,0.1,1.5,1.0,0.0,1.7798394309127739,0.17651524955434722,0.8514400031487832
PHASE1__Ma8_Kn0.1_BWD_hphs1.5_Tw1,1,BWD,8.0,0.1,1.5,1.0,0.01694915254237288,1.805770580059572,0.2182350520350636,0.7015361939643598
PHASE1__Ma8_Kn0.1_BWD_hphs1.5_Tw1,2,BWD,8.0,0.1,1.5,1.0,0.03389830508474576,1.8455035926318524,0.24695215234603138,0.5472766070078274
PHASE1__Ma8_Kn0.1_BWD_hphs1.5_Tw1,3,BWD,8.0,0.1,1.5,1.0,0.05084745762711865,1.8982083745097693,0.2748866204037582,0.36951986171246604
PHASE1__Ma8_Kn0.1_BWD_hphs1.5_Tw1,4,BWD,8.0,0.1,1.5,1.0,0.06779661016949153,1.944067977265084,0.2966627389201407,0.2949271673650971
PHASE1__Ma8_Kn0.1_BWD_hphs1.5_Tw1,5,BWD,8.0,0.1,1.5,1.0,0.0847457627118644,1.999801983207211,0.31875274224454825,0.0748333934956848
PHASE1__Ma8_Kn0.1_BWD_hphs1.5_Tw1,6,BWD,8.0,0.1,1.5,1.0,0.1016949152542373,2.053919164035312,0.3403586398456715,0.08786070456819704
PHASE1__Ma8_Kn0.1_BWD_hphs1.5_Tw1,7,BWD,8.0,0.1,1.5,1.0,0.11864406779661017,2.105459336252551,0.3591821294033838,0.32452382879844127
PHASE1__Ma8_Kn0.1_BWD_hphs1.5_Tw1,8,BWD,8.0,0.1,1.5,1.0,0.13559322033898305,2.162072994172424,0.3797142273962173,0.49519112150562633
PHASE1__Ma8_Kn0.1_BWD_hphs1.5_Tw1,9,BWD,8.0,0.1,1.5,1.0,0.15254237288135594,2.2119777570789236,0.3978913894185466,0.7593252027636116
PHASE1__Ma8_Kn0.1_BWD_hphs1.5_Tw1,10,BWD,8.0,0.1,1.5,1.0,0.1694915254237288,2.2669188372946323,0.41683966498556557,0.9922546617678346
PHASE1__Ma8_Kn0.1_BWD_hphs1.5_Tw1,11,BWD,8.0,0.1,1.5,1.0,0.1864406779661017,2.321358144199091,0.43686941929990836,1.223460194439525
PHASE1__Ma8_Kn0.1_BWD_hphs1.5_Tw1,12,BWD,8.0,0.1,1.5,1.0,0.2033898305084746,2.372539021946546,0.452579657907484,1.4915851863705272
PHASE1__Ma8_Kn0.1_BWD_hphs1.5_Tw1,13,BWD,8.0,0.1,1.5,1.0,0.22033898305084745,2.427820812435325,0.4731085562590532,1.8311378626963073
PHASE1__Ma8_Kn0.1_BWD_hphs1.5_Tw1,14,BWD,8.0,0.1,1.5,1.0,0.23728813559322035,2.476567160413384,0.4895419137923543,2.089373259185634
PHASE1__Ma8_Kn0.1_BWD_hphs1.5_Tw1,15,BWD,8.0,0.1,1.5,1.0,0.2542372881355932,2.5276241435160864,0.5080518385061679,2.4381748922093345
PHASE1__Ma8_Kn0.1_BWD_hphs1.5_Tw1,16,BWD,8.0,0.1,1.5,1.0,0.2711864406779661,2.577039522575812,0.5260370220526409,2.7698928253995674
PHASE1__Ma8_Kn0.1_BWD_hphs1.5_Tw1,17,BWD,8.0,0.1,1.5,1.0,0.288135593220339,2.623685856325308,0.542294399316407,3.154063939618219
PHASE1__Ma8_Kn0.1_BWD_hphs1.5_Tw1,18,BWD,8.0,0.1,1.5,1.0,0.3050847457627119,2.666887918950672,0.560701935509764,3.5391118662455416
PHASE1__Ma8_Kn0.1_BWD_hphs1.5_Tw1,19,BWD,8.0,0.1,1.5,1.0,0.3220338983050847,2.7048058749773207,0.5768089296341092,3.889355997102862
PHASE1__Ma8_Kn0.1_BWD_hphs1.5_Tw1,20,BWD,8.0,0.1,1.5,1.0,0.3389830508474576,2.7435725093205274,0.5932518860912032,4.463710551189448
PHASE1__Ma8_Kn0.1_BWD_hphs1.5_Tw1,21,BWD,8.0,0.1,1.5,1.0,0.3559322033898305,2.7731771346842513,0.6112722656915832,4.828620076688577
PHASE1__Ma8_Kn0.1_BWD_hphs1.5_Tw1,22,BWD,8.0,0.1,1.5,1.0,0.3728813559322034,2.8027322021900742,0.6283519507602672,5.422080656002823
PHASE1__Ma8_Kn0.1_BWD_hphs1.5_Tw1,23,BWD,8.0,0.1,1.5,1.0,0.3898305084745763,2.826470416124745,0.6477417768217556,6.026968080901042
PHASE1__Ma8_Kn0.1_BWD_hphs1.5_Tw1,24,BWD,8.0,0.1,1.5,1.0,0.4067796610169492,2.8331607269414056,0.6626969000909629,6.668554347742845
PHASE1__Ma8_Kn0.1_BWD_hphs1.5_Tw1,25,BWD,8.0,0.1,1.5,1.0,0.423728813559322,2.8306766393141087,0.682128321488887,7.469819467912193
PHASE1__Ma8_Kn0.1_BWD_hphs1.5_Tw1,26,BWD,8.0,0.1,1.5,1.0,0.4406779661016949,2.811349074732644,0.6993935857508988,8.313369573596498
PHASE1__Ma8_Kn0.1_BWD_hphs1.5_Tw1,27,BWD,8.0,0.1,1.5,1.0,0.4576271186440678,2.759511555367998,0.7163164883976335,9.444570717867489
PHASE1__Ma8_Kn0.1_BWD_hphs1.5_Tw1,28,BWD,8.0,0.1,1.5,1.0,0.4745762711864407,2.6765393117769287,0.7425919424598353,10.915267969921764
PHASE1__Ma8_Kn0.1_BWD_hphs1.5_Tw1,29,BWD,8.0,0.1,1.5,1.0,0.4915254237288136,2.492277001368062,0.7817971468709604,13.353188303689873
PHASE1__Ma8_Kn0.1_BWD_hphs1.5_Tw1,30,BWD,8.0,0.1,1.5,1.0,0.5084745762711864,-0.0012167073587966233,0.003030530624531448,0.08887454872796823
PHASE1__Ma8_Kn0.1_BWD_hphs1.5_Tw1,31,BWD,8.0,0.1,1.5,1.0,0.5254237288135594,0.002093881443647713,0.0032633461218436726,0.10543353109049322
PHASE1__Ma8_Kn0.1_BWD_hphs1.5_Tw1,32,BWD,8.0,0.1,1.5,1.0,0.5423728813559322,0.0055755068031735225,0.0034409902048360553,0.11172962591188607
PHASE1__Ma8_Kn0.1_BWD_hphs1.5_Tw1,33,BWD,8.0,0.1,1.5,1.0,0.559322033898305,0.00871927146645797,0.0035685918984552233,0.11380822264072135
PHASE1__Ma8_Kn0.1_BWD_hphs1.5_Tw1,34,BWD,8.0,0.1,1.5,1.0,0.576271186440678,0.012013692017762038,0.003686786646757431,0.11380831750909069
PHASE1__Ma8_Kn0.1_BWD_hphs1.5_Tw1,35,BWD,8.0,0.1,1.5,1.0,0.5932203389830508,0.01506106664742866,0.0037970142883116025,0.11267720241273299
PHASE1__Ma8_Kn0.1_BWD_hphs1.5_Tw1,36,BWD,8.0,0.1,1.5,1.0,0.6101694915254238,0.01757711909307215,0.0038544798454179276,0.10861680627439751
PHASE1__Ma8_Kn0.1_BWD_hphs1.5_Tw1,37,BWD,8.0,0.1,1.5,1.0,0.6271186440677966,0.020411890512342663,0.003975202310318911,0.10700303273874999
PHASE1__Ma8_Kn0.1_BWD_hphs1.5_Tw1,38,BWD,8.0,0.1,1.5,1.0,0.6440677966101694,0.023184900451203822,0.004033979720343588,0.1013417335348572
PHASE1__Ma8_Kn0.1_BWD_hphs1.5_Tw1,39,BWD,8.0,0.1,1.5,1.0,0.6610169491525424,0.025486305424812762,0.004066840036127661,0.09660176392726999
PHASE1__Ma8_Kn0.1_BWD_hphs1.5_Tw1,40,BWD,8.0,0.1,1.5,1.0,0.6779661016949152,0.027817692902451934,0.004137040165465789,0.09017351752244114
PHASE1__Ma8_Kn0.1_BWD_hphs1.5_Tw1,41,BWD,8.0,0.1,1.5,1.0,0.6949152542372882,0.03033678076689186,0.004168876596045296,0.08280550544257309
PHASE1__Ma8_Kn0.1_BWD_hphs1.5_Tw1,42,BWD,8.0,0.1,1.5,1.0,0.711864406779661,0.03244546762058755,0.004161485424724828,0.07439688265310584
PHASE1__Ma8_Kn0.1_BWD_hphs1.5_Tw1,43,BWD,8.0,0.1,1.5,1.0,0.7288135593220338,0.034400525114789554,0.00417844352342547,0.06526099924732995
PHASE1__Ma8_Kn0.1_BWD_hphs1.5_Tw1,44,BWD,8.0,0.1,1.5,1.0,0.7457627118644068,0.03614929802547784,0.004152078479407868,0.05832925499344219
PHASE1__Ma8_Kn0.1_BWD_hphs1.5_Tw1,45,BWD,8.0,0.1,1.5,1.0,0.7627118644067796,0.03782745098865692,0.0041433114623437624,0.04788415701356765
PHASE1__Ma8_Kn0.1_BWD_hphs1.5_Tw1,46,BWD,8.0,0.1,1.5,1.0,0.7796610169491526,0.03947710818354283,0.004105811666726494,0.03812030851003176
PHASE1__Ma8_Kn0.1_BWD_hphs1.5_Tw1,47,BWD,8.0,0.1,1.5,1.0,0.7966101694915254,0.04063366469231188,0.004035867508689508,0.02806858522198082
PHASE1__Ma8_Kn0.1_BWD_hphs1.5_Tw1,48,BWD,8.0,0.1,1.5,1.0,0.8135593220338984,0.04155729926894533,0.003957988240317127,0.017297655638845978
PHASE1__Ma8_Kn0.1_BWD_hphs1.5_Tw1,49,BWD,8.0,0.1,1.5,1.0,0.8305084745762712,0.04252058013189973,0.003865198643653239,0.00814657748890907
PHASE1__Ma8_Kn0.1_BWD_hphs1.5_Tw1,50,BWD,8.0,0.1,1.5,1.0,0.847457627118644,0.04315739860593004,0.0037651458613194534,0.004377275333652202
PHASE1__Ma8_Kn0.1_BWD_hphs1.5_Tw1,51,BWD,8.0,0.1,1.5,1.0,0.864406779661017,0.04380970391055447,0.0036598136708996185,0.01225192224201574
PHASE1__Ma8_Kn0.1_BWD_hphs1.5_Tw1,52,BWD,8.0,0.1,1.5,1.0,0.8813559322033898,0.04404820110170396,0.0035189014696210786,0.02113160423630918
PHASE1__Ma8_Kn0.1_BWD_hphs1.5_Tw1,53,BWD,8.0,0.1,1.5,1.0,0.8983050847457628,0.04426377778357414,0.003379909053101102,0.0306528997187607
PHASE1__Ma8_Kn0.1_BWD_hphs1.5_Tw1,54,BWD,8.0,0.1,1.5,1.0,0.9152542372881356,0.04404510373558513,0.003197382317539441,0.03759094322971958
PHASE1__Ma8_Kn0.1_BWD_hphs1.5_Tw1,55,BWD,8.0,0.1,1.5,1.0,0.9322033898305084,0.0441374052459261,0.0030200965943686566,0.0426957131882113
PHASE1__Ma8_Kn0.1_BWD_hphs1.5_Tw1,56,BWD,8.0,0.1,1.5,1.0,0.9491525423728814,0.043720499766332334,0.0027943043096315093,0.047709188190641016
PHASE1__Ma8_Kn0.1_BWD_hphs1.5_Tw1,57,BWD,8.0,0.1,1.5,1.0,0.9661016949152542,0.043314744804766325,0.0025707453744968235,0.05274037194796791
PHASE1__Ma8_Kn0.1_BWD_hphs1.5_Tw1,58,BWD,8.0,0.1,1.5,1.0,0.9830508474576272,0.042779519939433464,0.0022944851480983133,0.053618536454196515
PHASE1__Ma8_Kn0.1_BWD_hphs1.5_Tw1,59,BWD,8.0,0.1,1.5,1.0,1.0,0.042547217480521635,0.00192945407446384,0.047720129671345195
PHASE1__Ma8_Kn0.1_FWD_hphs1.5_Tw1,0,FWD,8.0,0.1,1.5,1.0,0.0,2.9370587760312534,0.0038582554221097687,0.006527054932586365
PHASE1__Ma8_Kn0.1_FWD_hphs1.5_Tw1,1,FWD,8.0,0.1,1.5,1.0,0.01694915254237288,2.9328897212353158,0.010868733424955042,0.06095944781451026
PHASE1__Ma8_Kn0.1_FWD_hphs1.5_Tw1,2,FWD,8.0,0.1,1.5,1.0,0.03389830508474576,2.9250657744191653,0.01879402086166833,0.11941181027725022
PHASE1__Ma8_Kn0.1_FWD_hphs1.5_Tw1,3,FWD,8.0,0.1,1.5,1.0,0.05084745762711865,2.918858652717041,0.028799299095046926,0.1793528149485254
PHASE1__Ma8_Kn0.1_FWD_hphs1.5_Tw1,4,FWD,8.0,0.1,1.5,1.0,0.06779661016949153,2.9207976039074253,0.03986177079855364,0.20250919394805264
PHASE1__Ma8_Kn0.1_FWD_hphs1.5_Tw1,5,FWD,8.0,0.1,1.5,1.0,0.0847457627118644,2.9138223354078323,0.053355617902368015,0.25981266931395014
PHASE1__Ma8_Kn0.1_FWD_hphs1.5_Tw1,6,FWD,8.0,0.1,1.5,1.0,0.1016949152542373,2.904022269007872,0.06500359196082386,0.33072238190059045
PHASE1__Ma8_Kn0.1_FWD_hphs1.5_Tw1,7,FWD,8.0,0.1,1.5,1.0,0.11864406779661017,2.902399249161608,0.08189673794380083,0.4807420990094377
PHASE1__Ma8_Kn0.1_FWD_hphs1.5_Tw1,8,FWD,8.0,0.1,1.5,1.0,0.13559322033898305,2.896619563983881,0.09773976166384372,0.6449326147699463
PHASE1__Ma8_Kn0.1_FWD_hphs1.5_Tw1,9,FWD,8.0,0.1,1.5,1.0,0.15254237288135594,2.8922708619530515,0.11677090793960725,0.7587641750194852
PHASE1__Ma8_Kn0.1_FWD_hphs1.5_Tw1,10,FWD,8.0,0.1,1.5,1.0,0.1694915254237288,2.8979018735570747,0.1366915544868384,1.0697144158493892
PHASE1__Ma8_Kn0.1_FWD_hphs1.5_Tw1,11,FWD,8.0,0.1,1.5,1.0,0.1864406779661017,2.9041647478493378,0.15822674001602122,1.2520927715728576
PHASE1__Ma8_Kn0.1_FWD_hphs1.5_Tw1,12,FWD,8.0,0.1,1.5,1.0,0.2033898305084746,2.8999213562665482,0.17966913594854014,1.5129285009543578
PHASE1__Ma8_Kn0.1_FWD_hphs1.5_Tw1,13,FWD,8.0,0.1,1.5,1.0,0.22033898305084745,2.9151170344455006,0.20459306154071344,1.6940957043334357
PHASE1__Ma8_Kn0.1_FWD_hphs1.5_Tw1,14,FWD,8.0,0.1,1.5,1.0,0.23728813559322035,2.93451274108158,0.23027626200489848,1.99508065957269
PHASE1__Ma8_Kn0.1_FWD_hphs1.5_Tw1,15,FWD,8.0,0.1,1.5,1.0,0.2542372881355932,2.9519323281338488,0.256990386884432,2.233147673574007
PHASE1__Ma8_Kn0.1_FWD_hphs1.5_Tw1,16,FWD,8.0,0.1,1.5,1.0,0.2711864406779661,2.9849254720315668,0.2911260796764444,2.5067906274804845
PHASE1__Ma8_Kn0.1_FWD_hphs1.5_Tw1,17,FWD,8.0,0.1,1.5,1.0,0.288135593220339,3.0233080329760393,0.32137516822474566,2.8030637890058796
PHASE1__Ma8_Kn0.1_FWD_hphs1.5_Tw1,18,FWD,8.0,0.1,1.5,1.0,0.3050847457627119,3.0719304863093457,0.36100272528275457,3.053621483537375
PHASE1__Ma8_Kn0.1_FWD_hphs1.5_Tw1,19,FWD,8.0,0.1,1.5,1.0,0.3220338983050847,3.1249140311379566,0.39512369972495137,3.2113056130178577
PHASE1__Ma8_Kn0.1_FWD_hphs1.5_Tw1,20,FWD,8.0,0.1,1.5,1.0,0.3389830508474576,3.2064305126531787,0.448733689107829,3.5534387576261954
PHASE1__Ma8_Kn0.1_FWD_hphs1.5_Tw1,21,FWD,8.0,0.1,1.5,1.0,0.3559322033898305,3.2821920879196247,0.4922488103019284,3.703257986327715
PHASE1__Ma8_Kn0.1_FWD_hphs1.5_Tw1,22,FWD,8.0,0.1,1.5,1.0,0.3728813559322034,3.3901414918928947,0.5568751645576946,3.8213817060456026
PHASE1__Ma8_Kn0.1_FWD_hphs1.5_Tw1,23,FWD,8.0,0.1,1.5,1.0,0.3898305084745763,3.4941572408952575,0.6164364866921181,3.7928042028293527
PHASE1__Ma8_Kn0.1_FWD_hphs1.5_Tw1,24,FWD,8.0,0.1,1.5,1.0,0.4067796610169492,3.636090945924269,0.7006830411804004,3.8464048091692065
PHASE1__Ma8_Kn0.1_FWD_hphs1.5_Tw1,25,FWD,8.0,0.1,1.5,1.0,0.423728813559322,3.7718608923768207,0.784862403202133,3.69582979610804
PHASE1__Ma8_Kn0.1_FWD_hphs1.5_Tw1,26,FWD,8.0,0.1,1.5,1.0,0.4406779661016949,3.9533665469399333,0.9014861276435836,3.155405082129551
PHASE1__Ma8_Kn0.1_FWD_hphs1.5_Tw1,27,FWD,8.0,0.1,1.5,1.0,0.4576271186440678,4.136662479119726,1.0338616860290455,2.6522228283884823
PHASE1__Ma8_Kn0.1_FWD_hphs1.5_Tw1,28,FWD,8.0,0.1,1.5,1.0,0.4745762711864407,4.366152529595668,1.2277343495138155,1.4614570561631293
PHASE1__Ma8_Kn0.1_FWD_hphs1.5_Tw1,29,FWD,8.0,0.1,1.5,1.0,0.4915254237288136,4.676719235597958,1.569868790261158,0.17928001931682183
PHASE1__Ma8_Kn0.1_FWD_hphs1.5_Tw1,30,FWD,8.0,0.1,1.5,1.0,0.5084745762711864,0.0725514030735741,0.03870510048151931,1.2460494276713103
PHASE1__Ma8_Kn0.1_FWD_hphs1.5_Tw1,31,FWD,8.0,0.1,1.5,1.0,0.5254237288135594,0.050224349142639915,0.03557425150442913,1.170640732098452
PHASE1__Ma8_Kn0.1_FWD_hphs1.5_Tw1,32,FWD,8.0,0.1,1.5,1.0,0.5423728813559322,0.0464418456383315,0.034352628469730084,1.1308801177923324
PHASE1__Ma8_Kn0.1_FWD_hphs1.5_Tw1,33,FWD,8.0,0.1,1.5,1.0,0.559322033898305,0.043688287158696555,0.03304461512089568,1.0821293478702072
PHASE1__Ma8_Kn0.1_FWD_hphs1.5_Tw1,34,FWD,8.0,0.1,1.5,1.0,0.576271186440678,0.041606857126846516,0.031769590073495925,1.0318342567379706
PHASE1__Ma8_Kn0.1_FWD_hphs1.5_Tw1,35,FWD,8.0,0.1,1.5,1.0,0.5932203389830508,0.04084180769549688,0.031192278800183326,1.0034085641342712
PHASE1__Ma8_Kn0.1_FWD_hphs1.5_Tw1,36,FWD,8.0,0.1,1.5,1.0,0.6101694915254238,0.04018454660508233,0.03029765910269287,0.9667196216856261
PHASE1__Ma8_Kn0.1_FWD_hphs1.5_Tw1,37,FWD,8.0,0.1,1.5,1.0,0.6271186440677966,0.040259502865157885,0.029930788235331438,0.93979158124448
PHASE1__Ma8_Kn0.1_FWD_hphs1.5_Tw1,38,FWD,8.0,0.1,1.5,1.0,0.6440677966101694,0.040651629415801055,0.029582987229905072,0.9152422480152455
PHASE1__Ma8_Kn0.1_FWD_hphs1.5_Tw1,39,FWD,8.0,0.1,1.5,1.0,0.6610169491525424,0.04113543800356144,0.02920907715176224,0.8900565186829429
PHASE1__Ma8_Kn0.1_FWD_hphs1.5_Tw1,40,FWD,8.0,0.1,1.5,1.0,0.6779661016949152,0.042217038252254944,0.029002668293804053,0.8658084129424938
PHASE1__Ma8_Kn0.1_FWD_hphs1.5_Tw1,41,FWD,8.0,0.1,1.5,1.0,0.6949152542372882,0.04356501198716734,0.028841054413545675,0.8443986338217276
PHASE1__Ma8_Kn0.1_FWD_hphs1.5_Tw1,42,FWD,8.0,0.1,1.5,1.0,0.711864406779661,0.04539245799727376,0.02880077093002849,0.824803290701486
PHASE1__Ma8_Kn0.1_FWD_hphs1.5_Tw1,43,FWD,8.0,0.1,1.5,1.0,0.7288135593220338,0.04755813638755583,0.028737993968423473,0.8021193051610216
PHASE1__Ma8_Kn0.1_FWD_hphs1.5_Tw1,44,FWD,8.0,0.1,1.5,1.0,0.7457627118644068,0.049931957781022884,0.028794019686960878,0.7829991377977374
PHASE1__Ma8_Kn0.1_FWD_hphs1.5_Tw1,45,FWD,8.0,0.1,1.5,1.0,0.7627118644067796,0.05285525192396941,0.02898810992605162,0.766710225986324
PHASE1__Ma8_Kn0.1_FWD_hphs1.5_Tw1,46,FWD,8.0,0.1,1.5,1.0,0.7796610169491526,0.05610500845584002,0.029132637721958784,0.7469027508317265
PHASE1__Ma8_Kn0.1_FWD_hphs1.5_Tw1,47,FWD,8.0,0.1,1.5,1.0,0.7966101694915254,0.05970662577880911,0.029467384191026923,0.7297129849810815
PHASE1__Ma8_Kn0.1_FWD_hphs1.5_Tw1,48,FWD,8.0,0.1,1.5,1.0,0.8135593220338984,0.06348665139022247,0.02952769742885845,0.7065000835682894
PHASE1__Ma8_Kn0.1_FWD_hphs1.5_Tw1,49,FWD,8.0,0.1,1.5,1.0,0.8305084745762712,0.06779446818828352,0.029930564260442938,0.6879569153384534
PHASE1__Ma8_Kn0.1_FWD_hphs1.5_Tw1,50,FWD,8.0,0.1,1.5,1.0,0.847457627118644,0.07242131369658349,0.03019111104859261,0.6692426272675702
PHASE1__Ma8_Kn0.1_FWD_hphs1.5_Tw1,51,FWD,8.0,0.1,1.5,1.0,0.864406779661017,0.07769612819694154,0.030558429865731037,0.6501988274366542
PHASE1__Ma8_Kn0.1_FWD_hphs1.5_Tw1,52,FWD,8.0,0.1,1.5,1.0,0.8813559322033898,0.08351979597355527,0.030940083075733402,0.6302711441292549
PHASE1__Ma8_Kn0.1_FWD_hphs1.5_Tw1,53,FWD,8.0,0.1,1.5,1.0,0.8983050847457628,0.08948222575229235,0.031319656518913996,0.609173906205773
PHASE1__Ma8_Kn0.1_FWD_hphs1.5_Tw1,54,FWD,8.0,0.1,1.5,1.0,0.9152542372881356,0.095967490931887,0.03162854988656682,0.5886352826394285
PHASE1__Ma8_Kn0.1_FWD_hphs1.5_Tw1,55,FWD,8.0,0.1,1.5,1.0,0.9322033898305084,0.10329462022257813,0.03185329268896928,0.5669200333891897
PHASE1__Ma8_Kn0.1_FWD_hphs1.5_Tw1,56,FWD,8.0,0.1,1.5,1.0,0.9491525423728814,0.11099405292075194,0.03214935549515237,0.5486314236005808
PHASE1__Ma8_Kn0.1_FWD_hphs1.5_Tw1,57,FWD,8.0,0.1,1.5,1.0,0.9661016949152542,0.11957004023055309,0.03238644891283493,0.5285227209571978
PHASE1__Ma8_Kn0.1_FWD_hphs1.5_Tw1,58,FWD,8.0,0.1,1.5,1.0,0.9830508474576272,0.129353380853472,0.032435723388304714,0.5146436290560683
PHASE1__Ma8_Kn0.1_FWD_hphs1.5_Tw1,59,FWD,8.0,0.1,1.5,1.0,1.0,0.13933247501510065,0.03187396237153648,0.4997463033900301
PHASE1__Ma8_Kn0.1_ISO_hphs1.5_Tw1,0,ISO,8.0,0.1,1.5,1.0,0.0,2.4068082806852202,0.060099501795074145,0.6004953404057354
PHASE1__Ma8_Kn0.1_ISO_hphs1.5_Tw1,1,ISO,8.0,0.1,1.5,1.0,0.01694915254237288,2.3937373956637806,0.09362886256750703,0.7335620869790096
PHASE1__Ma8_Kn0.1_ISO_hphs1.5_Tw1,2,ISO,8.0,0.1,1.5,1.0,0.03389830508474576,2.3870780585083082,0.12112977923392503,0.8409729586675186
PHASE1__Ma8_Kn0.1_ISO_hphs1.5_Tw1,3,ISO,8.0,0.1,1.5,1.0,0.05084745762711865,2.4004648748738675,0.14828385478729592,1.0509693825630697
PHASE1__Ma8_Kn0.1_ISO_hphs1.5_Tw1,4,ISO,8.0,0.1,1.5,1.0,0.06779661016949153,2.4013940847095148,0.16946611988502952,1.148960461558186
PHASE1__Ma8_Kn0.1_ISO_hphs1.5_Tw1,5,ISO,8.0,0.1,1.5,1.0,0.0847457627118644,2.421465017159497,0.19477400242891546,1.3302329687825363
PHASE1__Ma8_Kn0.1_ISO_hphs1.5_Tw1,6,ISO,8.0,0.1,1.5,1.0,0.1016949152542373,2.44322091677812,0.2144885920787275,1.4170166195214509
PHASE1__Ma8_Kn0.1_ISO_hphs1.5_Tw1,7,ISO,8.0,0.1,1.5,1.0,0.11864406779661017,2.468167103499132,0.23991774102652938,1.5864723275859556
PHASE1__Ma8_Kn0.1_ISO_hphs1.5_Tw1,8,ISO,8.0,0.1,1.5,1.0,0.13559322033898305,2.4958451671369475,0.25973759887393594,1.589128640820497
PHASE1__Ma8_Kn0.1_ISO_hphs1.5_Tw1,9,ISO,8.0,0.1,1.5,1.0,0.15254237288135594,2.5449322253880773,0.28764167033965216,1.747253591800858
PHASE1__Ma8_Kn0.1_ISO_hphs1.5_Tw1,10,ISO,8.0,0.1,1.5,1.0,0.1694915254237288,2.577243948739654,0.30638740861464264,1.6943584896072024
PHASE1__Ma8_Kn0.1_ISO_hphs1.5_Tw1,11,ISO,8.0,0.1,1.5,1.0,0.1864406779661017,2.6337151278180615,0.3367590434233655,1.7815532364417292
PHASE1__Ma8_Kn0.1_ISO_hphs1.5_Tw1,12,ISO,8.0,0.1,1.5,1.0,0.2033898305084746,2.675969396411065,0.35684639128046525,1.6769346559269982
PHASE1__Ma8_Kn0.1_ISO_hphs1.5_Tw1,13,ISO,8.0,0.1,1.5,1.0,0.22033898305084745,2.741410547769588,0.387802920512297,1.6258958107197399
PHASE1__Ma8_Kn0.1_ISO_hphs1.5_Tw1,14,ISO,8.0,0.1,1.5,1.0,0.23728813559322035,2.790429463966104,0.4116082515184808,1.5380050465720194
PHASE1__Ma8_Kn0.1_ISO_hphs1.5_Tw1,15,ISO,8.0,0.1,1.5,1.0,0.2542372881355932,2.8575431930287922,0.4439214286463639,1.3735669244707374
PHASE1__Ma8_Kn0.1_ISO_hphs1.5_Tw1,16,ISO,8.0,0.1,1.5,1.0,0.2711864406779661,2.9247684272717582,0.4728781820880256,1.2640999398485075
PHASE1__Ma8_Kn0.1_ISO_hphs1.5_Tw1,17,ISO,8.0,0.1,1.5,1.0,0.288135593220339,2.9834944888846695,0.5006734657507567,0.9351161782051468
PHASE1__Ma8_Kn0.1_ISO_hphs1.5_Tw1,18,ISO,8.0,0.1,1.5,1.0,0.3050847457627119,3.0596896954077515,0.5371109804682863,0.8157610675663555
PHASE1__Ma8_Kn0.1_ISO_hphs1.5_Tw1,19,ISO,8.0,0.1,1.5,1.0,0.3220338983050847,3.1233963217397327,0.5666372700549885,0.3932712853349453
PHASE1__Ma8_Kn0.1_ISO_hphs1.5_Tw1,20,ISO,8.0,0.1,1.5,1.0,0.3389830508474576,3.2068207807841502,0.608635761289823,0.07235607514231268
PHASE1__Ma8_Kn0.1_ISO_hphs1.5_Tw1,21,ISO,8.0,0.1,1.5,1.0,0.3559322033898305,3.2797389739535157,0.6405681811072578,0.4248225944614999
PHASE1__Ma8_Kn0.1_ISO_hphs1.5_Tw1,22,ISO,8.0,0.1,1.5,1.0,0.3728813559322034,3.3621722758399097,0.689855455142104,0.9628208927858805
PHASE1__Ma8_Kn0.1_ISO_hphs1.5_Tw1,23,ISO,8.0,0.1,1.5,1.0,0.3898305084745763,3.4283567950669505,0.7261457863614771,1.610980611908163
PHASE1__Ma8_Kn0.1_ISO_hphs1.5_Tw1,24,ISO,8.0,0.1,1.5,1.0,0.4067796610169492,3.504911296059816,0.7806260781682367,2.4333830950158672
PHASE1__Ma8_Kn0.1_ISO_hphs1.5_Tw1,25,ISO,8.0,0.1,1.5,1.0,0.423728813559322,3.561952390504087,0.8258850038513644,3.4052670755757175
PHASE1__Ma8_Kn0.1_ISO_hphs1.5_Tw1,26,ISO,8.0,0.1,1.5,1.0,0.4406779661016949,3.62707761051849,0.8936726036762315,4.537362477915997
PHASE1__Ma8_Kn0.1_ISO_hphs1.5_Tw1,27,ISO,8.0,0.1,1.5,1.0,0.4576271186440678,3.6711469356571245,0.953822659803281,6.1211671080685255
PHASE1__Ma8_Kn0.1_ISO_hphs1.5_Tw1,28,ISO,8.0,0.1,1.5,1.0,0.4745762711864407,3.681442580636097,1.0445164914390712,8.24777986086559
PHASE1__Ma8_Kn0.1_ISO_hphs1.5_Tw1,29,ISO,8.0,0.1,1.5,1.0,0.4915254237288136,3.661551295421006,1.1727709118761507,11.52976870413713
PHASE1__Ma8_Kn0.1_ISO_hphs1.5_Tw1,30,ISO,8.0,0.1,1.5,1.0,0.5084745762711864,0.004191417779315626,0.009738492144763597,0.296938947464222
PHASE1__Ma8_Kn0.1_ISO_hphs1.5_Tw1,31,ISO,8.0,0.1,1.5,1.0,0.5254237288135594,0.0016583917673409887,0.008882524113745547,0.23520603815684663
PHASE1__Ma8_Kn0.1_ISO_hphs1.5_Tw1,32,ISO,8.0,0.1,1.5,1.0,0.5423728813559322,0.0019352962983639002,0.008635351826080532,0.20315844117427168
PHASE1__Ma8_Kn0.1_ISO_hphs1.5_Tw1,33,ISO,8.0,0.1,1.5,1.0,0.559322033898305,0.0031241273620910997,0.00855980829583107,0.18137344712785275
PHASE1__Ma8_Kn0.1_ISO_hphs1.5_Tw1,34,ISO,8.0,0.1,1.5,1.0,0.576271186440678,0.004647659808618473,0.00852557213430336,0.16352457170777118
PHASE1__Ma8_Kn0.1_ISO_hphs1.5_Tw1,35,ISO,8.0,0.1,1.5,1.0,0.5932203389830508,0.006609407613637131,0.008620665472677523,0.1506256411319467
PHASE1__Ma8_Kn0.1_ISO_hphs1.5_Tw1,36,ISO,8.0,0.1,1.5,1.0,0.6101694915254238,0.00865342146277176,0.008697008913243055,0.13641752760481332
PHASE1__Ma8_Kn0.1_ISO_hphs1.5_Tw1,37,ISO,8.0,0.1,1.5,1.0,0.6271186440677966,0.011136146248976693,0.008881948178317976,0.12741762213842323
PHASE1__Ma8_Kn0.1_ISO_hphs1.5_Tw1,38,ISO,8.0,0.1,1.5,1.0,0.6440677966101694,0.013617941825345972,0.009082597682000475,0.11815113666524753
PHASE1__Ma8_Kn0.1_ISO_hphs1.5_Tw1,39,ISO,8.0,0.1,1.5,1.0,0.6610169491525424,0.01631091582369671,0.009258066008933152,0.10844392455476701
PHASE1__Ma8_Kn0.1_ISO_hphs1.5_Tw1,40,ISO,8.0,0.1,1.5,1.0,0.6779661016949152,0.019183784846228766,0.009461083247151211,0.10042350297066917
PHASE1__Ma8_Kn0.1_ISO_hphs1.5_Tw1,41,ISO,8.0,0.1,1.5,1.0,0.6949152542372882,0.02227018628899258,0.009680514645054986,0.0933106866979876
PHASE1__Ma8_Kn0.1_ISO_hphs1.5_Tw1,42,ISO,8.0,0.1,1.5,1.0,0.711864406779661,0.025030373132121808,0.009793206010382647,0.08203052605640171
PHASE1__Ma8_Kn0.1_ISO_hphs1.5_Tw1,43,ISO,8.0,0.1,1.5,1.0,0.7288135593220338,0.028437475862828705,0.010092884411194363,0.08106426049456072
PHASE1__Ma8_Kn0.1_ISO_hphs1.5_Tw1,44,ISO,8.0,0.1,1.5,1.0,0.7457627118644068,0.03161661244719012,0.010281727238611697,0.07359379061850259
PHASE1__Ma8_Kn0.1_ISO_hphs1.5_Tw1,45,ISO,8.0,0.1,1.5,1.0,0.7627118644067796,0.035058405678427856,0.01050781389034516,0.06729643088604328
PHASE1__Ma8_Kn0.1_ISO_hphs1.5_Tw1,46,ISO,8.0,0.1,1.5,1.0,0.7796610169491526,0.0385900225271115,0.010781511204090988,0.06666988881324162
PHASE1__Ma8_Kn0.1_ISO_hphs1.5_Tw1,47,ISO,8.0,0.1,1.5,1.0,0.7966101694915254,0.04244934071116677,0.011052232851461043,0.06451131808241094
PHASE1__Ma8_Kn0.1_ISO_hphs1.5_Tw1,48,ISO,8.0,0.1,1.5,1.0,0.8135593220338984,0.04595308126478099,0.011129696166469067,0.060936552924250646
PHASE1__Ma8_Kn0.1_ISO_hphs1.5_Tw1,49,ISO,8.0,0.1,1.5,1.0,0.8305084745762712,0.049655053249999984,0.011303308701468468,0.05733927234915002
PHASE1__Ma8_Kn0.1_ISO_hphs1.5_Tw1,50,ISO,8.0,0.1,1.5,1.0,0.847457627118644,0.05359861979248728,0.011461562958399361,0.05933476442103735
PHASE1__Ma8_Kn0.1_ISO_hphs1.5_Tw1,51,ISO,8.0,0.1,1.5,1.0,0.864406779661017,0.057325370706656865,0.011581549505809563,0.057241874197216845
PHASE1__Ma8_Kn0.1_ISO_hphs1.5_Tw1,52,ISO,8.0,0.1,1.5,1.0,0.8813559322033898,0.06090158962745158,0.01167856262894229,0.05891965223259553
PHASE1__Ma8_Kn0.1_ISO_hphs1.5_Tw1,53,ISO,8.0,0.1,1.5,1.0,0.8983050847457628,0.06494984714475514,0.01174537113854029,0.06396844987648208
PHASE1__Ma8_Kn0.1_ISO_hphs1.5_Tw1,54,ISO,8.0,0.1,1.5,1.0,0.9152542372881356,0.06871686381846945,0.011754746087444607,0.06598114473885702
PHASE1__Ma8_Kn0.1_ISO_hphs1.5_Tw1,55,ISO,8.0,0.1,1.5,1.0,0.9322033898305084,0.07251857099271458,0.011747226930473567,0.07559604996459801
PHASE1__Ma8_Kn0.1_ISO_hphs1.5_Tw1,56,ISO,8.0,0.1,1.5,1.0,0.9491525423728814,0.07554841453014866,0.011674051134759668,0.08608235242237516
PHASE1__Ma8_Kn0.1_ISO_hphs1.5_Tw1,57,ISO,8.0,0.1,1.5,1.0,0.9661016949152542,0.07880870210682328,0.011456987471391454,0.09852180405417878
PHASE1__Ma8_Kn0.1_ISO_hphs1.5_Tw1,58,ISO,8.0,0.1,1.5,1.0,0.9830508474576272,0.08138571071768523,0.011107234684793878,0.11577734131690018
PHASE1__Ma8_Kn0.1_ISO_hphs1.5_Tw1,59,ISO,8.0,0.1,1.5,1.0,1.0,0.08357430961724659,0.010504902216794672,0.13253317546369286
PHASE1__Ma8_Kn0.33_BWD_hphs1.5_Tw1,0,BWD,8.0,0.33,1.5,1.0,0.0,0.6841151927174349,0.16948083823484517,0.10482405482750608
PHASE1__Ma8_Kn0.33_BWD_hphs1.5_Tw1,1,BWD,8.0,0.33,1.5,1.0,0.01694915254237288,0.7158817796320984,0.19366244705370736,0.4215473644586098
PHASE1__Ma8_Kn0.33_BWD_hphs1.5_Tw1,2,BWD,8.0,0.33,1.5,1.0,0.03389830508474576,0.7453129524931684,0.21213397607234974,0.6654935471137192
PHASE1__Ma8_Kn0.33_BWD_hphs1.5_Tw1,3,BWD,8.0,0.33,1.5,1.0,0.05084745762711865,0.7738458891797793,0.22800579656377104,0.8720719648102443
PHASE1__Ma8_Kn0.33_BWD_hphs1.5_Tw1,4,BWD,8.0,0.33,1.5,1.0,0.06779661016949153,0.8027009519427479,0.24276958128537499,1.0660709528694607
PHASE1__Ma8_Kn0.33_BWD_hphs1.5_Tw1,5,BWD,8.0,0.33,1.5,1.0,0.0847457627118644,0.8307754784437729,0.2565590752420081,1.283039597608741
PHASE1__Ma8_Kn0.33_BWD_hphs1.5_Tw1,6,BWD,8.0,0.33,1.5,1.0,0.1016949152542373,0.8597730200482073,0.27047495502858,1.4664828956384048
PHASE1__Ma8_Kn0.33_BWD_hphs1.5_Tw1,7,BWD,8.0,0.33,1.5,1.0,0.11864406779661017,0.8848369066817349,0.2821766830602756,1.6448293679892758
PHASE1__Ma8_Kn0.33_BWD_hphs1.5_Tw1,8,BWD,8.0,0.33,1.5,1.0,0.13559322033898305,0.912570722909689,0.295138749785968,1.854910792679799
PHASE1__Ma8_Kn0.33_BWD_hphs1.5_Tw1,9,BWD,8.0,0.33,1.5,1.0,0.15254237288135594,0.9369655784615504,0.305777237025546,2.0351664533398734
PHASE1__Ma8_Kn0.33_BWD_hphs1.5_Tw1,10,BWD,8.0,0.33,1.5,1.0,0.1694915254237288,0.963931247892036,0.3173490596219122,2.220117303027027
PHASE1__Ma8_Kn0.33_BWD_hphs1.5_Tw1,11,BWD,8.0,0.33,1.5,1.0,0.1864406779661017,0.988103093083342,0.32817760555258796,2.4131008857484595
PHASE1__Ma8_Kn0.33_BWD_hphs1.5_Tw1,12,BWD,8.0,0.33,1.5,1.0,0.2033898305084746,1.0122687435424103,0.33925156396823336,2.6189396697518634
PHASE1__Ma8_Kn0.33_BWD_hphs1.5_Tw1,13,BWD,8.0,0.33,1.5,1.0,0.22033898305084745,1.0338945537840427,0.3493016371793118,2.8218934580880264
PHASE1__Ma8_Kn0.33_BWD_hphs1.5_Tw1,14,BWD,8.0,0.33,1.5,1.0,0.23728813559322035,1.0565672737738376,0.35902854662269873,3.0143254975201335
PHASE1__Ma8_Kn0.33_BWD_hphs1.5_Tw1,15,BWD,8.0,0.33,1.5,1.0,0.2542372881355932,1.0782426418733715,0.36827550987644486,3.221055236067832
PHASE1__Ma8_Kn0.33_BWD_hphs1.5_Tw1,16,BWD,8.0,0.33,1.5,1.0,0.2711864406779661,1.0984560531648198,0.3777496476599543,3.4206149118543
PHASE1__Ma8_Kn0.33_BWD_hphs1.5_Tw1,17,BWD,8.0,0.33,1.5,1.0,0.288135593220339,1.1144322676057161,0.3855631716273066,3.6429434259949742
PHASE1__Ma8_Kn0.33_BWD_hphs1.5_Tw1,18,BWD,8.0,0.33,1.5,1.0,0.3050847457627119,1.1323040701113332,0.39499251443311617,3.8737006529673925
PHASE1__Ma8_Kn0.33_BWD_hphs1.5_Tw1,19,BWD,8.0,0.33,1.5,1.0,0.3220338983050847,1.1484971001805475,0.4036603426180291,4.083739651251045
PHASE1__Ma8_Kn0.33_BWD_hphs1.5_Tw1,20,BWD,8.0,0.33,1.5,1.0,0.3389830508474576,1.161976837529672,0.41191541707985085,4.324778210821914
PHASE1__Ma8_Kn0.33_BWD_hphs1.5_Tw1,21,BWD,8.0,0.33,1.5,1.0,0.3559322033898305,1.1706370731979048,0.41868905763631475,4.553003995517685
PHASE1__Ma8_Kn0.33_BWD_hphs1.5_Tw1,22,BWD,8.0,0.33,1.5,1.0,0.3728813559322034,1.1812672337177106,0.42638099523562467,4.824674420849556
PHASE1__Ma8_Kn0.33_BWD_hphs1.5_Tw1,23,BWD,8.0,0.33,1.5,1.0,0.3898305084745763,1.1889053385667316,0.43452088261193267,5.092342621799912
PHASE1__Ma8_Kn0.33_BWD_hphs1.5_Tw1,24,BWD,8.0,0.33,1.5,1.0,0.4067796610169492,1.1909743791341063,0.4415728919583882,5.399198680563626
PHASE1__Ma8_Kn0.33_BWD_hphs1.5_Tw1,25,BWD,8.0,0.33,1.5,1.0,0.423728813559322,1.1913212841394143,0.4496551857919393,5.743899094256445
PHASE1__Ma8_Kn0.33_BWD_hphs1.5_Tw1,26,BWD,8.0,0.33,1.5,1.0,0.4406779661016949,1.1822707803402095,0.4564800206086316,6.142580039625044
PHASE1__Ma8_Kn0.33_BWD_hphs1.5_Tw1,27,BWD,8.0,0.33,1.5,1.0,0.4576271186440678,1.1664246552763036,0.4626777257375264,6.554257607631851
PHASE1__Ma8_Kn0.33_BWD_hphs1.5_Tw1,28,BWD,8.0,0.33,1.5,1.0,0.4745762711864407,1.1378297712673164,0.4716783166139236,7.103651292342551
PHASE1__Ma8_Kn0.33_BWD_hphs1.5_Tw1,29,BWD,8.0,0.33,1.5,1.0,0.4915254237288136,1.0857444626131643,0.4850144214034094,7.927034712627416
PHASE1__Ma8_Kn0.33_BWD_hphs1.5_Tw1,30,BWD,8.0,0.33,1.5,1.0,0.5084745762711864,-0.0193820782251559,0.0010461611070489072,0.03841534901572547
PHASE1__Ma8_Kn0.33_BWD_hphs1.5_Tw1,31,BWD,8.0,0.33,1.5,1.0,0.5254237288135594,-0.018384106861670666,0.001066130068179229,0.040840183525542584
PHASE1__Ma8_Kn0.33_BWD_hphs1.5_Tw1,32,BWD,8.0,0.33,1.5,1.0,0.5423728813559322,-0.01762531410988105,0.0010714798683730915,0.04093198444602949
PHASE1__Ma8_Kn0.33_BWD_hphs1.5_Tw1,33,BWD,8.0,0.33,1.5,1.0,0.559322033898305,-0.016901831331846036,0.0010838048865230675,0.0400122992341105
PHASE1__Ma8_Kn0.33_BWD_hphs1.5_Tw1,34,BWD,8.0,0.33,1.5,1.0,0.576271186440678,-0.016277712058902907,0.0010887579312001607,0.0388654676179253
PHASE1__Ma8_Kn0.33_BWD_hphs1.5_Tw1,35,BWD,8.0,0.33,1.5,1.0,0.5932203389830508,-0.015702840907249088,0.0010779399440856569,0.03704997239040806
PHASE1__Ma8_Kn0.33_BWD_hphs1.5_Tw1,36,BWD,8.0,0.33,1.5,1.0,0.6101694915254238,-0.015217050005172659,0.001089234677748537,0.03505005312977428
PHASE1__Ma8_Kn0.33_BWD_hphs1.5_Tw1,37,BWD,8.0,0.33,1.5,1.0,0.6271186440677966,-0.01473522373172833,0.0010935957887917398,0.0330889350161047
PHASE1__Ma8_Kn0.33_BWD_hphs1.5_Tw1,38,BWD,8.0,0.33,1.5,1.0,0.6440677966101694,-0.014333123662182538,0.0010919447738993754,0.030762950143607814
PHASE1__Ma8_Kn0.33_BWD_hphs1.5_Tw1,39,BWD,8.0,0.33,1.5,1.0,0.6610169491525424,-0.01393734221951915,0.0010904569407114888,0.02839640273563009
PHASE1__Ma8_Kn0.33_BWD_hphs1.5_Tw1,40,BWD,8.0,0.33,1.5,1.0,0.6779661016949152,-0.013524773052491734,0.0010870717202538893,0.025790385527277408
PHASE1__Ma8_Kn0.33_BWD_hphs1.5_Tw1,41,BWD,8.0,0.33,1.5,1.0,0.6949152542372882,-0.013196018612639705,0.0010842240395286871,0.023173695631806334
PHASE1__Ma8_Kn0.33_BWD_hphs1.5_Tw1,42,BWD,8.0,0.33,1.5,1.0,0.711864406779661,-0.012960370998319539,0.0010744459358250718,0.02074897180170863
PHASE1__Ma8_Kn0.33_BWD_hphs1.5_Tw1,43,BWD,8.0,0.33,1.5,1.0,0.7288135593220338,-0.0128068655334706,0.0010509061750438224,0.01786718816999754
PHASE1__Ma8_Kn0.33_BWD_hphs1.5_Tw1,44,BWD,8.0,0.33,1.5,1.0,0.7457627118644068,-0.012583917120237615,0.001047338575034159,0.014950401286868524
PHASE1__Ma8_Kn0.33_BWD_hphs1.5_Tw1,45,BWD,8.0,0.33,1.5,1.0,0.7627118644067796,-0.012433075390250866,0.001037573269895601,0.01201687014352739
PHASE1__Ma8_Kn0.33_BWD_hphs1.5_Tw1,46,BWD,8.0,0.33,1.5,1.0,0.7796610169491526,-0.012348331453239826,0.0010163852454435917,0.008866365643086235
PHASE1__Ma8_Kn0.33_BWD_hphs1.5_Tw1,47,BWD,8.0,0.33,1.5,1.0,0.7966101694915254,-0.012377198905467271,0.0009888203359518883,0.006905045143581612
PHASE1__Ma8_Kn0.33_BWD_hphs1.5_Tw1,48,BWD,8.0,0.33,1.5,1.0,0.8135593220338984,-0.012282171712941738,0.000979794147945377,0.0035470414699154563
PHASE1__Ma8_Kn0.33_BWD_hphs1.5_Tw1,49,BWD,8.0,0.33,1.5,1.0,0.8305084745762712,-0.012315499372380289,0.000960692289597673,0.0009854469894443841
PHASE1__Ma8_Kn0.33_BWD_hphs1.5_Tw1,50,BWD,8.0,0.33,1.5,1.0,0.847457627118644,-0.012398756573654291,0.0009429790755586631,0.0020565664052580456
PHASE1__Ma8_Kn0.33_BWD_hphs1.5_Tw1,51,BWD,8.0,0.33,1.5,1.0,0.864406779661017,-0.012364995282959102,0.0009187609908293883,0.0044909813514754215
PHASE1__Ma8_Kn0.33_BWD_hphs1.5_Tw1,52,BWD,8.0,0.33,1.5,1.0,0.8813559322033898,-0.012560934663635935,0.0008935446180256605,0.006397793670946259
PHASE1__Ma8_Kn0.33_BWD_hphs1.5_Tw1,53,BWD,8.0,0.33,1.5,1.0,0.8983050847457628,-0.01271264365613596,0.0008652309924781174,0.008239206926130694
PHASE1__Ma8_Kn0.33_BWD_hphs1.5_Tw1,54,BWD,8.0,0.33,1.5,1.0,0.9152542372881356,-0.012919981344130069,0.0008318779319393459,0.010423423728785087
PHASE1__Ma8_Kn0.33_BWD_hphs1.5_Tw1,55,BWD,8.0,0.33,1.5,1.0,0.9322033898305084,-0.013144974019001478,0.0008027451982281492,0.011702647261555822
PHASE1__Ma8_Kn0.33_BWD_hphs1.5_Tw1,56,BWD,8.0,0.33,1.5,1.0,0.9491525423728814,-0.013407444823910661,0.0007573902833070933,0.01242363391896268
PHASE1__Ma8_Kn0.33_BWD_hphs1.5_Tw1,57,BWD,8.0,0.33,1.5,1.0,0.9661016949152542,-0.013631322446979293,0.0007271056787407587,0.013669365769006988
PHASE1__Ma8_Kn0.33_BWD_hphs1.5_Tw1,58,BWD,8.0,0.33,1.5,1.0,0.9830508474576272,-0.013852474387863358,0.0006989328374088436,0.014191457810700773
PHASE1__Ma8_Kn0.33_BWD_hphs1.5_Tw1,59,BWD,8.0,0.33,1.5,1.0,1.0,-0.014050334135533867,0.0006490664283051642,0.014606984257525577
PHASE1__Ma8_Kn0.33_FWD_hphs1.5_Tw1,0,FWD,8.0,0.33,1.5,1.0,0.0,1.3085999548625835,0.008605659155148089,0.1589023336974319
PHASE1__Ma8_Kn0.33_FWD_hphs1.5_Tw1,1,FWD,8.0,0.33,1.5,1.0,0.01694915254237288,1.304901699716707,0.01856195088077068,0.21612064892612642
PHASE1__Ma8_Kn0.33_FWD_hphs1.5_Tw1,2,FWD,8.0,0.33,1.5,1.0,0.03389830508474576,1.3025910645920644,0.029548047147299222,0.26898229422229636
PHASE1__Ma8_Kn0.33_FWD_hphs1.5_Tw1,3,FWD,8.0,0.33,1.5,1.0,0.05084745762711865,1.297796341840124,0.04147023046210318,0.3378419338240888
PHASE1__Ma8_Kn0.33_FWD_hphs1.5_Tw1,4,FWD,8.0,0.33,1.5,1.0,0.06779661016949153,1.291353820312969,0.053526798710006575,0.3983363054631099
PHASE1__Ma8_Kn0.33_FWD_hphs1.5_Tw1,5,FWD,8.0,0.33,1.5,1.0,0.0847457627118644,1.2887086696474932,0.06659061402790278,0.49727859757785675
PHASE1__Ma8_Kn0.33_FWD_hphs1.5_Tw1,6,FWD,8.0,0.33,1.5,1.0,0.1016949152542373,1.2839387258245032,0.07966530812609754,0.5977359369194728
PHASE1__Ma8_Kn0.33_FWD_hphs1.5_Tw1,7,FWD,8.0,0.33,1.5,1.0,0.11864406779661017,1.283449341977729,0.09336009270130818,0.705743530402511
PHASE1__Ma8_Kn0.33_FWD_hphs1.5_Tw1,8,FWD,8.0,0.33,1.5,1.0,0.13559322033898305,1.2838148311797506,0.1076756076817876,0.8260900150879443
PHASE1__Ma8_Kn0.33_FWD_hphs1.5_Tw1,9,FWD,8.0,0.33,1.5,1.0,0.15254237288135594,1.288516632948126,0.12282430924748348,0.9440303227015538
PHASE1__Ma8_Kn0.33_FWD_hphs1.5_Tw1,10,FWD,8.0,0.33,1.5,1.0,0.1694915254237288,1.2937140132955134,0.13850703094018635,1.0847146799324696
PHASE1__Ma8_Kn0.33_FWD_hphs1.5_Tw1,11,FWD,8.0,0.33,1.5,1.0,0.1864406779661017,1.303774258449455,0.15503573778316274,1.2052809429128961
PHASE1__Ma8_Kn0.33_FWD_hphs1.5_Tw1,12,FWD,8.0,0.33,1.5,1.0,0.2033898305084746,1.3153955761272846,0.17257681112215478,1.3201241157864665
PHASE1__Ma8_Kn0.33_FWD_hphs1.5_Tw1,13,FWD,8.0,0.33,1.5,1.0,0.22033898305084745,1.3321956899557885,0.19105793906458993,1.453572865501073
PHASE1__Ma8_Kn0.33_FWD_hphs1.5_Tw1,14,FWD,8.0,0.33,1.5,1.0,0.23728813559322035,1.3502099713028712,0.21026410571750914,1.5592555524483471
PHASE1__Ma8_Kn0.33_FWD_hphs1.5_Tw1,15,FWD,8.0,0.33,1.5,1.0,0.2542372881355932,1.374369427029702,0.23150044475260895,1.6696196752437364
PHASE1__Ma8_Kn0.33_FWD_hphs1.5_Tw1,16,FWD,8.0,0.33,1.5,1.0,0.2711864406779661,1.4012235912799103,0.2536349230905899,1.768156247134568
PHASE1__Ma8_Kn0.33_FWD_hphs1.5_Tw1,17,FWD,8.0,0.33,1.5,1.0,0.288135593220339,1.4322282261293433,0.2776351122497679,1.8541170732262298
PHASE1__Ma8_Kn0.33_FWD_hphs1.5_Tw1,18,FWD,8.0,0.33,1.5,1.0,0.3050847457627119,1.466931116124652,0.30332887153012505,1.9248885310334207
PHASE1__Ma8_Kn0.33_FWD_hphs1.5_Tw1,19,FWD,8.0,0.33,1.5,1.0,0.3220338983050847,1.5057287241290471,0.330730919281477,1.9749271478168504
PHASE1__Ma8_Kn0.33_FWD_hphs1.5_Tw1,20,FWD,8.0,0.33,1.5,1.0,0.3389830508474576,1.5513405375948561,0.36114350949838253,2.003566631673626
PHASE1__Ma8_Kn0.33_FWD_hphs1.5_Tw1,21,FWD,8.0,0.33,1.5,1.0,0.3559322033898305,1.595137294515034,0.3930439329031745,2.0211166402323246
PHASE1__Ma8_Kn0.33_FWD_hphs1.5_Tw1,22,FWD,8.0,0.33,1.5,1.0,0.3728813559322034,1.647996944698892,0.42834237533062347,1.9967788026772018
PHASE1__Ma8_Kn0.33_FWD_hphs1.5_Tw1,23,FWD,8.0,0.33,1.5,1.0,0.3898305084745763,1.7008132317570868,0.46638291032155343,1.9367894467793858
PHASE1__Ma8_Kn0.33_FWD_hphs1.5_Tw1,24,FWD,8.0,0.33,1.5,1.0,0.4067796610169492,1.759266725151542,0.5091301176122276,1.855888264943771
PHASE1__Ma8_Kn0.33_FWD_hphs1.5_Tw1,25,FWD,8.0,0.33,1.5,1.0,0.423728813559322,1.819770674916659,0.5556209051821,1.7341826333200896
PHASE1__Ma8_Kn0.33_FWD_hphs1.5_Tw1,26,FWD,8.0,0.33,1.5,1.0,0.4406779661016949,1.8878260032794698,0.6110322925967628,1.5135075139955534
PHASE1__Ma8_Kn0.33_FWD_hphs1.5_Tw1,27,FWD,8.0,0.33,1.5,1.0,0.4576271186440678,1.95701496764177,0.6741740133059068,1.2351322115712957
PHASE1__Ma8_Kn0.33_FWD_hphs1.5_Tw1,28,FWD,8.0,0.33,1.5,1.0,0.4745762711864407,2.0308933443079713,0.7526900102898778,0.852793552561228
PHASE1__Ma8_Kn0.33_FWD_hphs1.5_Tw1,29,FWD,8.0,0.33,1.5,1.0,0.4915254237288136,2.1247311482438764,0.8706127890846229,0.33378568026954064
PHASE1__Ma8_Kn0.33_FWD_hphs1.5_Tw1,30,FWD,8.0,0.33,1.5,1.0,0.5084745762711864,-0.004757368516547229,0.012128144222985152,0.3871296489911358
PHASE1__Ma8_Kn0.33_FWD_hphs1.5_Tw1,31,FWD,8.0,0.33,1.5,1.0,0.5254237288135594,-0.00821917073291257,0.011093572216595439,0.34917215697704196
PHASE1__Ma8_Kn0.33_FWD_hphs1.5_Tw1,32,FWD,8.0,0.33,1.5,1.0,0.5423728813559322,-0.009539639856689812,0.01051040559976922,0.3264202891855836
PHASE1__Ma8_Kn0.33_FWD_hphs1.5_Tw1,33,FWD,8.0,0.33,1.5,1.0,0.559322033898305,-0.01035468077719728,0.010098355797756269,0.30919516799587926
PHASE1__Ma8_Kn0.33_FWD_hphs1.5_Tw1,34,FWD,8.0,0.33,1.5,1.0,0.576271186440678,-0.01062954104658176,0.009899594082419692,0.29801580978531994
PHASE1__Ma8_Kn0.33_FWD_hphs1.5_Tw1,35,FWD,8.0,0.33,1.5,1.0,0.5932203389830508,-0.010908675681210222,0.009595596165901207,0.28403489450769953
PHASE1__Ma8_Kn0.33_FWD_hphs1.5_Tw1,36,FWD,8.0,0.33,1.5,1.0,0.6101694915254238,-0.01095953443288132,0.009413088628187133,0.2735923415631366
PHASE1__Ma8_Kn0.33_FWD_hphs1.5_Tw1,37,FWD,8.0,0.33,1.5,1.0,0.6271186440677966,-0.010873427654777999,0.009281615368638195,0.26534606228093904
PHASE1__Ma8_Kn0.33_FWD_hphs1.5_Tw1,38,FWD,8.0,0.33,1.5,1.0,0.6440677966101694,-0.01061262942757298,0.00919052158184437,0.2577319364611223
PHASE1__Ma8_Kn0.33_FWD_hphs1.5_Tw1,39,FWD,8.0,0.33,1.5,1.0,0.6610169491525424,-0.01033578684387245,0.009090148835384157,0.25011356800061846
PHASE1__Ma8_Kn0.33_FWD_hphs1.5_Tw1,40,FWD,8.0,0.33,1.5,1.0,0.6779661016949152,-0.009903208691717427,0.009097188046165557,0.24493754636233292
PHASE1__Ma8_Kn0.33_FWD_hphs1.5_Tw1,41,FWD,8.0,0.33,1.5,1.0,0.6949152542372882,-0.009445727715967052,0.009046569721364773,0.23814507862225495
PHASE1__Ma8_Kn0.33_FWD_hphs1.5_Tw1,42,FWD,8.0,0.33,1.5,1.0,0.711864406779661,-0.008941972090401446,0.009013293452216343,0.23251226600332292
PHASE1__Ma8_Kn0.33_FWD_hphs1.5_Tw1,43,FWD,8.0,0.33,1.5,1.0,0.7288135593220338,-0.008319215658550603,0.009026347988574573,0.22820739991945924
PHASE1__Ma8_Kn0.33_FWD_hphs1.5_Tw1,44,FWD,8.0,0.33,1.5,1.0,0.7457627118644068,-0.007625281753289168,0.009024108239689584,0.22275984927719805
PHASE1__Ma8_Kn0.33_FWD_hphs1.5_Tw1,45,FWD,8.0,0.33,1.5,1.0,0.7627118644067796,-0.006910595495031616,0.009023244336548228,0.21725148745175488
PHASE1__Ma8_Kn0.33_FWD_hphs1.5_Tw1,46,FWD,8.0,0.33,1.5,1.0,0.7796610169491526,-0.00598435913085835,0.00911958553501546,0.21437214863876322
PHASE1__Ma8_Kn0.33_FWD_hphs1.5_Tw1,47,FWD,8.0,0.33,1.5,1.0,0.7966101694915254,-0.005090892900222246,0.00916076491808664,0.21054104409829452
PHASE1__Ma8_Kn0.33_FWD_hphs1.5_Tw1,48,FWD,8.0,0.33,1.5,1.0,0.8135593220338984,-0.004192037252539392,0.009197048850023485,0.20645679533016104
PHASE1__Ma8_Kn0.33_FWD_hphs1.5_Tw1,49,FWD,8.0,0.33,1.5,1.0,0.8305084745762712,-0.003119605207557613,0.009266097108506476,0.2023329485822811
PHASE1__Ma8_Kn0.33_FWD_hphs1.5_Tw1,50,FWD,8.0,0.33,1.5,1.0,0.847457627118644,-0.0020660051485782887,0.009322122827043878,0.19863902275736256
PHASE1__Ma8_Kn0.33_FWD_hphs1.5_Tw1,51,FWD,8.0,0.33,1.5,1.0,0.864406779661017,-0.0008639173578625177,0.009417280158243327,0.19567483113062856
PHASE1__Ma8_Kn0.33_FWD_hphs1.5_Tw1,52,FWD,8.0,0.33,1.5,1.0,0.8813559322033898,0.00036821488420585486,0.009491223867860655,0.19289448726700303
PHASE1__Ma8_Kn0.33_FWD_hphs1.5_Tw1,53,FWD,8.0,0.33,1.5,1.0,0.8983050847457628,0.0017313037657781154,0.00958388547887397,0.18965593820916865
PHASE1__Ma8_Kn0.33_FWD_hphs1.5_Tw1,54,FWD,8.0,0.33,1.5,1.0,0.9152542372881356,0.0031206583120380127,0.009652293809104108,0.18690670704391538
PHASE1__Ma8_Kn0.33_FWD_hphs1.5_Tw1,55,FWD,8.0,0.33,1.5,1.0,0.9322033898305084,0.004598535581973914,0.009725149640691582,0.18438233583507938
PHASE1__Ma8_Kn0.33_FWD_hphs1.5_Tw1,56,FWD,8.0,0.33,1.5,1.0,0.9491525423728814,0.006265042448546222,0.009820626936017457,0.18186786412118
PHASE1__Ma8_Kn0.33_FWD_hphs1.5_Tw1,57,FWD,8.0,0.33,1.5,1.0,0.9661016949152542,0.0079603548200236,0.009885387675206324,0.18030374392119536
PHASE1__Ma8_Kn0.33_FWD_hphs1.5_Tw1,58,FWD,8.0,0.33,1.5,1.0,0.9830508474576272,0.00976525200478499,0.009933030333631335,0.17884144709770158
PHASE1__Ma8_Kn0.33_FWD_hphs1.5_Tw1,59,FWD,8.0,0.33,1.5,1.0,1.0,0.01172693786248127,0.009906249336249378,0.1773692507792712
PHASE1__Ma8_Kn0.33_ISO_hphs1.5_Tw1,0,ISO,8.0,0.33,1.5,1.0,0.0,0.9777764744431814,0.09021356548202308,0.8856654288386783
PHASE1__Ma8_Kn0.33_ISO_hphs1.5_Tw1,1,ISO,8.0,0.33,1.5,1.0,0.01694915254237288,0.9863375943956122,0.11786742500087327,0.8822659803539974
PHASE1__Ma8_Kn0.33_ISO_hphs1.5_Tw1,2,ISO,8.0,0.33,1.5,1.0,0.03389830508474576,0.9949854405993701,0.13860334014224093,0.8634694019419565
PHASE1__Ma8_Kn0.33_ISO_hphs1.5_Tw1,3,ISO,8.0,0.33,1.5,1.0,0.05084745762711865,1.013235121771484,0.1592074300635206,0.8684351265517765
PHASE1__Ma8_Kn0.33_ISO_hphs1.5_Tw1,4,ISO,8.0,0.33,1.5,1.0,0.06779661016949153,1.0340370326255088,0.17786421831136429,0.8750528250111533
PHASE1__Ma8_Kn0.33_ISO_hphs1.5_Tw1,5,ISO,8.0,0.33,1.5,1.0,0.0847457627118644,1.056065500462588,0.195420010000172,0.8377009499726021
PHASE1__Ma8_Kn0.33_ISO_hphs1.5_Tw1,6,ISO,8.0,0.33,1.5,1.0,0.1016949152542373,1.0792585779603459,0.21273646852241215,0.8135022526336358
PHASE1__Ma8_Kn0.33_ISO_hphs1.5_Tw1,7,ISO,8.0,0.33,1.5,1.0,0.11864406779661017,1.104446359238626,0.23002253045264173,0.7486417242292871
PHASE1__Ma8_Kn0.33_ISO_hphs1.5_Tw1,8,ISO,8.0,0.33,1.5,1.0,0.13559322033898305,1.1329545169962865,0.24669714093726888,0.6836423718355965
PHASE1__Ma8_Kn0.33_ISO_hphs1.5_Tw1,9,ISO,8.0,0.33,1.5,1.0,0.15254237288135594,1.1632157839772015,0.26529057628808,0.6041499846975086
PHASE1__Ma8_Kn0.33_ISO_hphs1.5_Tw1,10,ISO,8.0,0.33,1.5,1.0,0.1694915254237288,1.1943319240069117,0.2819594274184315,0.49881451583729997
PHASE1__Ma8_Kn0.33_ISO_hphs1.5_Tw1,11,ISO,8.0,0.33,1.5,1.0,0.1864406779661017,1.2251940800148788,0.2997343945338419,0.3899847301626052
PHASE1__Ma8_Kn0.33_ISO_hphs1.5_Tw1,12,ISO,8.0,0.33,1.5,1.0,0.2033898305084746,1.256136767541935,0.31670561176366707,0.258476101038065
PHASE1__Ma8_Kn0.33_ISO_hphs1.5_Tw1,13,ISO,8.0,0.33,1.5,1.0,0.22033898305084745,1.291124615220176,0.3354759872763924,0.1310079457027321
PHASE1__Ma8_Kn0.33_ISO_hphs1.5_Tw1,14,ISO,8.0,0.33,1.5,1.0,0.23728813559322035,1.3216212820261215,0.3527764475923112,0.020725466591862293
PHASE1__Ma8_Kn0.33_ISO_hphs1.5_Tw1,15,ISO,8.0,0.33,1.5,1.0,0.2542372881355932,1.3601587112765356,0.3737436967970857,0.23346991609860573
PHASE1__Ma8_Kn0.33_ISO_hphs1.5_Tw1,16,ISO,8.0,0.33,1.5,1.0,0.2711864406779661,1.3878058012531627,0.3896203167504035,0.3963956156631907
PHASE1__Ma8_Kn0.33_ISO_hphs1.5_Tw1,17,ISO,8.0,0.33,1.5,1.0,0.288135593220339,1.4261016359463083,0.41007562335289444,0.6239711410714441
PHASE1__Ma8_Kn0.33_ISO_hphs1.5_Tw1,18,ISO,8.0,0.33,1.5,1.0,0.3050847457627119,1.459361153330245,0.42878392582509295,0.8211148036450201
PHASE1__Ma8_Kn0.33_ISO_hphs1.5_Tw1,19,ISO,8.0,0.33,1.5,1.0,0.3220338983050847,1.494194132702545,0.44839772677508044,1.1115409137773562
PHASE1__Ma8_Kn0.33_ISO_hphs1.5_Tw1,20,ISO,8.0,0.33,1.5,1.0,0.3389830508474576,1.5280793180424848,0.4694065713162905,1.372903162390196
PHASE1__Ma8_Kn0.33_ISO_hphs1.5_Tw1,21,ISO,8.0,0.33,1.5,1.0,0.3559322033898305,1.556215791865886,0.48858202141307266,1.6993656400539585
PHASE1__Ma8_Kn0.33_ISO_hphs1.5_Tw1,22,ISO,8.0,0.33,1.5,1.0,0.3728813559322034,1.5902496507795292,0.5107171396793065,2.02225569264522
PHASE1__Ma8_Kn0.33_ISO_hphs1.5_Tw1,23,ISO,8.0,0.33,1.5,1.0,0.3898305084745763,1.6207277333887615,0.5330922310403607,2.4327187004797737
PHASE1__Ma8_Kn0.33_ISO_hphs1.5_Tw1,24,ISO,8.0,0.33,1.5,1.0,0.4067796610169492,1.6479535815732287,0.5574574992677921,2.8714325482464322
PHASE1__Ma8_Kn0.33_ISO_hphs1.5_Tw1,25,ISO,8.0,0.33,1.5,1.0,0.423728813559322,1.6716856007756615,0.5806101034560643,3.313602133041926
PHASE1__Ma8_Kn0.33_ISO_hphs1.5_Tw1,26,ISO,8.0,0.33,1.5,1.0,0.4406779661016949,1.6905671446360155,0.607611876085256,3.933566668317699
PHASE1__Ma8_Kn0.33_ISO_hphs1.5_Tw1,27,ISO,8.0,0.33,1.5,1.0,0.4576271186440678,1.707726552934303,0.63737173948425,4.60294811658789
PHASE1__Ma8_Kn0.33_ISO_hphs1.5_Tw1,28,ISO,8.0,0.33,1.5,1.0,0.4745762711864407,1.7127566755112738,0.6715759045993178,5.460092963210425
PHASE1__Ma8_Kn0.33_ISO_hphs1.5_Tw1,29,ISO,8.0,0.33,1.5,1.0,0.4915254237288136,1.708407973480444,0.7197337052678761,6.600432423409849
PHASE1__Ma8_Kn0.33_ISO_hphs1.5_Tw1,30,ISO,8.0,0.33,1.5,1.0,0.5084745762711864,-0.019872019597831556,0.002984151824405825,0.05736014338170713
PHASE1__Ma8_Kn0.33_ISO_hphs1.5_Tw1,31,ISO,8.0,0.33,1.5,1.0,0.5254237288135594,-0.02027827013797657,0.002767616101846216,0.04255151332690765
PHASE1__Ma8_Kn0.33_ISO_hphs1.5_Tw1,32,ISO,8.0,0.33,1.5,1.0,0.5423728813559322,-0.020098746797729508,0.002683177568882078,0.03304570668044489
PHASE1__Ma8_Kn0.33_ISO_hphs1.5_Tw1,33,ISO,8.0,0.33,1.5,1.0,0.559322033898305,-0.01972867349385236,0.002651184355880622,0.02713982427318939
PHASE1__Ma8_Kn0.33_ISO_hphs1.5_Tw1,34,ISO,8.0,0.33,1.5,1.0,0.576271186440678,-0.019281599668261238,0.002622288395622981,0.022022740405508123
PHASE1__Ma8_Kn0.33_ISO_hphs1.5_Tw1,35,ISO,8.0,0.33,1.5,1.0,0.5932203389830508,-0.01879915392159314,0.00260924025854728,0.01734034954953331
PHASE1__Ma8_Kn0.33_ISO_hphs1.5_Tw1,36,ISO,8.0,0.33,1.5,1.0,0.6101694915254238,-0.018212264989398284,0.002642343747067438,0.01479124068995228
PHASE1__Ma8_Kn0.33_ISO_hphs1.5_Tw1,37,ISO,8.0,0.33,1.5,1.0,0.6271186440677966,-0.017631446894796322,0.0026456777732648097,0.011619688069410468
PHASE1__Ma8_Kn0.33_ISO_hphs1.5_Tw1,38,ISO,8.0,0.33,1.5,1.0,0.6440677966101694,-0.01701184977638668,0.0026701038346762626,0.009240722397047754
PHASE1__Ma8_Kn0.33_ISO_hphs1.5_Tw1,39,ISO,8.0,0.33,1.5,1.0,0.6610169491525424,-0.016383270296232443,0.002694357115459444,0.0071814282110803
PHASE1__Ma8_Kn0.33_ISO_hphs1.5_Tw1,40,ISO,8.0,0.33,1.5,1.0,0.6779661016949152,-0.01578355826830565,0.0027090082728085454,0.005387487068132971
PHASE1__Ma8_Kn0.33_ISO_hphs1.5_Tw1,41,ISO,8.0,0.33,1.5,1.0,0.6949152542372882,-0.015068376431469088,0.0027376866574602156,0.0035679883971364034
PHASE1__Ma8_Kn0.33_ISO_hphs1.5_Tw1,42,ISO,8.0,0.33,1.5,1.0,0.711864406779661,-0.014321229776286254,0.0027816497284313133,0.002429736672646647
PHASE1__Ma8_Kn0.33_ISO_hphs1.5_Tw1,43,ISO,8.0,0.33,1.5,1.0,0.7288135593220338,-0.013666818262701021,0.0027926404961740874,0.0020682981391494312
PHASE1__Ma8_Kn0.33_ISO_hphs1.5_Tw1,44,ISO,8.0,0.33,1.5,1.0,0.7457627118644068,-0.012928034496039013,0.002833979861308482,0.0017051848634045518
PHASE1__Ma8_Kn0.33_ISO_hphs1.5_Tw1,45,ISO,8.0,0.33,1.5,1.0,0.7627118644067796,-0.012244445793614455,0.002855731022623003,0.0006656120133005412
PHASE1__Ma8_Kn0.33_ISO_hphs1.5_Tw1,46,ISO,8.0,0.33,1.5,1.0,0.7796610169491526,-0.011488874302588417,0.0029035368627524914,0.00102078733966336
PHASE1__Ma8_Kn0.33_ISO_hphs1.5_Tw1,47,ISO,8.0,0.33,1.5,1.0,0.7966101694915254,-0.010843630992714908,0.0029179480470067727,0.0012901356042792555
PHASE1__Ma8_Kn0.33_ISO_hphs1.5_Tw1,48,ISO,8.0,0.33,1.5,1.0,0.8135593220338984,-0.010163139656409173,0.0029426588764907458,0.0024359767951532296
PHASE1__Ma8_Kn0.33_ISO_hphs1.5_Tw1,49,ISO,8.0,0.33,1.5,1.0,0.8305084745762712,-0.009387187496321272,0.002947723908612088,0.0015796626788729298
PHASE1__Ma8_Kn0.33_ISO_hphs1.5_Tw1,50,ISO,8.0,0.33,1.5,1.0,0.847457627118644,-0.00863898773665804,0.0029733562347801713,0.0028880025669580007
PHASE1__Ma8_Kn0.33_ISO_hphs1.5_Tw1,51,ISO,8.0,0.33,1.5,1.0,0.864406779661017,-0.008038098709606091,0.002991456605412158,0.0048802482446080545
PHASE1__Ma8_Kn0.33_ISO_hphs1.5_Tw1,52,ISO,8.0,0.33,1.5,1.0,0.8813559322033898,-0.007219526791723165,0.0030131533728251863,0.0057180842238375605
PHASE1__Ma8_Kn0.33_ISO_hphs1.5_Tw1,53,ISO,8.0,0.33,1.5,1.0,0.8983050847457628,-0.006602097829596698,0.0030410414460845816,0.008279475369852851
PHASE1__Ma8_Kn0.33_ISO_hphs1.5_Tw1,54,ISO,8.0,0.33,1.5,1.0,0.9152542372881356,-0.006009447796420827,0.0030197350349057944,0.01106364897702833
PHASE1__Ma8_Kn0.33_ISO_hphs1.5_Tw1,55,ISO,8.0,0.33,1.5,1.0,0.9322033898305084,-0.005486364606273753,0.003025155227207471,0.013756220887224078
PHASE1__Ma8_Kn0.33_ISO_hphs1.5_Tw1,56,ISO,8.0,0.33,1.5,1.0,0.9491525423728814,-0.0048952632561572946,0.003014398033276988,0.017104443636084748
PHASE1__Ma8_Kn0.33_ISO_hphs1.5_Tw1,57,ISO,8.0,0.33,1.5,1.0,0.9661016949152542,-0.0044528974270667855,0.0029888712952706262,0.021175879285831322
PHASE1__Ma8_Kn0.33_ISO_hphs1.5_Tw1,58,ISO,8.0,0.33,1.5,1.0,0.9830508474576272,-0.004339781616407317,0.0029346533740475366,0.025526436535529197
PHASE1__Ma8_Kn0.33_ISO_hphs1.5_Tw1,59,ISO,8.0,0.33,1.5,1.0,1.0,-0.004125134144372782,0.0028828351837726514,0.031188810913826134
PHASE1__Ma8_Kn0.8_BWD_hphs1.5_Tw1,0,BWD,8.0,0.8,1.5,1.0,0.0,0.3338024652051653,0.13095427773587226,0.6854000172176828
PHASE1__Ma8_Kn0.8_BWD_hphs1.5_Tw1,1,BWD,8.0,0.8,1.5,1.0,0.01694915254237288,0.350574083265376,0.14380275719668295,0.8884414867947128
PHASE1__Ma8_Kn0.8_BWD_hphs1.5_Tw1,2,BWD,8.0,0.8,1.5,1.0,0.03389830508474576,0.36416222842865886,0.15342503837072818,1.0432031195658877
PHASE1__Ma8_Kn0.8_BWD_hphs1.5_Tw1,3,BWD,8.0,0.8,1.5,1.0,0.05084745762711865,0.3803112758989858,0.16315674727601154,1.2062803280838164
PHASE1__Ma8_Kn0.8_BWD_hphs1.5_Tw1,4,BWD,8.0,0.8,1.5,1.0,0.06779661016949153,0.3931876463281628,0.17100098779950082,1.3367980977552294
PHASE1__Ma8_Kn0.8_BWD_hphs1.5_Tw1,5,BWD,8.0,0.8,1.5,1.0,0.0847457627118644,0.40693004032416313,0.17911559800982108,1.465464661873496
PHASE1__Ma8_Kn0.8_BWD_hphs1.5_Tw1,6,BWD,8.0,0.8,1.5,1.0,0.1016949152542373,0.4198714554418355,0.18686128958237075,1.5970855181235601
PHASE1__Ma8_Kn0.8_BWD_hphs1.5_Tw1,7,BWD,8.0,0.8,1.5,1.0,0.11864406779661017,0.43275340113002636,0.19413119449892322,1.7169825439415507
PHASE1__Ma8_Kn0.8_BWD_hphs1.5_Tw1,8,BWD,8.0,0.8,1.5,1.0,0.13559322033898305,0.44535410597462805,0.20135630443777586,1.850597441314561
PHASE1__Ma8_Kn0.8_BWD_hphs1.5_Tw1,9,BWD,8.0,0.8,1.5,1.0,0.15254237288135594,0.45706276937700824,0.20800227930779527,1.969759076080118
PHASE1__Ma8_Kn0.8_BWD_hphs1.5_Tw1,10,BWD,8.0,0.8,1.5,1.0,0.1694915254237288,0.4672995643997231,0.21363364793291403,2.0858094410084544
PHASE1__Ma8_Kn0.8_BWD_hphs1.5_Tw1,11,BWD,8.0,0.8,1.5,1.0,0.1864406779661017,0.47825556783522893,0.2200959633943642,2.2118441536871445
PHASE1__Ma8_Kn0.8_BWD_hphs1.5_Tw1,12,BWD,8.0,0.8,1.5,1.0,0.2033898305084746,0.4889619235615575,0.22601817941040528,2.3235811672502424
PHASE1__Ma8_Kn0.8_BWD_hphs1.5_Tw1,13,BWD,8.0,0.8,1.5,1.0,0.22033898305084745,0.4990847355110996,0.23199702907682399,2.444256010527539
PHASE1__Ma8_Kn0.8_BWD_hphs1.5_Tw1,14,BWD,8.0,0.8,1.5,1.0,0.23728813559322035,0.5074110751117235,0.23675233592378506,2.5570819685336645
PHASE1__Ma8_Kn0.8_BWD_hphs1.5_Tw1,15,BWD,8.0,0.8,1.5,1.0,0.2542372881355932,0.5172136194045792,0.2428249350792469,2.6796235737132927
PHASE1__Ma8_Kn0.8_BWD_hphs1.5_Tw1,16,BWD,8.0,0.8,1.5,1.0,0.2711864406779661,0.5266481966025185,0.2482089714346374,2.7974982741370904
PHASE1__Ma8_Kn0.8_BWD_hphs1.5_Tw1,17,BWD,8.0,0.8,1.5,1.0,0.288135593220339,0.5330857623438832,0.2523291494906405,2.9197004680617495
PHASE1__Ma8_Kn0.8_BWD_hphs1.5_Tw1,18,BWD,8.0,0.8,1.5,1.0,0.3050847457627119,0.5413303314789701,0.25770870634826104,3.043472439040643
PHASE1__Ma8_Kn0.8_BWD_hphs1.5_Tw1,19,BWD,8.0,0.8,1.5,1.0,0.3220338983050847,0.5467333769366476,0.26190183622508956,3.158914692137159
PHASE1__Ma8_Kn0.8_BWD_hphs1.5_Tw1,20,BWD,8.0,0.8,1.5,1.0,0.3389830508474576,0.5529522686300232,0.26644404696385005,3.290196137132253
PHASE1__Ma8_Kn0.8_BWD_hphs1.5_Tw1,21,BWD,8.0,0.8,1.5,1.0,0.3559322033898305,0.5571182260598421,0.2705440672798883,3.413246859194336
PHASE1__Ma8_Kn0.8_BWD_hphs1.5_Tw1,22,BWD,8.0,0.8,1.5,1.0,0.3728813559322034,0.5597224914925497,0.2736944340686905,3.530725579820669
PHASE1__Ma8_Kn0.8_BWD_hphs1.5_Tw1,23,BWD,8.0,0.8,1.5,1.0,0.3898305084745763,0.5639367678338223,0.27854413033294756,3.6888063718227335
PHASE1__Ma8_Kn0.8_BWD_hphs1.5_Tw1,24,BWD,8.0,0.8,1.5,1.0,0.4067796610169492,0.564327035964794,0.28180328492473505,3.8242880310980762
PHASE1__Ma8_Kn0.8_BWD_hphs1.5_Tw1,25,BWD,8.0,0.8,1.5,1.0,0.423728813559322,0.5658899669083529,0.28661714520683235,3.9848154125630457
PHASE1__Ma8_Kn0.8_BWD_hphs1.5_Tw1,26,BWD,8.0,0.8,1.5,1.0,0.4406779661016949,0.5615790527441731,0.2894193910260818,4.151918887093051
PHASE1__Ma8_Kn0.8_BWD_hphs1.5_Tw1,27,BWD,8.0,0.8,1.5,1.0,0.4576271186440678,0.5563166277082904,0.29268718464928273,4.3372940008489165
PHASE1__Ma8_Kn0.8_BWD_hphs1.5_Tw1,28,BWD,8.0,0.8,1.5,1.0,0.4745762711864407,0.548283918415731,0.29699262193448717,4.551745345447173
PHASE1__Ma8_Kn0.8_BWD_hphs1.5_Tw1,29,BWD,8.0,0.8,1.5,1.0,0.4915254237288136,0.5344312581859005,0.3021254864506323,4.837840749115249
PHASE1__Ma8_Kn0.8_BWD_hphs1.5_Tw1,30,BWD,8.0,0.8,1.5,1.0,0.5084745762711864,-0.026195106687444552,0.00040224930082048514,0.017038035805221213
PHASE1__Ma8_Kn0.8_BWD_hphs1.5_Tw1,31,BWD,8.0,0.8,1.5,1.0,0.5254237288135594,-0.025912007424183994,0.00039927363444471216,0.01728026943627037
PHASE1__Ma8_Kn0.8_BWD_hphs1.5_Tw1,32,BWD,8.0,0.8,1.5,1.0,0.5423728813559322,-0.02570175821203819,0.0003967395185634087,0.01659668619902479
PHASE1__Ma8_Kn0.8_BWD_hphs1.5_Tw1,33,BWD,8.0,0.8,1.5,1.0,0.559322033898305,-0.02551672156009962,0.0003967171210745588,0.0158930762573644
PHASE1__Ma8_Kn0.8_BWD_hphs1.5_Tw1,34,BWD,8.0,0.8,1.5,1.0,0.576271186440678,-0.025378517083877672,0.00039253199030089104,0.014940399002640457
PHASE1__Ma8_Kn0.8_BWD_hphs1.5_Tw1,35,BWD,8.0,0.8,1.5,1.0,0.5932203389830508,-0.02527264910993625,0.00038348340480552976,0.014258185031609038
PHASE1__Ma8_Kn0.8_BWD_hphs1.5_Tw1,36,BWD,8.0,0.8,1.5,1.0,0.6101694915254238,-0.02513202868814162,0.0003843377090230904,0.013116384599137828
PHASE1__Ma8_Kn0.8_BWD_hphs1.5_Tw1,37,BWD,8.0,0.8,1.5,1.0,0.6271186440677966,-0.0250303731321218,0.00037945505645381125,0.012539174057827732
PHASE1__Ma8_Kn0.8_BWD_hphs1.5_Tw1,38,BWD,8.0,0.8,1.5,1.0,0.6440677966101694,-0.025031735973214085,0.0003733949358992801,0.011031188196853501
PHASE1__Ma8_Kn0.8_BWD_hphs1.5_Tw1,39,BWD,8.0,0.8,1.5,1.0,0.6610169491525424,-0.02496031071051399,0.00037304937464273873,0.010038555563874715
PHASE1__Ma8_Kn0.8_BWD_hphs1.5_Tw1,40,BWD,8.0,0.8,1.5,1.0,0.6779661016949152,-0.02495789476494131,0.00036658289964764496,0.009051431618589404
PHASE1__Ma8_Kn0.8_BWD_hphs1.5_Tw1,41,BWD,8.0,0.8,1.5,1.0,0.6949152542372882,-0.024945319458498885,0.00035706716652769997,0.008198255430431525
PHASE1__Ma8_Kn0.8_BWD_hphs1.5_Tw1,42,BWD,8.0,0.8,1.5,1.0,0.711864406779661,-0.024945257511176506,0.0003523412963803702,0.0070320074293618315
PHASE1__Ma8_Kn0.8_BWD_hphs1.5_Tw1,43,BWD,8.0,0.8,1.5,1.0,0.7288135593220338,-0.024929708733260007,0.0003511990244490251,0.00603091886592748
PHASE1__Ma8_Kn0.8_BWD_hphs1.5_Tw1,44,BWD,8.0,0.8,1.5,1.0,0.7457627118644068,-0.02497344354285781,0.0003452412924149506,0.004766301893680256
PHASE1__Ma8_Kn0.8_BWD_hphs1.5_Tw1,45,BWD,8.0,0.8,1.5,1.0,0.7627118644067796,-0.02503303686698399,0.00034060501222302046,0.004054283455716928
PHASE1__Ma8_Kn0.8_BWD_hphs1.5_Tw1,46,BWD,8.0,0.8,1.5,1.0,0.7796610169491526,-0.025087116879418666,0.00033205557076488565,0.0031414812573650665
PHASE1__Ma8_Kn0.8_BWD_hphs1.5_Tw1,47,BWD,8.0,0.8,1.5,1.0,0.7966101694915254,-0.025161267824303325,0.0003240788650930555,0.002093585292459803
PHASE1__Ma8_Kn0.8_BWD_hphs1.5_Tw1,48,BWD,8.0,0.8,1.5,1.0,0.8135593220338984,-0.025231454140555887,0.00031602440813850355,0.001199177430801631
PHASE1__Ma8_Kn0.8_BWD_hphs1.5_Tw1,49,BWD,8.0,0.8,1.5,1.0,0.8305084745762712,-0.02533763185110919,0.00031123326530938265,0.00026365916899142726
PHASE1__Ma8_Kn0.8_BWD_hphs1.5_Tw1,50,BWD,8.0,0.8,1.5,1.0,0.847457627118644,-0.025444676824175762,0.00030225699170659395,0.0004717273940837017
PHASE1__Ma8_Kn0.8_BWD_hphs1.5_Tw1,51,BWD,8.0,0.8,1.5,1.0,0.864406779661017,-0.025540075700635555,0.0003019533457506145,0.0011366177756224824
PHASE1__Ma8_Kn0.8_BWD_hphs1.5_Tw1,52,BWD,8.0,0.8,1.5,1.0,0.8813559322033898,-0.025653005669327895,0.00028956177506234186,0.0018589452387579898
PHASE1__Ma8_Kn0.8_BWD_hphs1.5_Tw1,53,BWD,8.0,0.8,1.5,1.0,0.8983050847457628,-0.025780679100745836,0.0002809880163305985,0.0023608088227150036
PHASE1__Ma8_Kn0.8_BWD_hphs1.5_Tw1,54,BWD,8.0,0.8,1.5,1.0,0.9152542372881356,-0.025933688987015768,0.00027654563439928327,0.0026182919053222464
PHASE1__Ma8_Kn0.8_BWD_hphs1.5_Tw1,55,BWD,8.0,0.8,1.5,1.0,0.9322033898305084,-0.02608657497864094,0.00026514371275405,0.0032179432338218772
PHASE1__Ma8_Kn0.8_BWD_hphs1.5_Tw1,56,BWD,8.0,0.8,1.5,1.0,0.9491525423728814,-0.026256744273209155,0.00025716188765619697,0.0034953508792823647
PHASE1__Ma8_Kn0.8_BWD_hphs1.5_Tw1,57,BWD,8.0,0.8,1.5,1.0,0.9661016949152542,-0.026396001853911506,0.00024752808777360035,0.0037861191478610386
PHASE1__Ma8_Kn0.8_BWD_hphs1.5_Tw1,58,BWD,8.0,0.8,1.5,1.0,0.9830508474576272,-0.02655204715897788,0.00024182568711241475,0.004174766234569308
PHASE1__Ma8_Kn0.8_BWD_hphs1.5_Tw1,59,BWD,8.0,0.8,1.5,1.0,1.0,-0.02678496909111348,0.00022852541830508885,0.0043781196617840405
PHASE1__Ma8_Kn0.8_FWD_hphs1.5_Tw1,0,FWD,8.0,0.8,1.5,1.0,0.0,0.5782032361771277,0.021296588280106044,0.4114828423798494
PHASE1__Ma8_Kn0.8_FWD_hphs1.5_Tw1,1,FWD,8.0,0.8,1.5,1.0,0.01694915254237288,0.5722885058366205,0.03246228041079817,0.462999823969729
PHASE1__Ma8_Kn0.8_FWD_hphs1.5_Tw1,2,FWD,8.0,0.8,1.5,1.0,0.03389830508474576,0.5758709194896529,0.04244228147818902,0.5345966362454968
PHASE1__Ma8_Kn0.8_FWD_hphs1.5_Tw1,3,FWD,8.0,0.8,1.5,1.0,0.05084745762711865,0.5724353209906529,0.05142687414826484,0.5668676797675097
PHASE1__Ma8_Kn0.8_FWD_hphs1.5_Tw1,4,FWD,8.0,0.8,1.5,1.0,0.06779661016949153,0.578442352841501,0.06205064303802722,0.6695218533998721
PHASE1__Ma8_Kn0.8_FWD_hphs1.5_Tw1,5,FWD,8.0,0.8,1.5,1.0,0.0847457627118644,0.5791578444149494,0.07216534900264392,0.7324435893705398
PHASE1__Ma8_Kn0.8_FWD_hphs1.5_Tw1,6,FWD,8.0,0.8,1.5,1.0,0.1016949152542373,0.5819640581186043,0.08245923487805985,0.777494345600661
PHASE1__Ma8_Kn0.8_FWD_hphs1.5_Tw1,7,FWD,8.0,0.8,1.5,1.0,0.11864406779661017,0.5894658788583972,0.09380356298053628,0.8634494795927553
PHASE1__Ma8_Kn0.8_FWD_hphs1.5_Tw1,8,FWD,8.0,0.8,1.5,1.0,0.13559322033898305,0.5917083719284262,0.10369461402078038,0.8652064410607447
PHASE1__Ma8_Kn0.8_FWD_hphs1.5_Tw1,9,FWD,8.0,0.8,1.5,1.0,0.15254237288135594,0.6012978174323067,0.11468634165593403,0.9559394603697454
PHASE1__Ma8_Kn0.8_FWD_hphs1.5_Tw1,10,FWD,8.0,0.8,1.5,1.0,0.1694915254237288,0.6113766467829613,0.12669523524899978,1.0565808442726945
PHASE1__Ma8_Kn0.8_FWD_hphs1.5_Tw1,11,FWD,8.0,0.8,1.5,1.0,0.1864406779661017,0.6220997282863316,0.13761913048935084,1.0824998206581837
PHASE1__Ma8_Kn0.8_FWD_hphs1.5_Tw1,12,FWD,8.0,0.8,1.5,1.0,0.2033898305084746,0.6378653218311481,0.15135135086735352,1.1512901115101266
PHASE1__Ma8_Kn0.8_FWD_hphs1.5_Tw1,13,FWD,8.0,0.8,1.5,1.0,0.22033898305084745,0.6497468182629588,0.1612967958090902,1.156666615987943
PHASE1__Ma8_Kn0.8_FWD_hphs1.5_Tw1,14,FWD,8.0,0.8,1.5,1.0,0.23728813559322035,0.6660947166381141,0.17710526340347896,1.2790565644974423
PHASE1__Ma8_Kn0.8_FWD_hphs1.5_Tw1,15,FWD,8.0,0.8,1.5,1.0,0.2542372881355932,0.6863514910552261,0.19236947201881505,1.3027739631758841
PHASE1__Ma8_Kn0.8_FWD_hphs1.5_Tw1,16,FWD,8.0,0.8,1.5,1.0,0.2711864406779661,0.7017144270045954,0.20505189009801003,1.2889554422574117
PHASE1__Ma8_Kn0.8_FWD_hphs1.5_Tw1,17,FWD,8.0,0.8,1.5,1.0,0.288135593220339,0.7238853736831409,0.22188808246648295,1.3942589721124266
PHASE1__Ma8_Kn0.8_FWD_hphs1.5_Tw1,18,FWD,8.0,0.8,1.5,1.0,0.3050847457627119,0.746712961978877,0.23725979902829858,1.390917393308819
PHASE1__Ma8_Kn0.8_FWD_hphs1.5_Tw1,19,FWD,8.0,0.8,1.5,1.0,0.3220338983050847,0.7672856677401091,0.2534211870541366,1.3456016382109528
PHASE1__Ma8_Kn0.8_FWD_hphs1.5_Tw1,20,FWD,8.0,0.8,1.5,1.0,0.3389830508474576,0.7877778419822516,0.27106528884183817,1.4287059788931382
PHASE1__Ma8_Kn0.8_FWD_hphs1.5_Tw1,21,FWD,8.0,0.8,1.5,1.0,0.3559322033898305,0.8085673633718014,0.28750216598052997,1.4460564477308624
PHASE1__Ma8_Kn0.8_FWD_hphs1.5_Tw1,22,FWD,8.0,0.8,1.5,1.0,0.3728813559322034,0.8389834986586576,0.30842685995648966,1.420231707218579
PHASE1__Ma8_Kn0.8_FWD_hphs1.5_Tw1,23,FWD,8.0,0.8,1.5,1.0,0.3898305084745763,0.864103137882324,0.328401580441087,1.3843920333576036
PHASE1__Ma8_Kn0.8_FWD_hphs1.5_Tw1,24,FWD,8.0,0.8,1.5,1.0,0.4067796610169492,0.8828236187044989,0.34568284290942014,1.338022607343015
PHASE1__Ma8_Kn0.8_FWD_hphs1.5_Tw1,25,FWD,8.0,0.8,1.5,1.0,0.423728813559322,0.9097211460803705,0.36940178360146864,1.3173213890983475
PHASE1__Ma8_Kn0.8_FWD_hphs1.5_Tw1,26,FWD,8.0,0.8,1.5,1.0,0.4406779661016949,0.9318920927589159,0.3891755666146697,1.1897117850811598
PHASE1__Ma8_Kn0.8_FWD_hphs1.5_Tw1,27,FWD,8.0,0.8,1.5,1.0,0.4576271186440678,0.9684905708189457,0.41995931521823077,1.1519968805669571
PHASE1__Ma8_Kn0.8_FWD_hphs1.5_Tw1,28,FWD,8.0,0.8,1.5,1.0,0.4745762711864407,0.9994332583460018,0.45107262687201183,1.050850480923428
PHASE1__Ma8_Kn0.8_FWD_hphs1.5_Tw1,29,FWD,8.0,0.8,1.5,1.0,0.4915254237288136,1.0355485472914951,0.49284394357708305,0.9844644697753191
PHASE1__Ma8_Kn0.8_FWD_hphs1.5_Tw1,30,FWD,8.0,0.8,1.5,1.0,0.5084745762711864,-0.0230906166265468,0.0039458615999255365,0.12396600107965088
PHASE1__Ma8_Kn0.8_FWD_hphs1.5_Tw1,31,FWD,8.0,0.8,1.5,1.0,0.5254237288135594,-0.024279881321530635,0.0038744776033196276,0.11843204198872871
PHASE1__Ma8_Kn0.8_FWD_hphs1.5_Tw1,32,FWD,8.0,0.8,1.5,1.0,0.5423728813559322,-0.02436183762903473,0.003815892171770807,0.11219224890882613
PHASE1__Ma8_Kn0.8_FWD_hphs1.5_Tw1,33,FWD,8.0,0.8,1.5,1.0,0.559322033898305,-0.0247410791366236,0.003523892909993343,0.10566268346999332
PHASE1__Ma8_Kn0.8_FWD_hphs1.5_Tw1,34,FWD,8.0,0.8,1.5,1.0,0.576271186440678,-0.02493212467883269,0.003452156952848364,0.0959263887784795
PHASE1__Ma8_Kn0.8_FWD_hphs1.5_Tw1,35,FWD,8.0,0.8,1.5,1.0,0.5932203389830508,-0.024695485907354504,0.003399938807415445,0.09513358065541315
PHASE1__Ma8_Kn0.8_FWD_hphs1.5_Tw1,36,FWD,8.0,0.8,1.5,1.0,0.6101694915254238,-0.025221294779686144,0.003116201019382331,0.08674319301120982
PHASE1__Ma8_Kn0.8_FWD_hphs1.5_Tw1,37,FWD,8.0,0.8,1.5,1.0,0.6271186440677966,-0.024909266116875765,0.0031464696257423445,0.08456148574853685
PHASE1__Ma8_Kn0.8_FWD_hphs1.5_Tw1,38,FWD,8.0,0.8,1.5,1.0,0.6440677966101694,-0.0247961503062163,0.0032818080519385223,0.08635060732629504
PHASE1__Ma8_Kn0.8_FWD_hphs1.5_Tw1,39,FWD,8.0,0.8,1.5,1.0,0.6610169491525424,-0.024594140087946567,0.003240820647343198,0.08104999347316445
PHASE1__Ma8_Kn0.8_FWD_hphs1.5_Tw1,40,FWD,8.0,0.8,1.5,1.0,0.6779661016949152,-0.024676530026707298,0.00313646754715023,0.0769033778869303
PHASE1__Ma8_Kn0.8_FWD_hphs1.5_Tw1,41,FWD,8.0,0.8,1.5,1.0,0.6949152542372882,-0.024501962472250352,0.003232181615929663,0.07986304403026472
PHASE1__Ma8_Kn0.8_FWD_hphs1.5_Tw1,42,FWD,8.0,0.8,1.5,1.0,0.711864406779661,-0.024344864062703576,0.003140537490838384,0.07697324003691153
PHASE1__Ma8_Kn0.8_FWD_hphs1.5_Tw1,43,FWD,8.0,0.8,1.5,1.0,0.7288135593220338,-0.023759214076956248,0.0032269662006689,0.07571755981488046
PHASE1__Ma8_Kn0.8_FWD_hphs1.5_Tw1,44,FWD,8.0,0.8,1.5,1.0,0.7457627118644068,-0.024230137621662318,0.0028834943098730915,0.0665166863780811
PHASE1__Ma8_Kn0.8_FWD_hphs1.5_Tw1,45,FWD,8.0,0.8,1.5,1.0,0.7627118644067796,-0.02356946942851706,0.0031088322455507128,0.07298430926288198
PHASE1__Ma8_Kn0.8_FWD_hphs1.5_Tw1,46,FWD,8.0,0.8,1.5,1.0,0.7796610169491526,-0.02346378729654277,0.0032888472627199206,0.07258323829659297
PHASE1__Ma8_Kn0.8_FWD_hphs1.5_Tw1,47,FWD,8.0,0.8,1.5,1.0,0.7966101694915254,-0.02293624389918459,0.003329642688839389,0.07499956358926364
PHASE1__Ma8_Kn0.8_FWD_hphs1.5_Tw1,48,FWD,8.0,0.8,1.5,1.0,0.8135593220338984,-0.023003890375219715,0.0031363459607821878,0.06449718941101232
PHASE1__Ma8_Kn0.8_FWD_hphs1.5_Tw1,49,FWD,8.0,0.8,1.5,1.0,0.8305084745762712,-0.022673091673729263,0.003111011201251682,0.06902224854653752
PHASE1__Ma8_Kn0.8_FWD_hphs1.5_Tw1,50,FWD,8.0,0.8,1.5,1.0,0.847457627118644,-0.02266094999854347,0.003011531154704201,0.06099729368685138
PHASE1__Ma8_Kn0.8_FWD_hphs1.5_Tw1,51,FWD,8.0,0.8,1.5,1.0,0.864406779661017,-0.022137433177139763,0.0031402303252770136,0.06275247413911264
PHASE1__Ma8_Kn0.8_FWD_hphs1.5_Tw1,52,FWD,8.0,0.8,1.5,1.0,0.8813559322033898,-0.022160663423030948,0.00315651010002963,0.06132595691874689
PHASE1__Ma8_Kn0.8_FWD_hphs1.5_Tw1,53,FWD,8.0,0.8,1.5,1.0,0.8983050847457628,-0.021927431754283466,0.0030464232426910868,0.05525799078667265
PHASE1__Ma8_Kn0.8_FWD_hphs1.5_Tw1,54,FWD,8.0,0.8,1.5,1.0,0.9152542372881356,-0.021214541968374828,0.0031833710884431937,0.056041323678871116
PHASE1__Ma8_Kn0.8_FWD_hphs1.5_Tw1,55,FWD,8.0,0.8,1.5,1.0,0.9322033898305084,-0.020942717117786794,0.003240116726265058,0.06035128093155936
PHASE1__Ma8_Kn0.8_FWD_hphs1.5_Tw1,56,FWD,8.0,0.8,1.5,1.0,0.9491525423728814,-0.020667485164468053,0.0032139116643106697,0.05950261137277926
PHASE1__Ma8_Kn0.8_FWD_hphs1.5_Tw1,57,FWD,8.0,0.8,1.5,1.0,0.9661016949152542,-0.02058497133106257,0.0030734634110154498,0.059508126805672516
PHASE1__Ma8_Kn0.8_FWD_hphs1.5_Tw1,58,FWD,8.0,0.8,1.5,1.0,0.9830508474576272,-0.019652230498039776,0.0033378977633012107,0.061171383376379514
PHASE1__Ma8_Kn0.8_FWD_hphs1.5_Tw1,59,FWD,8.0,0.8,1.5,1.0,1.0,-0.019892586108860553,0.003280688177496027,0.06225665086414463
PHASE1__Ma8_Kn0.8_ISO_hphs1.5_Tw1,0,ISO,8.0,0.8,1.5,1.0,0.0,0.4353341265802309,0.09211479232125351,0.6089661335739451
PHASE1__Ma8_Kn0.8_ISO_hphs1.5_Tw1,1,ISO,8.0,0.8,1.5,1.0,0.01694915254237288,0.4493261682854085,0.1092821475605786,0.5405670164678936
PHASE1__Ma8_Kn0.8_ISO_hphs1.5_Tw1,2,ISO,8.0,0.8,1.5,1.0,0.03389830508474576,0.46549937521146223,0.12343416087245372,0.4641676531093049
PHASE1__Ma8_Kn0.8_ISO_hphs1.5_Tw1,3,ISO,8.0,0.8,1.5,1.0,0.05084745762711865,0.4825974556605971,0.13616873310425637,0.4020614685467883
PHASE1__Ma8_Kn0.8_ISO_hphs1.5_Tw1,4,ISO,8.0,0.8,1.5,1.0,0.06779661016949153,0.49913243494932946,0.14811107415902522,0.33401874013294525
PHASE1__Ma8_Kn0.8_ISO_hphs1.5_Tw1,5,ISO,8.0,0.8,1.5,1.0,0.0847457627118644,0.5145374950779148,0.15926342378564534,0.26324067316585026
PHASE1__Ma8_Kn0.8_ISO_hphs1.5_Tw1,6,ISO,8.0,0.8,1.5,1.0,0.1016949152542373,0.5331192138979665,0.17161819859937888,0.17651204605808068
PHASE1__Ma8_Kn0.8_ISO_hphs1.5_Tw1,7,ISO,8.0,0.8,1.5,1.0,0.11864406779661017,0.5509073875183753,0.18268767751725434,0.10430858243562703
PHASE1__Ma8_Kn0.8_ISO_hphs1.5_Tw1,8,ISO,8.0,0.8,1.5,1.0,0.13559322033898305,0.5686001622623245,0.193411275214462,0.028002180553394408
PHASE1__Ma8_Kn0.8_ISO_hphs1.5_Tw1,9,ISO,8.0,0.8,1.5,1.0,0.15254237288135594,0.5867959492639706,0.20471560780113504,0.06900542060193533
PHASE1__Ma8_Kn0.8_ISO_hphs1.5_Tw1,10,ISO,8.0,0.8,1.5,1.0,0.1694915254237288,0.6036827893438014,0.21527602379386485,0.16250834215894888
PHASE1__Ma8_Kn0.8_ISO_hphs1.5_Tw1,11,ISO,8.0,0.8,1.5,1.0,0.1864406779661017,0.6212262710408232,0.22575004947245927,0.2709987838178614
PHASE1__Ma8_Kn0.8_ISO_hphs1.5_Tw1,12,ISO,8.0,0.8,1.5,1.0,0.2033898305084746,0.6382865636233083,0.2356849355980239,0.3735576464014624
PHASE1__Ma8_Kn0.8_ISO_hphs1.5_Tw1,13,ISO,8.0,0.8,1.5,1.0,0.22033898305084745,0.6562327029157771,0.2467592139777958,0.4759332233717247
PHASE1__Ma8_Kn0.8_ISO_hphs1.5_Tw1,14,ISO,8.0,0.8,1.5,1.0,0.23728813559322035,0.67340450067854,0.25707933691157875,0.5935690036465853
PHASE1__Ma8_Kn0.8_ISO_hphs1.5_Tw1,15,ISO,8.0,0.8,1.5,1.0,0.2542372881355932,0.6896408938734178,0.2670343807771083,0.7112183817154897
PHASE1__Ma8_Kn0.8_ISO_hphs1.5_Tw1,16,ISO,8.0,0.8,1.5,1.0,0.2711864406779661,0.7082870379087409,0.27833679357902275,0.8442269423798319
PHASE1__Ma8_Kn0.8_ISO_hphs1.5_Tw1,17,ISO,8.0,0.8,1.5,1.0,0.288135593220339,0.7233092635850396,0.28795395532704515,0.973490417611288
PHASE1__Ma8_Kn0.8_ISO_hphs1.5_Tw1,18,ISO,8.0,0.8,1.5,1.0,0.3050847457627119,0.7406730980471694,0.2996400051165458,1.1357424571657961
PHASE1__Ma8_Kn0.8_ISO_hphs1.5_Tw1,19,ISO,8.0,0.8,1.5,1.0,0.3220338983050847,0.7553855871115855,0.30918133536660497,1.2653218439357632
PHASE1__Ma8_Kn0.8_ISO_hphs1.5_Tw1,20,ISO,8.0,0.8,1.5,1.0,0.3389830508474576,0.7712131279787785,0.3201113099253582,1.4364330043548845
PHASE1__Ma8_Kn0.8_ISO_hphs1.5_Tw1,21,ISO,8.0,0.8,1.5,1.0,0.3559322033898305,0.7841601183554648,0.32933267604899014,1.6028314223785358
PHASE1__Ma8_Kn0.8_ISO_hphs1.5_Tw1,22,ISO,8.0,0.8,1.5,1.0,0.3728813559322034,0.7993434070699422,0.34129613473610326,1.7922942287425914
PHASE1__Ma8_Kn0.8_ISO_hphs1.5_Tw1,23,ISO,8.0,0.8,1.5,1.0,0.3898305084745763,0.8133249177303158,0.35184535198440803,1.9848668189578866
PHASE1__Ma8_Kn0.8_ISO_hphs1.5_Tw1,24,ISO,8.0,0.8,1.5,1.0,0.4067796610169492,0.8238993256599825,0.36232737676616317,2.182393117128305
PHASE1__Ma8_Kn0.8_ISO_hphs1.5_Tw1,25,ISO,8.0,0.8,1.5,1.0,0.423728813559322,0.8356383432503272,0.37413085339006263,2.406967641037162
PHASE1__Ma8_Kn0.8_ISO_hphs1.5_Tw1,26,ISO,8.0,0.8,1.5,1.0,0.4406779661016949,0.8446702628528193,0.3859855242741905,2.658231155942801
PHASE1__Ma8_Kn0.8_ISO_hphs1.5_Tw1,27,ISO,8.0,0.8,1.5,1.0,0.4576271186440678,0.850710126784527,0.39733145219729904,2.9239156056611826
PHASE1__Ma8_Kn0.8_ISO_hphs1.5_Tw1,28,ISO,8.0,0.8,1.5,1.0,0.4745762711864407,0.8573199060820984,0.4122193829999567,3.2779948865884467
PHASE1__Ma8_Kn0.8_ISO_hphs1.5_Tw1,29,ISO,8.0,0.8,1.5,1.0,0.4915254237288136,0.8653978369199925,0.43211155273993584,3.676242648275546
PHASE1__Ma8_Kn0.8_ISO_hphs1.5_Tw1,30,ISO,8.0,0.8,1.5,1.0,0.5084745762711864,-0.027451782458638482,0.0010112114255192638,0.007327145965660845
PHASE1__Ma8_Kn0.8_ISO_hphs1.5_Tw1,31,ISO,8.0,0.8,1.5,1.0,0.5254237288135594,-0.027494408411165745,0.0009413344599488273,0.002855062701710945
PHASE1__Ma8_Kn0.8_ISO_hphs1.5_Tw1,32,ISO,8.0,0.8,1.5,1.0,0.5423728813559322,-0.027413845918415124,0.0009211735203426494,0.0004969528829788595
PHASE1__Ma8_Kn0.8_ISO_hphs1.5_Tw1,33,ISO,8.0,0.8,1.5,1.0,0.559322033898305,-0.02729294332933293,0.000891244075956649,0.001765415501086359
PHASE1__Ma8_Kn0.8_ISO_hphs1.5_Tw1,34,ISO,8.0,0.8,1.5,1.0,0.576271186440678,-0.027110812006813815,0.0008932726485181973,0.0033315132737091113
PHASE1__Ma8_Kn0.8_ISO_hphs1.5_Tw1,35,ISO,8.0,0.8,1.5,1.0,0.5932203389830508,-0.026954890596392188,0.0008965106854776407,0.0038003936692137565
PHASE1__Ma8_Kn0.8_ISO_hphs1.5_Tw1,36,ISO,8.0,0.8,1.5,1.0,0.6101694915254238,-0.026803801077115934,0.0008770312694607526,0.005083984307420707
PHASE1__Ma8_Kn0.8_ISO_hphs1.5_Tw1,37,ISO,8.0,0.8,1.5,1.0,0.6271186440677966,-0.026630658311073644,0.0008715470843337905,0.006443384227973682
PHASE1__Ma8_Kn0.8_ISO_hphs1.5_Tw1,38,ISO,8.0,0.8,1.5,1.0,0.6440677966101694,-0.026444258818042788,0.0008842528597942145,0.00647988639900423
PHASE1__Ma8_Kn0.8_ISO_hphs1.5_Tw1,39,ISO,8.0,0.8,1.5,1.0,0.6610169491525424,-0.02625246990796518,0.0008885947729898317,0.006840142556884323
PHASE1__Ma8_Kn0.8_ISO_hphs1.5_Tw1,40,ISO,8.0,0.8,1.5,1.0,0.6779661016949152,-0.02610280517710358,0.000881824332074632,0.007609388733663172
PHASE1__Ma8_Kn0.8_ISO_hphs1.5_Tw1,41,ISO,8.0,0.8,1.5,1.0,0.6949152542372882,-0.02592111368057334,0.0008877564669785924,0.007301866718045461
PHASE1__Ma8_Kn0.8_ISO_hphs1.5_Tw1,42,ISO,8.0,0.8,1.5,1.0,0.711864406779661,-0.025723563669514716,0.0008969554356133745,0.007556366824135789
PHASE1__Ma8_Kn0.8_ISO_hphs1.5_Tw1,43,ISO,8.0,0.8,1.5,1.0,0.7288135593220338,-0.02558740345493119,0.0008848319948630478,0.008090475520938186
PHASE1__Ma8_Kn0.8_ISO_hphs1.5_Tw1,44,ISO,8.0,0.8,1.5,1.0,0.7457627118644068,-0.025398959700261913,0.0008919767938061672,0.007817393871316707
PHASE1__Ma8_Kn0.8_ISO_hphs1.5_Tw1,45,ISO,8.0,0.8,1.5,1.0,0.7627118644067796,-0.025231639982523018,0.0008997007278181198,0.007815483855609965
PHASE1__Ma8_Kn0.8_ISO_hphs1.5_Tw1,46,ISO,8.0,0.8,1.5,1.0,0.7796610169491526,-0.02505391311462487,0.0008939253753361089,0.007411714757126046
PHASE1__Ma8_Kn0.8_ISO_hphs1.5_Tw1,47,ISO,8.0,0.8,1.5,1.0,0.7966101694915254,-0.024915832533047674,0.0009039434521345446,0.006981951736276899
PHASE1__Ma8_Kn0.8_ISO_hphs1.5_Tw1,48,ISO,8.0,0.8,1.5,1.0,0.8135593220338984,-0.02474646855367035,0.0009028907701585991,0.006775085018580948
PHASE1__Ma8_Kn0.8_ISO_hphs1.5_Tw1,49,ISO,8.0,0.8,1.5,1.0,0.8305084745762712,-0.02461910485886429,0.0009044489954542995,0.006071342261254919
PHASE1__Ma8_Kn0.8_ISO_hphs1.5_Tw1,50,ISO,8.0,0.8,1.5,1.0,0.847457627118644,-0.024513918305469014,0.0009005902280895874,0.005585151557836188
PHASE1__Ma8_Kn0.8_ISO_hphs1.5_Tw1,51,ISO,8.0,0.8,1.5,1.0,0.864406779661017,-0.0243031735147442,0.000907923805867299,0.005362726434053857
PHASE1__Ma8_Kn0.8_ISO_hphs1.5_Tw1,52,ISO,8.0,0.8,1.5,1.0,0.8813559322033898,-0.024220597734016337,0.0009072134855066306,0.00418508474657324
PHASE1__Ma8_Kn0.8_ISO_hphs1.5_Tw1,53,ISO,8.0,0.8,1.5,1.0,0.8983050847457628,-0.024129225433511016,0.0009032491299801976,0.0032444114978374735
PHASE1__Ma8_Kn0.8_ISO_hphs1.5_Tw1,54,ISO,8.0,0.8,1.5,1.0,0.9152542372881356,-0.02404410981256572,0.0009031307432534195,0.002268344140159513
PHASE1__Ma8_Kn0.8_ISO_hphs1.5_Tw1,55,ISO,8.0,0.8,1.5,1.0,0.9322033898305084,-0.024045410706335625,0.0008946772910332128,0.0009137549926107107
PHASE1__Ma8_Kn0.8_ISO_hphs1.5_Tw1,56,ISO,8.0,0.8,1.5,1.0,0.9491525423728814,-0.02394939235665207,0.000892680714884307,0.00023228618070208137
PHASE1__Ma8_Kn0.8_ISO_hphs1.5_Tw1,57,ISO,8.0,0.8,1.5,1.0,0.9661016949152542,-0.023973923496313155,0.0008956595809013443,0.00212638949599456
PHASE1__Ma8_Kn0.8_ISO_hphs1.5_Tw1,58,ISO,8.0,0.8,1.5,1.0,0.9830508474576272,-0.024019516725582255,0.0008848703905582191,0.0037974938606006987
PHASE1__Ma8_Kn0.8_ISO_hphs1.5_Tw1,59,ISO,8.0,0.8,1.5,1.0,1.0,-0.024223075626911398,0.0008642423033274573,0.005846409451287174
