model,case_id,config,target,relL2,Ma,Kn,geom,hphs,TwTinf
extratrees,PHASE1__Ma4_Kn0.1_BWD_hphs1.5_Tw1,parameter_only,Cp,0.5017132317436009,4.0,0.1,BWD,1.5,1.0
extratrees,PHASE1__Ma4_Kn0.1_BWD_hphs1.5_Tw1,parameter_only,Cq,2.0263034502626645,4.0,0.1,BWD,1.5,1.0
extratrees,PHASE1__Ma4_Kn0.1_BWD_hphs1.5_Tw1,parameter_only,tau_abs,0.7853528722155065,4.0,0.1,BWD,1.5,1.0
extratrees,PHASE1__Ma4_Kn0.1_FWD_hphs1.5_Tw1,parameter_only,Cp,0.5393288096051525,4.0,0.1,FWD,1.5,1.0
extratrees,PHASE1__Ma4_Kn0.1_FWD_hphs1.5_Tw1,parameter_only,Cq,1.945724489689039,4.0,0.1,FWD,1.5,1.0
extratrees,PHASE1__Ma4_Kn0.1_FWD_hphs1.5_Tw1,parameter_only,tau_abs,1.1351945140980437,4.0,0.1,FWD,1.5,1.0
extratrees,PHASE1__Ma4_Kn0.1_ISO_hphs1.5_Tw1,parameter_only,Cp,0.5468430507966338,4.0,0.1,ISO,1.5,1.0
extratrees,PHASE1__Ma4_Kn0.1_ISO_hphs1.5_Tw1,parameter_only,Cq,1.8774805025657813,4.0,0.1,ISO,1.5,1.0
extratrees,PHASE1__Ma4_Kn0.1_ISO_hphs1.5_Tw1,parameter_only,tau_abs,0.5810933817268334,4.0,0.1,ISO,1.5,1.0
extratrees,PHASE1__Ma4_Kn0.33_BWD_hphs1.5_Tw1,parameter_only,Cp,1.0059508629921838,4.0,0.33,BWD,1.5,1.0
extratrees,PHASE1__Ma4_Kn0.33_BWD_hphs1.5_Tw1,parameter_only,Cq,1.7916272993388629,4.0,0.33,BWD,1.5,1.0
extratrees,PHASE1__Ma4_Kn0.33_BWD_hphs1.5_Tw1,parameter_only,tau_abs,0.8907277861351288,4.0,0.33,BWD,1.5,1.0
extratrees,PHASE1__Ma4_Kn0.33_FWD_hphs1.5_Tw1,parameter_only,Cp,0.964921156538881,4.0,0.33,FWD,1.5,1.0
extratrees,PHASE1__Ma4_Kn0.33_FWD_hphs1.5_Tw1,parameter_only,Cq,2.146934360629315,4.0,0.33,FWD,1.5,1.0
extratrees,PHASE1__Ma4_Kn0.33_FWD_hphs1.5_Tw1,parameter_only,tau_abs,1.2193641205729917,4.0,0.33,FWD,1.5,1.0
extratrees,PHASE1__Ma4_Kn0.33_ISO_hphs1.5_Tw1,parameter_only,Cp,0.9646151984801711,4.0,0.33,ISO,1.5,1.0
extratrees,PHASE1__Ma4_Kn0.33_ISO_hphs1.5_Tw1,parameter_only,Cq,1.9461980361725888,4.0,0.33,ISO,1.5,1.0
extratrees,PHASE1__Ma4_Kn0.33_ISO_hphs1.5_Tw1,parameter_only,tau_abs,0.9094800687903852,4.0,0.33,ISO,1.5,1.0
extratrees,PHASE1__Ma4_Kn0.8_BWD_hphs1.5_Tw1,parameter_only,Cp,1.5944777172686522,4.0,0.8,BWD,1.5,1.0
extratrees,PHASE1__Ma4_Kn0.8_BWD_hphs1.5_Tw1,parameter_only,Cq,2.120480709229722,4.0,0.8,BWD,1.5,1.0
extratrees,PHASE1__Ma4_Kn0.8_BWD_hphs1.5_Tw1,parameter_only,tau_abs,1.1724031288142807,4.0,0.8,BWD,1.5,1.0
extratrees,PHASE1__Ma4_Kn0.8_FWD_hphs1.5_Tw1,parameter_only,Cp,1.2412489807976408,4.0,0.8,FWD,1.5,1.0
extratrees,PHASE1__Ma4_Kn0.8_FWD_hphs1.5_Tw1,parameter_only,Cq,1.763813130848125,4.0,0.8,FWD,1.5,1.0
extratrees,PHASE1__Ma4_Kn0.8_FWD_hphs1.5_Tw1,parameter_only,tau_abs,0.768891610575461,4.0,0.8,FWD,1.5,1.0
extratrees,PHASE1__Ma4_Kn0.8_ISO_hphs1.5_Tw1,parameter_only,Cp,1.2765102627295613,4.0,0.8,ISO,1.5,1.0
extratrees,PHASE1__Ma4_Kn0.8_ISO_hphs1.5_Tw1,parameter_only,Cq,1.8242221187549403,4.0,0.8,ISO,1.5,1.0
extratrees,PHASE1__Ma4_Kn0.8_ISO_hphs1.5_Tw1,parameter_only,tau_abs,1.2150216262751419,4.0,0.8,ISO,1.5,1.0
extratrees,PHASE1__Ma6_Kn0.1_BWD_hphs1.5_Tw1,parameter_only,Cp,0.10206701622103029,6.0,0.1,BWD,1.5,1.0
extratrees,PHASE1__Ma6_Kn0.1_BWD_hphs1.5_Tw1,parameter_only,Cq,0.23937511412863302,6.0,0.1,BWD,1.5,1.0
extratrees,PHASE1__Ma6_Kn0.1_BWD_hphs1.5_Tw1,parameter_only,tau_abs,0.17868494288853937,6.0,0.1,BWD,1.5,1.0
extratrees,PHASE1__Ma6_Kn0.1_FWD_hphs1.5_Tw1,parameter_only,Cp,0.06689401632713213,6.0,0.1,FWD,1.5,1.0
extratrees,PHASE1__Ma6_Kn0.1_FWD_hphs1.5_Tw1,parameter_only,Cq,0.2953500658421806,6.0,0.1,FWD,1.5,1.0
extratrees,PHASE1__Ma6_Kn0.1_FWD_hphs1.5_Tw1,parameter_only,tau_abs,0.23162007571718768,6.0,0.1,FWD,1.5,1.0
extratrees,PHASE1__Ma6_Kn0.1_ISO_hphs1.5_Tw1,parameter_only,Cp,0.029005373435317113,6.0,0.1,ISO,1.5,1.0
extratrees,PHASE1__Ma6_Kn0.1_ISO_hphs1.5_Tw1,parameter_only,Cq,0.2838315075819902,6.0,0.1,ISO,1.5,1.0
extratrees,PHASE1__Ma6_Kn0.1_ISO_hphs1.5_Tw1,parameter_only,tau_abs,0.2665406179194479,6.0,0.1,ISO,1.5,1.0
extratrees,PHASE1__Ma6_Kn0.33_BWD_hphs1.5_Tw1,parameter_only,Cp,0.2415607544134907,6.0,0.33,BWD,1.5,1.0
extratrees,PHASE1__Ma6_Kn0.33_BWD_hphs1.5_Tw1,parameter_only,Cq,0.3154958386116582,6.0,0.33,BWD,1.5,1.0
extratrees,PHASE1__Ma6_Kn0.33_BWD_hphs1.5_Tw1,parameter_only,tau_abs,0.11154749654466702,6.0,0.33,BWD,1.5,1.0
extratrees,PHASE1__Ma6_Kn0.33_FWD_hphs1.5_Tw1,parameter_only,Cp,0.20118215310713472,6.0,0.33,FWD,1.5,1.0
extratrees,PHASE1__Ma6_Kn0.33_FWD_hphs1.5_Tw1,parameter_only,Cq,0.35342623835850284,6.0,0.33,FWD,1.5,1.0
extratrees,PHASE1__Ma6_Kn0.33_FWD_hphs1.5_Tw1,parameter_only,tau_abs,0.30640716192462464,6.0,0.33,FWD,1.5,1.0
extratrees,PHASE1__Ma6_Kn0.33_ISO_hphs1.5_Tw1,parameter_only,Cp,0.2943980255777011,6.0,0.33,ISO,1.5,1.0
extratrees,PHASE1__Ma6_Kn0.33_ISO_hphs1.5_Tw1,parameter_only,Cq,0.46773047971102,6.0,0.33,ISO,1.5,1.0
extratrees,PHASE1__Ma6_Kn0.33_ISO_hphs1.5_Tw1,parameter_only,tau_abs,0.20726660225969729,6.0,0.33,ISO,1.5,1.0
extratrees,PHASE1__Ma6_Kn0.8_BWD_hphs1.5_Tw1,parameter_only,Cp,0.5904352037254579,6.0,0.8,BWD,1.5,1.0
extratrees,PHASE1__Ma6_Kn0.8_BWD_hphs1.5_Tw1,parameter_only,Cq,0.5714303528456831,6.0,0.8,BWD,1.5,1.0
extratrees,PHASE1__Ma6_Kn0.8_BWD_hphs1.5_Tw1,parameter_only,tau_abs,0.3074455742815334,6.0,0.8,BWD,1.5,1.0
extratrees,PHASE1__Ma6_Kn0.8_FWD_hphs1.5_Tw1,parameter_only,Cp,0.43420390285930804,6.0,0.8,FWD,1.5,1.0
extratrees,PHASE1__Ma6_Kn0.8_FWD_hphs1.5_Tw1,parameter_only,Cq,0.46684597810923034,6.0,0.8,FWD,1.5,1.0
extratrees,PHASE1__Ma6_Kn0.8_FWD_hphs1.5_Tw1,parameter_only,tau_abs,0.22650875795062053,6.0,0.8,FWD,1.5,1.0
extratrees,PHASE1__Ma6_Kn0.8_ISO_hphs1.5_Tw1,parameter_only,Cp,0.4401330354631944,6.0,0.8,ISO,1.5,1.0
extratrees,PHASE1__Ma6_Kn0.8_ISO_hphs1.5_Tw1,parameter_only,Cq,0.40444597032709856,6.0,0.8,ISO,1.5,1.0
extratrees,PHASE1__Ma6_Kn0.8_ISO_hphs1.5_Tw1,parameter_only,tau_abs,0.2813099552883744,6.0,0.8,ISO,1.5,1.0
extratrees,PHASE1__Ma8_Kn0.1_BWD_hphs1.5_Tw1,parameter_only,Cp,0.47273210328502074,8.0,0.1,BWD,1.5,1.0
extratrees,PHASE1__Ma8_Kn0.1_BWD_hphs1.5_Tw1,parameter_only,Cq,0.490307870211697,8.0,0.1,BWD,1.5,1.0
extratrees,PHASE1__Ma8_Kn0.1_BWD_hphs1.5_Tw1,parameter_only,tau_abs,0.4557856175755491,8.0,0.1,BWD,1.5,1.0
extratrees,PHASE1__Ma8_Kn0.1_FWD_hphs1.5_Tw1,parameter_only,Cp,0.4129960753357495,8.0,0.1,FWD,1.5,1.0
extratrees,PHASE1__Ma8_Kn0.1_FWD_hphs1.5_Tw1,parameter_only,Cq,0.47360604747672586,8.0,0.1,FWD,1.5,1.0
extratrees,PHASE1__Ma8_Kn0.1_FWD_hphs1.5_Tw1,parameter_only,tau_abs,0.4784128442686843,8.0,0.1,FWD,1.5,1.0
extratrees,PHASE1__Ma8_Kn0.1_ISO_hphs1.5_Tw1,parameter_only,Cp,0.38725751917084267,8.0,0.1,ISO,1.5,1.0
extratrees,PHASE1__Ma8_Kn0.1_ISO_hphs1.5_Tw1,parameter_only,Cq,0.42276546360738104,8.0,0.1,ISO,1.5,1.0
extratrees,PHASE1__Ma8_Kn0.1_ISO_hphs1.5_Tw1,parameter_only,tau_abs,0.5628080373487261,8.0,0.1,ISO,1.5,1.0
extratrees,PHASE1__Ma8_Kn0.33_BWD_hphs1.5_Tw1,parameter_only,Cp,0.07243627221904783,8.0,0.33,BWD,1.5,1.0
extratrees,PHASE1__Ma8_Kn0.33_BWD_hphs1.5_Tw1,parameter_only,Cq,0.2964182137947645,8.0,0.33,BWD,1.5,1.0
extratrees,PHASE1__Ma8_Kn0.33_BWD_hphs1.5_Tw1,parameter_only,tau_abs,0.3330180143333438,8.0,0.33,BWD,1.5,1.0
extratrees,PHASE1__Ma8_Kn0.33_FWD_hphs1.5_Tw1,parameter_only,Cp,0.10524075094192974,8.0,0.33,FWD,1.5,1.0
extratrees,PHASE1__Ma8_Kn0.33_FWD_hphs1.5_Tw1,parameter_only,Cq,0.2720655468961842,8.0,0.33,FWD,1.5,1.0
extratrees,PHASE1__Ma8_Kn0.33_FWD_hphs1.5_Tw1,parameter_only,tau_abs,0.2928145193085247,8.0,0.33,FWD,1.5,1.0
extratrees,PHASE1__Ma8_Kn0.33_ISO_hphs1.5_Tw1,parameter_only,Cp,0.12572814615523378,8.0,0.33,ISO,1.5,1.0
extratrees,PHASE1__Ma8_Kn0.33_ISO_hphs1.5_Tw1,parameter_only,Cq,0.32210391448819753,8.0,0.33,ISO,1.5,1.0
extratrees,PHASE1__Ma8_Kn0.33_ISO_hphs1.5_Tw1,parameter_only,tau_abs,0.3914177135110593,8.0,0.33,ISO,1.5,1.0
extratrees,PHASE1__Ma8_Kn0.8_BWD_hphs1.5_Tw1,parameter_only,Cp,0.2734512553153611,8.0,0.8,BWD,1.5,1.0
extratrees,PHASE1__Ma8_Kn0.8_BWD_hphs1.5_Tw1,parameter_only,Cq,0.13394597455783866,8.0,0.8,BWD,1.5,1.0
extratrees,PHASE1__Ma8_Kn0.8_BWD_hphs1.5_Tw1,parameter_only,tau_abs,0.2254953264999511,8.0,0.8,BWD,1.5,1.0
extratrees,PHASE1__Ma8_Kn0.8_FWD_hphs1.5_Tw1,parameter_only,Cp,0.2015049583960485,8.0,0.8,FWD,1.5,1.0
extratrees,PHASE1__Ma8_Kn0.8_FWD_hphs1.5_Tw1,parameter_only,Cq,0.09754327140314044,8.0,0.8,FWD,1.5,1.0
extratrees,PHASE1__Ma8_Kn0.8_FWD_hphs1.5_Tw1,parameter_only,tau_abs,0.18782548109391087,8.0,0.8,FWD,1.5,1.0
extratrees,PHASE1__Ma8_Kn0.8_ISO_hphs1.5_Tw1,parameter_only,Cp,0.19364552134561142,8.0,0.8,ISO,1.5,1.0
extratrees,PHASE1__Ma8_Kn0.8_ISO_hphs1.5_Tw1,parameter_only,Cq,0.14904623094516178,8.0,0.8,ISO,1.5,1.0
extratrees,PHASE1__Ma8_Kn0.8_ISO_hphs1.5_Tw1,parameter_only,tau_abs,0.1968397307309566,8.0,0.8,ISO,1.5,1.0
extratrees,PHASE1__Ma4_Kn0.1_BWD_hphs1.5_Tw1,local,Cp,0.10283249413307256,4.0,0.1,BWD,1.5,1.0
extratrees,PHASE1__Ma4_Kn0.1_BWD_hphs1.5_Tw1,local,Cq,0.7080133415267803,4.0,0.1,BWD,1.5,1.0
extratrees,PHASE1__Ma4_Kn0.1_BWD_hphs1.5_Tw1,local,tau_abs,0.15681096454059468,4.0,0.1,BWD,1.5,1.0
extratrees,PHASE1__Ma4_Kn0.1_FWD_hphs1.5_Tw1,local,Cp,0.0953071274682559,4.0,0.1,FWD,1.5,1.0
extratrees,PHASE1__Ma4_Kn0.1_FWD_hphs1.5_Tw1,local,Cq,0.6460693715132868,4.0,0.1,FWD,1.5,1.0
extratrees,PHASE1__Ma4_Kn0.1_FWD_hphs1.5_Tw1,local,tau_abs,0.6209873729305129,4.0,0.1,FWD,1.5,1.0
extratrees,PHASE1__Ma4_Kn0.1_ISO_hphs1.5_Tw1,local,Cp,0.05651089854744056,4.0,0.1,ISO,1.5,1.0
extratrees,PHASE1__Ma4_Kn0.1_ISO_hphs1.5_Tw1,local,Cq,0.3418673668735763,4.0,0.1,ISO,1.5,1.0
extratrees,PHASE1__Ma4_Kn0.1_ISO_hphs1.5_Tw1,local,tau_abs,0.2798696126860975,4.0,0.1,ISO,1.5,1.0
extratrees,PHASE1__Ma4_Kn0.33_BWD_hphs1.5_Tw1,local,Cp,0.35850611450302483,4.0,0.33,BWD,1.5,1.0
extratrees,PHASE1__Ma4_Kn0.33_BWD_hphs1.5_Tw1,local,Cq,0.6060112989733358,4.0,0.33,BWD,1.5,1.0
extratrees,PHASE1__Ma4_Kn0.33_BWD_hphs1.5_Tw1,local,tau_abs,0.1556903666913349,4.0,0.33,BWD,1.5,1.0
extratrees,PHASE1__Ma4_Kn0.33_FWD_hphs1.5_Tw1,local,Cp,0.21419910375463042,4.0,0.33,FWD,1.5,1.0
extratrees,PHASE1__Ma4_Kn0.33_FWD_hphs1.5_Tw1,local,Cq,0.6313040497753007,4.0,0.33,FWD,1.5,1.0
extratrees,PHASE1__Ma4_Kn0.33_FWD_hphs1.5_Tw1,local,tau_abs,0.7657707369925675,4.0,0.33,FWD,1.5,1.0
extratrees,PHASE1__Ma4_Kn0.33_ISO_hphs1.5_Tw1,local,Cp,0.11853406461272299,4.0,0.33,ISO,1.5,1.0
extratrees,PHASE1__Ma4_Kn0.33_ISO_hphs1.5_Tw1,local,Cq,0.3208749593762425,4.0,0.33,ISO,1.5,1.0
extratrees,PHASE1__Ma4_Kn0.33_ISO_hphs1.5_Tw1,local,tau_abs,0.2398690073003293,4.0,0.33,ISO,1.5,1.0
extratrees,PHASE1__Ma4_Kn0.8_BWD_hphs1.5_Tw1,local,Cp,1.178652766648234,4.0,0.8,BWD,1.5,1.0
extratrees,PHASE1__Ma4_Kn0.8_BWD_hphs1.5_Tw1,local,Cq,0.9951591255914968,4.0,0.8,BWD,1.5,1.0
extratrees,PHASE1__Ma4_Kn0.8_BWD_hphs1.5_Tw1,local,tau_abs,0.5435982803633594,4.0,0.8,BWD,1.5,1.0
extratrees,PHASE1__Ma4_Kn0.8_FWD_hphs1.5_Tw1,local,Cp,0.7613636951585382,4.0,0.8,FWD,1.5,1.0
extratrees,PHASE1__Ma4_Kn0.8_FWD_hphs1.5_Tw1,local,Cq,0.80935369349473,4.0,0.8,FWD,1.5,1.0
extratrees,PHASE1__Ma4_Kn0.8_FWD_hphs1.5_Tw1,local,tau_abs,0.3266237643008472,4.0,0.8,FWD,1.5,1.0
extratrees,PHASE1__Ma4_Kn0.8_ISO_hphs1.5_Tw1,local,Cp,0.6107970180430796,4.0,0.8,ISO,1.5,1.0
extratrees,PHASE1__Ma4_Kn0.8_ISO_hphs1.5_Tw1,local,Cq,0.569047757218054,4.0,0.8,ISO,1.5,1.0
extratrees,PHASE1__Ma4_Kn0.8_ISO_hphs1.5_Tw1,local,tau_abs,0.7227645938433772,4.0,0.8,ISO,1.5,1.0
extratrees,PHASE1__Ma6_Kn0.1_BWD_hphs1.5_Tw1,local,Cp,0.06393128535344224,6.0,0.1,BWD,1.5,1.0
extratrees,PHASE1__Ma6_Kn0.1_BWD_hphs1.5_Tw1,local,Cq,0.267118842514313,6.0,0.1,BWD,1.5,1.0
extratrees,PHASE1__Ma6_Kn0.1_BWD_hphs1.5_Tw1,local,tau_abs,0.21964212263891153,6.0,0.1,BWD,1.5,1.0
extratrees,PHASE1__Ma6_Kn0.1_FWD_hphs1.5_Tw1,local,Cp,0.08026118296233657,6.0,0.1,FWD,1.5,1.0
extratrees,PHASE1__Ma6_Kn0.1_FWD_hphs1.5_Tw1,local,Cq,0.2967309009911059,6.0,0.1,FWD,1.5,1.0
extratrees,PHASE1__Ma6_Kn0.1_FWD_hphs1.5_Tw1,local,tau_abs,0.38802636599725887,6.0,0.1,FWD,1.5,1.0
extratrees,PHASE1__Ma6_Kn0.1_ISO_hphs1.5_Tw1,local,Cp,0.05286595702172061,6.0,0.1,ISO,1.5,1.0
extratrees,PHASE1__Ma6_Kn0.1_ISO_hphs1.5_Tw1,local,Cq,0.15388204901629757,6.0,0.1,ISO,1.5,1.0
extratrees,PHASE1__Ma6_Kn0.1_ISO_hphs1.5_Tw1,local,tau_abs,0.3353688901636429,6.0,0.1,ISO,1.5,1.0
extratrees,PHASE1__Ma6_Kn0.33_BWD_hphs1.5_Tw1,local,Cp,0.1742424959328025,6.0,0.33,BWD,1.5,1.0
extratrees,PHASE1__Ma6_Kn0.33_BWD_hphs1.5_Tw1,local,Cq,0.18022321367563418,6.0,0.33,BWD,1.5,1.0
extratrees,PHASE1__Ma6_Kn0.33_BWD_hphs1.5_Tw1,local,tau_abs,0.09086171907106556,6.0,0.33,BWD,1.5,1.0
extratrees,PHASE1__Ma6_Kn0.33_FWD_hphs1.5_Tw1,local,Cp,0.13500427796010936,6.0,0.33,FWD,1.5,1.0
extratrees,PHASE1__Ma6_Kn0.33_FWD_hphs1.5_Tw1,local,Cq,0.2853476140445236,6.0,0.33,FWD,1.5,1.0
extratrees,PHASE1__Ma6_Kn0.33_FWD_hphs1.5_Tw1,local,tau_abs,0.28395977749257845,6.0,0.33,FWD,1.5,1.0
extratrees,PHASE1__Ma6_Kn0.33_ISO_hphs1.5_Tw1,local,Cp,0.1447951603017273,6.0,0.33,ISO,1.5,1.0
extratrees,PHASE1__Ma6_Kn0.33_ISO_hphs1.5_Tw1,local,Cq,0.18924070683821306,6.0,0.33,ISO,1.5,1.0
extratrees,PHASE1__Ma6_Kn0.33_ISO_hphs1.5_Tw1,local,tau_abs,0.24892635678091993,6.0,0.33,ISO,1.5,1.0
extratrees,PHASE1__Ma6_Kn0.8_BWD_hphs1.5_Tw1,local,Cp,0.6427534405937475,6.0,0.8,BWD,1.5,1.0
extratrees,PHASE1__Ma6_Kn0.8_BWD_hphs1.5_Tw1,local,Cq,0.46033666570813,6.0,0.8,BWD,1.5,1.0
extratrees,PHASE1__Ma6_Kn0.8_BWD_hphs1.5_Tw1,local,tau_abs,0.24543988185959273,6.0,0.8,BWD,1.5,1.0
extratrees,PHASE1__Ma6_Kn0.8_FWD_hphs1.5_Tw1,local,Cp,0.40235344296321457,6.0,0.8,FWD,1.5,1.0
extratrees,PHASE1__Ma6_Kn0.8_FWD_hphs1.5_Tw1,local,Cq,0.49652877265558387,6.0,0.8,FWD,1.5,1.0
extratrees,PHASE1__Ma6_Kn0.8_FWD_hphs1.5_Tw1,local,tau_abs,0.24520784283079092,6.0,0.8,FWD,1.5,1.0
extratrees,PHASE1__Ma6_Kn0.8_ISO_hphs1.5_Tw1,local,Cp,0.35544856397582053,6.0,0.8,ISO,1.5,1.0
extratrees,PHASE1__Ma6_Kn0.8_ISO_hphs1.5_Tw1,local,Cq,0.28589689084742953,6.0,0.8,ISO,1.5,1.0
extratrees,PHASE1__Ma6_Kn0.8_ISO_hphs1.5_Tw1,local,tau_abs,0.4002991079984807,6.0,0.8,ISO,1.5,1.0
extratrees,PHASE1__Ma8_Kn0.1_BWD_hphs1.5_Tw1,local,Cp,0.25376983935238673,8.0,0.1,BWD,1.5,1.0
extratrees,PHASE1__Ma8_Kn0.1_BWD_hphs1.5_Tw1,local,Cq,0.2749786087044868,8.0,0.1,BWD,1.5,1.0
extratrees,PHASE1__Ma8_Kn0.1_BWD_hphs1.5_Tw1,local,tau_abs,0.44422361112384934,8.0,0.1,BWD,1.5,1.0
extratrees,PHASE1__Ma8_Kn0.1_FWD_hphs1.5_Tw1,local,Cp,0.32456203911299786,8.0,0.1,FWD,1.5,1.0
extratrees,PHASE1__Ma8_Kn0.1_FWD_hphs1.5_Tw1,local,Cq,0.42065889933824024,8.0,0.1,FWD,1.5,1.0
extratrees,PHASE1__Ma8_Kn0.1_FWD_hphs1.5_Tw1,local,tau_abs,0.6086319160725966,8.0,0.1,FWD,1.5,1.0
extratrees,PHASE1__Ma8_Kn0.1_ISO_hphs1.5_Tw1,local,Cp,0.22027197511912627,8.0,0.1,ISO,1.5,1.0
extratrees,PHASE1__Ma8_Kn0.1_ISO_hphs1.5_Tw1,local,Cq,0.29527517243029733,8.0,0.1,ISO,1.5,1.0
extratrees,PHASE1__Ma8_Kn0.1_ISO_hphs1.5_Tw1,local,tau_abs,0.5224555386431438,8.0,0.1,ISO,1.5,1.0
extratrees,PHASE1__Ma8_Kn0.33_BWD_hphs1.5_Tw1,local,Cp,0.2176786406711268,8.0,0.33,BWD,1.5,1.0
extratrees,PHASE1__Ma8_Kn0.33_BWD_hphs1.5_Tw1,local,Cq,0.1083663275622392,8.0,0.33,BWD,1.5,1.0
extratrees,PHASE1__Ma8_Kn0.33_BWD_hphs1.5_Tw1,local,tau_abs,0.1779516086230587,8.0,0.33,BWD,1.5,1.0
extratrees,PHASE1__Ma8_Kn0.33_FWD_hphs1.5_Tw1,local,Cp,0.08750685829894883,8.0,0.33,FWD,1.5,1.0
extratrees,PHASE1__Ma8_Kn0.33_FWD_hphs1.5_Tw1,local,Cq,0.21811341464808928,8.0,0.33,FWD,1.5,1.0
extratrees,PHASE1__Ma8_Kn0.33_FWD_hphs1.5_Tw1,local,tau_abs,0.4321960307331571,8.0,0.33,FWD,1.5,1.0
extratrees,PHASE1__Ma8_Kn0.33_ISO_hphs1.5_Tw1,local,Cp,0.0353225383606217,8.0,0.33,ISO,1.5,1.0
extratrees,PHASE1__Ma8_Kn0.33_ISO_hphs1.5_Tw1,local,Cq,0.20575471136898835,8.0,0.33,ISO,1.5,1.0
extratrees,PHASE1__Ma8_Kn0.33_ISO_hphs1.5_Tw1,local,tau_abs,0.303823662509213,8.0,0.33,ISO,1.5,1.0
extratrees,PHASE1__Ma8_Kn0.8_BWD_hphs1.5_Tw1,local,Cp,0.5677790587218584,8.0,0.8,BWD,1.5,1.0
extratrees,PHASE1__Ma8_Kn0.8_BWD_hphs1.5_Tw1,local,Cq,0.16241834791978038,8.0,0.8,BWD,1.5,1.0
extratrees,PHASE1__Ma8_Kn0.8_BWD_hphs1.5_Tw1,local,tau_abs,0.11564239309650556,8.0,0.8,BWD,1.5,1.0
extratrees,PHASE1__Ma8_Kn0.8_FWD_hphs1.5_Tw1,local,Cp,0.21534733105927142,8.0,0.8,FWD,1.5,1.0
extratrees,PHASE1__Ma8_Kn0.8_FWD_hphs1.5_Tw1,local,Cq,0.16536854681906402,8.0,0.8,FWD,1.5,1.0
extratrees,PHASE1__Ma8_Kn0.8_FWD_hphs1.5_Tw1,local,tau_abs,0.32644206890685,8.0,0.8,FWD,1.5,1.0
extratrees,PHASE1__Ma8_Kn0.8_ISO_hphs1.5_Tw1,local,Cp,0.20757303796861873,8.0,0.8,ISO,1.5,1.0
extratrees,PHASE1__Ma8_Kn0.8_ISO_hphs1.5_Tw1,local,Cq,0.13649582189930912,8.0,0.8,ISO,1.5,1.0
extratrees,PHASE1__Ma8_Kn0.8_ISO_hphs1.5_Tw1,local,tau_abs,0.20050366293431052,8.0,0.8,ISO,1.5,1.0
extratrees,PHASE1__Ma4_Kn0.1_BWD_hphs1.5_Tw1,R0p05,Cp,0.12794469547022283,4.0,0.1,BWD,1.5,1.0
extratrees,PHASE1__Ma4_Kn0.1_BWD_hphs1.5_Tw1,R0p05,Cq,0.8895172235326765,4.0,0.1,BWD,1.5,1.0
extratrees,PHASE1__Ma4_Kn0.1_BWD_hphs1.5_Tw1,R0p05,tau_abs,0.15463666613432514,4.0,0.1,BWD,1.5,1.0
extratrees,PHASE1__Ma4_Kn0.1_FWD_hphs1.5_Tw1,R0p05,Cp,0.08074299021044425,4.0,0.1,FWD,1.5,1.0
extratrees,PHASE1__Ma4_Kn0.1_FWD_hphs1.5_Tw1,R0p05,Cq,0.6634617677870445,4.0,0.1,FWD,1.5,1.0
extratrees,PHASE1__Ma4_Kn0.1_FWD_hphs1.5_Tw1,R0p05,tau_abs,0.6555358838414587,4.0,0.1,FWD,1.5,1.0
extratrees,PHASE1__Ma4_Kn0.1_ISO_hphs1.5_Tw1,R0p05,Cp,0.06235432875756642,4.0,0.1,ISO,1.5,1.0
extratrees,PHASE1__Ma4_Kn0.1_ISO_hphs1.5_Tw1,R0p05,Cq,0.5127286346390176,4.0,0.1,ISO,1.5,1.0
extratrees,PHASE1__Ma4_Kn0.1_ISO_hphs1.5_Tw1,R0p05,tau_abs,0.3045662790632554,4.0,0.1,ISO,1.5,1.0
extratrees,PHASE1__Ma4_Kn0.33_BWD_hphs1.5_Tw1,R0p05,Cp,0.4130318304362326,4.0,0.33,BWD,1.5,1.0
extratrees,PHASE1__Ma4_Kn0.33_BWD_hphs1.5_Tw1,R0p05,Cq,0.7780143979073539,4.0,0.33,BWD,1.5,1.0
extratrees,PHASE1__Ma4_Kn0.33_BWD_hphs1.5_Tw1,R0p05,tau_abs,0.27319243714034996,4.0,0.33,BWD,1.5,1.0
extratrees,PHASE1__Ma4_Kn0.33_FWD_hphs1.5_Tw1,R0p05,Cp,0.22103122608577408,4.0,0.33,FWD,1.5,1.0
extratrees,PHASE1__Ma4_Kn0.33_FWD_hphs1.5_Tw1,R0p05,Cq,0.601179121509543,4.0,0.33,FWD,1.5,1.0
extratrees,PHASE1__Ma4_Kn0.33_FWD_hphs1.5_Tw1,R0p05,tau_abs,0.7853923787228126,4.0,0.33,FWD,1.5,1.0
extratrees,PHASE1__Ma4_Kn0.33_ISO_hphs1.5_Tw1,R0p05,Cp,0.15487467014883274,4.0,0.33,ISO,1.5,1.0
extratrees,PHASE1__Ma4_Kn0.33_ISO_hphs1.5_Tw1,R0p05,Cq,0.3619039396704411,4.0,0.33,ISO,1.5,1.0
extratrees,PHASE1__Ma4_Kn0.33_ISO_hphs1.5_Tw1,R0p05,tau_abs,0.26651311773285224,4.0,0.33,ISO,1.5,1.0
extratrees,PHASE1__Ma4_Kn0.8_BWD_hphs1.5_Tw1,R0p05,Cp,1.1816996075750348,4.0,0.8,BWD,1.5,1.0
extratrees,PHASE1__Ma4_Kn0.8_BWD_hphs1.5_Tw1,R0p05,Cq,1.0367796294174736,4.0,0.8,BWD,1.5,1.0
extratrees,PHASE1__Ma4_Kn0.8_BWD_hphs1.5_Tw1,R0p05,tau_abs,0.5941050504869879,4.0,0.8,BWD,1.5,1.0
extratrees,PHASE1__Ma4_Kn0.8_FWD_hphs1.5_Tw1,R0p05,Cp,0.7585110495014035,4.0,0.8,FWD,1.5,1.0
extratrees,PHASE1__Ma4_Kn0.8_FWD_hphs1.5_Tw1,R0p05,Cq,1.0378492092876814,4.0,0.8,FWD,1.5,1.0
extratrees,PHASE1__Ma4_Kn0.8_FWD_hphs1.5_Tw1,R0p05,tau_abs,0.4614556819859549,4.0,0.8,FWD,1.5,1.0
extratrees,PHASE1__Ma4_Kn0.8_ISO_hphs1.5_Tw1,R0p05,Cp,0.5977583782506227,4.0,0.8,ISO,1.5,1.0
extratrees,PHASE1__Ma4_Kn0.8_ISO_hphs1.5_Tw1,R0p05,Cq,0.5887634021969399,4.0,0.8,ISO,1.5,1.0
extratrees,PHASE1__Ma4_Kn0.8_ISO_hphs1.5_Tw1,R0p05,tau_abs,0.7285805641765125,4.0,0.8,ISO,1.5,1.0
extratrees,PHASE1__Ma6_Kn0.1_BWD_hphs1.5_Tw1,R0p05,Cp,0.08581497651161483,6.0,0.1,BWD,1.5,1.0
extratrees,PHASE1__Ma6_Kn0.1_BWD_hphs1.5_Tw1,R0p05,Cq,0.38202324733214454,6.0,0.1,BWD,1.5,1.0
extratrees,PHASE1__Ma6_Kn0.1_BWD_hphs1.5_Tw1,R0p05,tau_abs,0.1956571818696737,6.0,0.1,BWD,1.5,1.0
extratrees,PHASE1__Ma6_Kn0.1_FWD_hphs1.5_Tw1,R0p05,Cp,0.08445605752542093,6.0,0.1,FWD,1.5,1.0
extratrees,PHASE1__Ma6_Kn0.1_FWD_hphs1.5_Tw1,R0p05,Cq,0.387912143794786,6.0,0.1,FWD,1.5,1.0
extratrees,PHASE1__Ma6_Kn0.1_FWD_hphs1.5_Tw1,R0p05,tau_abs,0.4077278833840014,6.0,0.1,FWD,1.5,1.0
extratrees,PHASE1__Ma6_Kn0.1_ISO_hphs1.5_Tw1,R0p05,Cp,0.06016076417029046,6.0,0.1,ISO,1.5,1.0
extratrees,PHASE1__Ma6_Kn0.1_ISO_hphs1.5_Tw1,R0p05,Cq,0.1732003788459188,6.0,0.1,ISO,1.5,1.0
extratrees,PHASE1__Ma6_Kn0.1_ISO_hphs1.5_Tw1,R0p05,tau_abs,0.32409179542102773,6.0,0.1,ISO,1.5,1.0
extratrees,PHASE1__Ma6_Kn0.33_BWD_hphs1.5_Tw1,R0p05,Cp,0.18531014191846257,6.0,0.33,BWD,1.5,1.0
extratrees,PHASE1__Ma6_Kn0.33_BWD_hphs1.5_Tw1,R0p05,Cq,0.21080130483059506,6.0,0.33,BWD,1.5,1.0
extratrees,PHASE1__Ma6_Kn0.33_BWD_hphs1.5_Tw1,R0p05,tau_abs,0.0805412543319139,6.0,0.33,BWD,1.5,1.0
extratrees,PHASE1__Ma6_Kn0.33_FWD_hphs1.5_Tw1,R0p05,Cp,0.06896920249858239,6.0,0.33,FWD,1.5,1.0
extratrees,PHASE1__Ma6_Kn0.33_FWD_hphs1.5_Tw1,R0p05,Cq,0.24188153014973168,6.0,0.33,FWD,1.5,1.0
extratrees,PHASE1__Ma6_Kn0.33_FWD_hphs1.5_Tw1,R0p05,tau_abs,0.34027760203329,6.0,0.33,FWD,1.5,1.0
extratrees,PHASE1__Ma6_Kn0.33_ISO_hphs1.5_Tw1,R0p05,Cp,0.12191172877497974,6.0,0.33,ISO,1.5,1.0
extratrees,PHASE1__Ma6_Kn0.33_ISO_hphs1.5_Tw1,R0p05,Cq,0.21685357812029252,6.0,0.33,ISO,1.5,1.0
extratrees,PHASE1__Ma6_Kn0.33_ISO_hphs1.5_Tw1,R0p05,tau_abs,0.2533336972271654,6.0,0.33,ISO,1.5,1.0
extratrees,PHASE1__Ma6_Kn0.8_BWD_hphs1.5_Tw1,R0p05,Cp,0.6591194877565413,6.0,0.8,BWD,1.5,1.0
extratrees,PHASE1__Ma6_Kn0.8_BWD_hphs1.5_Tw1,R0p05,Cq,0.5137024184278388,6.0,0.8,BWD,1.5,1.0
extratrees,PHASE1__Ma6_Kn0.8_BWD_hphs1.5_Tw1,R0p05,tau_abs,0.25060924656256817,6.0,0.8,BWD,1.5,1.0
extratrees,PHASE1__Ma6_Kn0.8_FWD_hphs1.5_Tw1,R0p05,Cp,0.35800837677885267,6.0,0.8,FWD,1.5,1.0
extratrees,PHASE1__Ma6_Kn0.8_FWD_hphs1.5_Tw1,R0p05,Cq,0.4689402264626822,6.0,0.8,FWD,1.5,1.0
extratrees,PHASE1__Ma6_Kn0.8_FWD_hphs1.5_Tw1,R0p05,tau_abs,0.3963896118035997,6.0,0.8,FWD,1.5,1.0
extratrees,PHASE1__Ma6_Kn0.8_ISO_hphs1.5_Tw1,R0p05,Cp,0.3579736403696234,6.0,0.8,ISO,1.5,1.0
extratrees,PHASE1__Ma6_Kn0.8_ISO_hphs1.5_Tw1,R0p05,Cq,0.3147843112665249,6.0,0.8,ISO,1.5,1.0
extratrees,PHASE1__Ma6_Kn0.8_ISO_hphs1.5_Tw1,R0p05,tau_abs,0.43911019402464674,6.0,0.8,ISO,1.5,1.0
extratrees,PHASE1__Ma8_Kn0.1_BWD_hphs1.5_Tw1,R0p05,Cp,0.21763622290570223,8.0,0.1,BWD,1.5,1.0
extratrees,PHASE1__Ma8_Kn0.1_BWD_hphs1.5_Tw1,R0p05,Cq,0.2507346393608029,8.0,0.1,BWD,1.5,1.0
extratrees,PHASE1__Ma8_Kn0.1_BWD_hphs1.5_Tw1,R0p05,tau_abs,0.45476512689903537,8.0,0.1,BWD,1.5,1.0
extratrees,PHASE1__Ma8_Kn0.1_FWD_hphs1.5_Tw1,R0p05,Cp,0.31647486922793244,8.0,0.1,FWD,1.5,1.0
extratrees,PHASE1__Ma8_Kn0.1_FWD_hphs1.5_Tw1,R0p05,Cq,0.4529100072539004,8.0,0.1,FWD,1.5,1.0
extratrees,PHASE1__Ma8_Kn0.1_FWD_hphs1.5_Tw1,R0p05,tau_abs,0.6128880706697406,8.0,0.1,FWD,1.5,1.0
extratrees,PHASE1__Ma8_Kn0.1_ISO_hphs1.5_Tw1,R0p05,Cp,0.21783930863406883,8.0,0.1,ISO,1.5,1.0
extratrees,PHASE1__Ma8_Kn0.1_ISO_hphs1.5_Tw1,R0p05,Cq,0.30962630679229636,8.0,0.1,ISO,1.5,1.0
extratrees,PHASE1__Ma8_Kn0.1_ISO_hphs1.5_Tw1,R0p05,tau_abs,0.516193115527623,8.0,0.1,ISO,1.5,1.0
extratrees,PHASE1__Ma8_Kn0.33_BWD_hphs1.5_Tw1,R0p05,Cp,0.13506721634877625,8.0,0.33,BWD,1.5,1.0
extratrees,PHASE1__Ma8_Kn0.33_BWD_hphs1.5_Tw1,R0p05,Cq,0.15750507964000118,8.0,0.33,BWD,1.5,1.0
extratrees,PHASE1__Ma8_Kn0.33_BWD_hphs1.5_Tw1,R0p05,tau_abs,0.20765990632538145,8.0,0.33,BWD,1.5,1.0
extratrees,PHASE1__Ma8_Kn0.33_FWD_hphs1.5_Tw1,R0p05,Cp,0.0846530336911508,8.0,0.33,FWD,1.5,1.0
extratrees,PHASE1__Ma8_Kn0.33_FWD_hphs1.5_Tw1,R0p05,Cq,0.24979082088554674,8.0,0.33,FWD,1.5,1.0
extratrees,PHASE1__Ma8_Kn0.33_FWD_hphs1.5_Tw1,R0p05,tau_abs,0.45601198161978734,8.0,0.33,FWD,1.5,1.0
extratrees,PHASE1__Ma8_Kn0.33_ISO_hphs1.5_Tw1,R0p05,Cp,0.05338983157092792,8.0,0.33,ISO,1.5,1.0
extratrees,PHASE1__Ma8_Kn0.33_ISO_hphs1.5_Tw1,R0p05,Cq,0.21051080552779225,8.0,0.33,ISO,1.5,1.0
extratrees,PHASE1__Ma8_Kn0.33_ISO_hphs1.5_Tw1,R0p05,tau_abs,0.34744374184277454,8.0,0.33,ISO,1.5,1.0
extratrees,PHASE1__Ma8_Kn0.8_BWD_hphs1.5_Tw1,R0p05,Cp,0.5043102527571051,8.0,0.8,BWD,1.5,1.0
extratrees,PHASE1__Ma8_Kn0.8_BWD_hphs1.5_Tw1,R0p05,Cq,0.12227141897914326,8.0,0.8,BWD,1.5,1.0
extratrees,PHASE1__Ma8_Kn0.8_BWD_hphs1.5_Tw1,R0p05,tau_abs,0.12492419581781421,8.0,0.8,BWD,1.5,1.0
extratrees,PHASE1__Ma8_Kn0.8_FWD_hphs1.5_Tw1,R0p05,Cp,0.18911949797229688,8.0,0.8,FWD,1.5,1.0
extratrees,PHASE1__Ma8_Kn0.8_FWD_hphs1.5_Tw1,R0p05,Cq,0.1324729179424426,8.0,0.8,FWD,1.5,1.0
extratrees,PHASE1__Ma8_Kn0.8_FWD_hphs1.5_Tw1,R0p05,tau_abs,0.3540341848117336,8.0,0.8,FWD,1.5,1.0
extratrees,PHASE1__Ma8_Kn0.8_ISO_hphs1.5_Tw1,R0p05,Cp,0.20273195603973362,8.0,0.8,ISO,1.5,1.0
extratrees,PHASE1__Ma8_Kn0.8_ISO_hphs1.5_Tw1,R0p05,Cq,0.12563229064778902,8.0,0.8,ISO,1.5,1.0
extratrees,PHASE1__Ma8_Kn0.8_ISO_hphs1.5_Tw1,R0p05,tau_abs,0.21507913465623454,8.0,0.8,ISO,1.5,1.0
extratrees,PHASE1__Ma4_Kn0.1_BWD_hphs1.5_Tw1,R0p10,Cp,0.12339299861431081,4.0,0.1,BWD,1.5,1.0
extratrees,PHASE1__Ma4_Kn0.1_BWD_hphs1.5_Tw1,R0p10,Cq,0.7242642615704749,4.0,0.1,BWD,1.5,1.0
extratrees,PHASE1__Ma4_Kn0.1_BWD_hphs1.5_Tw1,R0p10,tau_abs,0.12915148039767455,4.0,0.1,BWD,1.5,1.0
extratrees,PHASE1__Ma4_Kn0.1_FWD_hphs1.5_Tw1,R0p10,Cp,0.09609371237556431,4.0,0.1,FWD,1.5,1.0
extratrees,PHASE1__Ma4_Kn0.1_FWD_hphs1.5_Tw1,R0p10,Cq,0.6717769796959611,4.0,0.1,FWD,1.5,1.0
extratrees,PHASE1__Ma4_Kn0.1_FWD_hphs1.5_Tw1,R0p10,tau_abs,0.5910038128095934,4.0,0.1,FWD,1.5,1.0
extratrees,PHASE1__Ma4_Kn0.1_ISO_hphs1.5_Tw1,R0p10,Cp,0.05210217736768022,4.0,0.1,ISO,1.5,1.0
extratrees,PHASE1__Ma4_Kn0.1_ISO_hphs1.5_Tw1,R0p10,Cq,0.33214511917069245,4.0,0.1,ISO,1.5,1.0
extratrees,PHASE1__Ma4_Kn0.1_ISO_hphs1.5_Tw1,R0p10,tau_abs,0.2878258906910502,4.0,0.1,ISO,1.5,1.0
extratrees,PHASE1__Ma4_Kn0.33_BWD_hphs1.5_Tw1,R0p10,Cp,0.3311187081040424,4.0,0.33,BWD,1.5,1.0
extratrees,PHASE1__Ma4_Kn0.33_BWD_hphs1.5_Tw1,R0p10,Cq,0.6261297253440603,4.0,0.33,BWD,1.5,1.0
extratrees,PHASE1__Ma4_Kn0.33_BWD_hphs1.5_Tw1,R0p10,tau_abs,0.16783151841133195,4.0,0.33,BWD,1.5,1.0
extratrees,PHASE1__Ma4_Kn0.33_FWD_hphs1.5_Tw1,R0p10,Cp,0.25684390603385004,4.0,0.33,FWD,1.5,1.0
extratrees,PHASE1__Ma4_Kn0.33_FWD_hphs1.5_Tw1,R0p10,Cq,0.6465004928909835,4.0,0.33,FWD,1.5,1.0
extratrees,PHASE1__Ma4_Kn0.33_FWD_hphs1.5_Tw1,R0p10,tau_abs,0.7876184950991951,4.0,0.33,FWD,1.5,1.0
extratrees,PHASE1__Ma4_Kn0.33_ISO_hphs1.5_Tw1,R0p10,Cp,0.17886429385501057,4.0,0.33,ISO,1.5,1.0
extratrees,PHASE1__Ma4_Kn0.33_ISO_hphs1.5_Tw1,R0p10,Cq,0.3623360039085864,4.0,0.33,ISO,1.5,1.0
extratrees,PHASE1__Ma4_Kn0.33_ISO_hphs1.5_Tw1,R0p10,tau_abs,0.2573965930631866,4.0,0.33,ISO,1.5,1.0
extratrees,PHASE1__Ma4_Kn0.8_BWD_hphs1.5_Tw1,R0p10,Cp,1.1269903893677884,4.0,0.8,BWD,1.5,1.0
extratrees,PHASE1__Ma4_Kn0.8_BWD_hphs1.5_Tw1,R0p10,Cq,0.9569029747070785,4.0,0.8,BWD,1.5,1.0
extratrees,PHASE1__Ma4_Kn0.8_BWD_hphs1.5_Tw1,R0p10,tau_abs,0.5155140070006219,4.0,0.8,BWD,1.5,1.0
extratrees,PHASE1__Ma4_Kn0.8_FWD_hphs1.5_Tw1,R0p10,Cp,0.7846610174621569,4.0,0.8,FWD,1.5,1.0
extratrees,PHASE1__Ma4_Kn0.8_FWD_hphs1.5_Tw1,R0p10,Cq,0.8428448536422837,4.0,0.8,FWD,1.5,1.0
extratrees,PHASE1__Ma4_Kn0.8_FWD_hphs1.5_Tw1,R0p10,tau_abs,0.31915894801603456,4.0,0.8,FWD,1.5,1.0
extratrees,PHASE1__Ma4_Kn0.8_ISO_hphs1.5_Tw1,R0p10,Cp,0.5960137055812011,4.0,0.8,ISO,1.5,1.0
extratrees,PHASE1__Ma4_Kn0.8_ISO_hphs1.5_Tw1,R0p10,Cq,0.6065914977812346,4.0,0.8,ISO,1.5,1.0
extratrees,PHASE1__Ma4_Kn0.8_ISO_hphs1.5_Tw1,R0p10,tau_abs,0.8553428108895039,4.0,0.8,ISO,1.5,1.0
extratrees,PHASE1__Ma6_Kn0.1_BWD_hphs1.5_Tw1,R0p10,Cp,0.05865055770590285,6.0,0.1,BWD,1.5,1.0
extratrees,PHASE1__Ma6_Kn0.1_BWD_hphs1.5_Tw1,R0p10,Cq,0.2943636260146332,6.0,0.1,BWD,1.5,1.0
extratrees,PHASE1__Ma6_Kn0.1_BWD_hphs1.5_Tw1,R0p10,tau_abs,0.18837332549372482,6.0,0.1,BWD,1.5,1.0
extratrees,PHASE1__Ma6_Kn0.1_FWD_hphs1.5_Tw1,R0p10,Cp,0.06940536685394463,6.0,0.1,FWD,1.5,1.0
extratrees,PHASE1__Ma6_Kn0.1_FWD_hphs1.5_Tw1,R0p10,Cq,0.2992351247396522,6.0,0.1,FWD,1.5,1.0
extratrees,PHASE1__Ma6_Kn0.1_FWD_hphs1.5_Tw1,R0p10,tau_abs,0.3973959186027567,6.0,0.1,FWD,1.5,1.0
extratrees,PHASE1__Ma6_Kn0.1_ISO_hphs1.5_Tw1,R0p10,Cp,0.06981348437932647,6.0,0.1,ISO,1.5,1.0
extratrees,PHASE1__Ma6_Kn0.1_ISO_hphs1.5_Tw1,R0p10,Cq,0.15279295412712965,6.0,0.1,ISO,1.5,1.0
extratrees,PHASE1__Ma6_Kn0.1_ISO_hphs1.5_Tw1,R0p10,tau_abs,0.335423247873223,6.0,0.1,ISO,1.5,1.0
extratrees,PHASE1__Ma6_Kn0.33_BWD_hphs1.5_Tw1,R0p10,Cp,0.23392174472714414,6.0,0.33,BWD,1.5,1.0
extratrees,PHASE1__Ma6_Kn0.33_BWD_hphs1.5_Tw1,R0p10,Cq,0.25133652615529234,6.0,0.33,BWD,1.5,1.0
extratrees,PHASE1__Ma6_Kn0.33_BWD_hphs1.5_Tw1,R0p10,tau_abs,0.09193570236525286,6.0,0.33,BWD,1.5,1.0
extratrees,PHASE1__Ma6_Kn0.33_FWD_hphs1.5_Tw1,R0p10,Cp,0.12370209876231632,6.0,0.33,FWD,1.5,1.0
extratrees,PHASE1__Ma6_Kn0.33_FWD_hphs1.5_Tw1,R0p10,Cq,0.3410756302416672,6.0,0.33,FWD,1.5,1.0
extratrees,PHASE1__Ma6_Kn0.33_FWD_hphs1.5_Tw1,R0p10,tau_abs,0.3420784782787373,6.0,0.33,FWD,1.5,1.0
extratrees,PHASE1__Ma6_Kn0.33_ISO_hphs1.5_Tw1,R0p10,Cp,0.09701990930077004,6.0,0.33,ISO,1.5,1.0
extratrees,PHASE1__Ma6_Kn0.33_ISO_hphs1.5_Tw1,R0p10,Cq,0.15695575608018944,6.0,0.33,ISO,1.5,1.0
extratrees,PHASE1__Ma6_Kn0.33_ISO_hphs1.5_Tw1,R0p10,tau_abs,0.2254253545073855,6.0,0.33,ISO,1.5,1.0
extratrees,PHASE1__Ma6_Kn0.8_BWD_hphs1.5_Tw1,R0p10,Cp,0.6581190588620546,6.0,0.8,BWD,1.5,1.0
extratrees,PHASE1__Ma6_Kn0.8_BWD_hphs1.5_Tw1,R0p10,Cq,0.46477757879731246,6.0,0.8,BWD,1.5,1.0
extratrees,PHASE1__Ma6_Kn0.8_BWD_hphs1.5_Tw1,R0p10,tau_abs,0.22885259090698998,6.0,0.8,BWD,1.5,1.0
extratrees,PHASE1__Ma6_Kn0.8_FWD_hphs1.5_Tw1,R0p10,Cp,0.3808830510300666,6.0,0.8,FWD,1.5,1.0
extratrees,PHASE1__Ma6_Kn0.8_FWD_hphs1.5_Tw1,R0p10,Cq,0.4618201865864316,6.0,0.8,FWD,1.5,1.0
extratrees,PHASE1__Ma6_Kn0.8_FWD_hphs1.5_Tw1,R0p10,tau_abs,0.25414078331673634,6.0,0.8,FWD,1.5,1.0
extratrees,PHASE1__Ma6_Kn0.8_ISO_hphs1.5_Tw1,R0p10,Cp,0.3467497308432541,6.0,0.8,ISO,1.5,1.0
extratrees,PHASE1__Ma6_Kn0.8_ISO_hphs1.5_Tw1,R0p10,Cq,0.29271042266050645,6.0,0.8,ISO,1.5,1.0
extratrees,PHASE1__Ma6_Kn0.8_ISO_hphs1.5_Tw1,R0p10,tau_abs,0.37856470568674305,6.0,0.8,ISO,1.5,1.0
extratrees,PHASE1__Ma8_Kn0.1_BWD_hphs1.5_Tw1,R0p10,Cp,0.22621063824885912,8.0,0.1,BWD,1.5,1.0
extratrees,PHASE1__Ma8_Kn0.1_BWD_hphs1.5_Tw1,R0p10,Cq,0.23849167597266863,8.0,0.1,BWD,1.5,1.0
extratrees,PHASE1__Ma8_Kn0.1_BWD_hphs1.5_Tw1,R0p10,tau_abs,0.4448688186878534,8.0,0.1,BWD,1.5,1.0
extratrees,PHASE1__Ma8_Kn0.1_FWD_hphs1.5_Tw1,R0p10,Cp,0.32288470076169173,8.0,0.1,FWD,1.5,1.0
extratrees,PHASE1__Ma8_Kn0.1_FWD_hphs1.5_Tw1,R0p10,Cq,0.4215366307165448,8.0,0.1,FWD,1.5,1.0
extratrees,PHASE1__Ma8_Kn0.1_FWD_hphs1.5_Tw1,R0p10,tau_abs,0.6277628228531932,8.0,0.1,FWD,1.5,1.0
extratrees,PHASE1__Ma8_Kn0.1_ISO_hphs1.5_Tw1,R0p10,Cp,0.2211277326589311,8.0,0.1,ISO,1.5,1.0
extratrees,PHASE1__Ma8_Kn0.1_ISO_hphs1.5_Tw1,R0p10,Cq,0.29304392214788494,8.0,0.1,ISO,1.5,1.0
extratrees,PHASE1__Ma8_Kn0.1_ISO_hphs1.5_Tw1,R0p10,tau_abs,0.5213628648405219,8.0,0.1,ISO,1.5,1.0
extratrees,PHASE1__Ma8_Kn0.33_BWD_hphs1.5_Tw1,R0p10,Cp,0.13643435166923037,8.0,0.33,BWD,1.5,1.0
extratrees,PHASE1__Ma8_Kn0.33_BWD_hphs1.5_Tw1,R0p10,Cq,0.11987456347618845,8.0,0.33,BWD,1.5,1.0
extratrees,PHASE1__Ma8_Kn0.33_BWD_hphs1.5_Tw1,R0p10,tau_abs,0.20040333048478778,8.0,0.33,BWD,1.5,1.0
extratrees,PHASE1__Ma8_Kn0.33_FWD_hphs1.5_Tw1,R0p10,Cp,0.07311513911780793,8.0,0.33,FWD,1.5,1.0
extratrees,PHASE1__Ma8_Kn0.33_FWD_hphs1.5_Tw1,R0p10,Cq,0.20200887731773826,8.0,0.33,FWD,1.5,1.0
extratrees,PHASE1__Ma8_Kn0.33_FWD_hphs1.5_Tw1,R0p10,tau_abs,0.4298138875560613,8.0,0.33,FWD,1.5,1.0
extratrees,PHASE1__Ma8_Kn0.33_ISO_hphs1.5_Tw1,R0p10,Cp,0.08083486618491412,8.0,0.33,ISO,1.5,1.0
extratrees,PHASE1__Ma8_Kn0.33_ISO_hphs1.5_Tw1,R0p10,Cq,0.17901961213015913,8.0,0.33,ISO,1.5,1.0
extratrees,PHASE1__Ma8_Kn0.33_ISO_hphs1.5_Tw1,R0p10,tau_abs,0.2830273316307181,8.0,0.33,ISO,1.5,1.0
extratrees,PHASE1__Ma8_Kn0.8_BWD_hphs1.5_Tw1,R0p10,Cp,0.5266949189964013,8.0,0.8,BWD,1.5,1.0
extratrees,PHASE1__Ma8_Kn0.8_BWD_hphs1.5_Tw1,R0p10,Cq,0.13207024334706544,8.0,0.8,BWD,1.5,1.0
extratrees,PHASE1__Ma8_Kn0.8_BWD_hphs1.5_Tw1,R0p10,tau_abs,0.13747933172400942,8.0,0.8,BWD,1.5,1.0
extratrees,PHASE1__Ma8_Kn0.8_FWD_hphs1.5_Tw1,R0p10,Cp,0.21124348307173643,8.0,0.8,FWD,1.5,1.0
extratrees,PHASE1__Ma8_Kn0.8_FWD_hphs1.5_Tw1,R0p10,Cq,0.1606465789490856,8.0,0.8,FWD,1.5,1.0
extratrees,PHASE1__Ma8_Kn0.8_FWD_hphs1.5_Tw1,R0p10,tau_abs,0.3398912393164142,8.0,0.8,FWD,1.5,1.0
extratrees,PHASE1__Ma8_Kn0.8_ISO_hphs1.5_Tw1,R0p10,Cp,0.2027209265219565,8.0,0.8,ISO,1.5,1.0
extratrees,PHASE1__Ma8_Kn0.8_ISO_hphs1.5_Tw1,R0p10,Cq,0.12780812448166076,8.0,0.8,ISO,1.5,1.0
extratrees,PHASE1__Ma8_Kn0.8_ISO_hphs1.5_Tw1,R0p10,tau_abs,0.23281882456028646,8.0,0.8,ISO,1.5,1.0
extratrees,PHASE1__Ma4_Kn0.1_BWD_hphs1.5_Tw1,R0p20,Cp,0.09267091675692174,4.0,0.1,BWD,1.5,1.0
extratrees,PHASE1__Ma4_Kn0.1_BWD_hphs1.5_Tw1,R0p20,Cq,0.6382777352989211,4.0,0.1,BWD,1.5,1.0
extratrees,PHASE1__Ma4_Kn0.1_BWD_hphs1.5_Tw1,R0p20,tau_abs,0.16382698280014044,4.0,0.1,BWD,1.5,1.0
extratrees,PHASE1__Ma4_Kn0.1_FWD_hphs1.5_Tw1,R0p20,Cp,0.1029941873515243,4.0,0.1,FWD,1.5,1.0
extratrees,PHASE1__Ma4_Kn0.1_FWD_hphs1.5_Tw1,R0p20,Cq,0.6297273546205505,4.0,0.1,FWD,1.5,1.0
extratrees,PHASE1__Ma4_Kn0.1_FWD_hphs1.5_Tw1,R0p20,tau_abs,0.6906480091873257,4.0,0.1,FWD,1.5,1.0
extratrees,PHASE1__Ma4_Kn0.1_ISO_hphs1.5_Tw1,R0p20,Cp,0.060269702756247386,4.0,0.1,ISO,1.5,1.0
extratrees,PHASE1__Ma4_Kn0.1_ISO_hphs1.5_Tw1,R0p20,Cq,0.2798606367738788,4.0,0.1,ISO,1.5,1.0
extratrees,PHASE1__Ma4_Kn0.1_ISO_hphs1.5_Tw1,R0p20,tau_abs,0.3779326161597109,4.0,0.1,ISO,1.5,1.0
extratrees,PHASE1__Ma4_Kn0.33_BWD_hphs1.5_Tw1,R0p20,Cp,0.34726428884867994,4.0,0.33,BWD,1.5,1.0
extratrees,PHASE1__Ma4_Kn0.33_BWD_hphs1.5_Tw1,R0p20,Cq,0.48826059556923307,4.0,0.33,BWD,1.5,1.0
extratrees,PHASE1__Ma4_Kn0.33_BWD_hphs1.5_Tw1,R0p20,tau_abs,0.1234380347105055,4.0,0.33,BWD,1.5,1.0
extratrees,PHASE1__Ma4_Kn0.33_FWD_hphs1.5_Tw1,R0p20,Cp,0.26399651135479024,4.0,0.33,FWD,1.5,1.0
extratrees,PHASE1__Ma4_Kn0.33_FWD_hphs1.5_Tw1,R0p20,Cq,0.5733110543242754,4.0,0.33,FWD,1.5,1.0
extratrees,PHASE1__Ma4_Kn0.33_FWD_hphs1.5_Tw1,R0p20,tau_abs,0.7156107222736074,4.0,0.33,FWD,1.5,1.0
extratrees,PHASE1__Ma4_Kn0.33_ISO_hphs1.5_Tw1,R0p20,Cp,0.13048307535163728,4.0,0.33,ISO,1.5,1.0
extratrees,PHASE1__Ma4_Kn0.33_ISO_hphs1.5_Tw1,R0p20,Cq,0.2988877626719065,4.0,0.33,ISO,1.5,1.0
extratrees,PHASE1__Ma4_Kn0.33_ISO_hphs1.5_Tw1,R0p20,tau_abs,0.24244265168417783,4.0,0.33,ISO,1.5,1.0
extratrees,PHASE1__Ma4_Kn0.8_BWD_hphs1.5_Tw1,R0p20,Cp,1.1302349377141743,4.0,0.8,BWD,1.5,1.0
extratrees,PHASE1__Ma4_Kn0.8_BWD_hphs1.5_Tw1,R0p20,Cq,0.8601996851720923,4.0,0.8,BWD,1.5,1.0
extratrees,PHASE1__Ma4_Kn0.8_BWD_hphs1.5_Tw1,R0p20,tau_abs,0.43173771423258533,4.0,0.8,BWD,1.5,1.0
extratrees,PHASE1__Ma4_Kn0.8_FWD_hphs1.5_Tw1,R0p20,Cp,0.7849374008104956,4.0,0.8,FWD,1.5,1.0
extratrees,PHASE1__Ma4_Kn0.8_FWD_hphs1.5_Tw1,R0p20,Cq,0.7599592292998247,4.0,0.8,FWD,1.5,1.0
extratrees,PHASE1__Ma4_Kn0.8_FWD_hphs1.5_Tw1,R0p20,tau_abs,0.33188368746079316,4.0,0.8,FWD,1.5,1.0
extratrees,PHASE1__Ma4_Kn0.8_ISO_hphs1.5_Tw1,R0p20,Cp,0.634048730330067,4.0,0.8,ISO,1.5,1.0
extratrees,PHASE1__Ma4_Kn0.8_ISO_hphs1.5_Tw1,R0p20,Cq,0.46000891491628176,4.0,0.8,ISO,1.5,1.0
extratrees,PHASE1__Ma4_Kn0.8_ISO_hphs1.5_Tw1,R0p20,tau_abs,0.5946301262140828,4.0,0.8,ISO,1.5,1.0
extratrees,PHASE1__Ma6_Kn0.1_BWD_hphs1.5_Tw1,R0p20,Cp,0.0884305153500415,6.0,0.1,BWD,1.5,1.0
extratrees,PHASE1__Ma6_Kn0.1_BWD_hphs1.5_Tw1,R0p20,Cq,0.2083731095361502,6.0,0.1,BWD,1.5,1.0
extratrees,PHASE1__Ma6_Kn0.1_BWD_hphs1.5_Tw1,R0p20,tau_abs,0.23366379691670222,6.0,0.1,BWD,1.5,1.0
extratrees,PHASE1__Ma6_Kn0.1_FWD_hphs1.5_Tw1,R0p20,Cp,0.06235285109019061,6.0,0.1,FWD,1.5,1.0
extratrees,PHASE1__Ma6_Kn0.1_FWD_hphs1.5_Tw1,R0p20,Cq,0.29956037316814255,6.0,0.1,FWD,1.5,1.0
extratrees,PHASE1__Ma6_Kn0.1_FWD_hphs1.5_Tw1,R0p20,tau_abs,0.432646109534345,6.0,0.1,FWD,1.5,1.0
extratrees,PHASE1__Ma6_Kn0.1_ISO_hphs1.5_Tw1,R0p20,Cp,0.09523220509758194,6.0,0.1,ISO,1.5,1.0
extratrees,PHASE1__Ma6_Kn0.1_ISO_hphs1.5_Tw1,R0p20,Cq,0.10016958495346157,6.0,0.1,ISO,1.5,1.0
extratrees,PHASE1__Ma6_Kn0.1_ISO_hphs1.5_Tw1,R0p20,tau_abs,0.3610514495067631,6.0,0.1,ISO,1.5,1.0
extratrees,PHASE1__Ma6_Kn0.33_BWD_hphs1.5_Tw1,R0p20,Cp,0.18382907633435258,6.0,0.33,BWD,1.5,1.0
extratrees,PHASE1__Ma6_Kn0.33_BWD_hphs1.5_Tw1,R0p20,Cq,0.20113406617105786,6.0,0.33,BWD,1.5,1.0
extratrees,PHASE1__Ma6_Kn0.33_BWD_hphs1.5_Tw1,R0p20,tau_abs,0.0648696258056063,6.0,0.33,BWD,1.5,1.0
extratrees,PHASE1__Ma6_Kn0.33_FWD_hphs1.5_Tw1,R0p20,Cp,0.11991473046097935,6.0,0.33,FWD,1.5,1.0
extratrees,PHASE1__Ma6_Kn0.33_FWD_hphs1.5_Tw1,R0p20,Cq,0.27959183904671975,6.0,0.33,FWD,1.5,1.0
extratrees,PHASE1__Ma6_Kn0.33_FWD_hphs1.5_Tw1,R0p20,tau_abs,0.39042262779081427,6.0,0.33,FWD,1.5,1.0
extratrees,PHASE1__Ma6_Kn0.33_ISO_hphs1.5_Tw1,R0p20,Cp,0.10560639368018017,6.0,0.33,ISO,1.5,1.0
extratrees,PHASE1__Ma6_Kn0.33_ISO_hphs1.5_Tw1,R0p20,Cq,0.17910461788723508,6.0,0.33,ISO,1.5,1.0
extratrees,PHASE1__Ma6_Kn0.33_ISO_hphs1.5_Tw1,R0p20,tau_abs,0.23007197136377347,6.0,0.33,ISO,1.5,1.0
extratrees,PHASE1__Ma6_Kn0.8_BWD_hphs1.5_Tw1,R0p20,Cp,0.6280206380085249,6.0,0.8,BWD,1.5,1.0
extratrees,PHASE1__Ma6_Kn0.8_BWD_hphs1.5_Tw1,R0p20,Cq,0.4172080755912128,6.0,0.8,BWD,1.5,1.0
extratrees,PHASE1__Ma6_Kn0.8_BWD_hphs1.5_Tw1,R0p20,tau_abs,0.24629647364336463,6.0,0.8,BWD,1.5,1.0
extratrees,PHASE1__Ma6_Kn0.8_FWD_hphs1.5_Tw1,R0p20,Cp,0.4335645916198291,6.0,0.8,FWD,1.5,1.0
extratrees,PHASE1__Ma6_Kn0.8_FWD_hphs1.5_Tw1,R0p20,Cq,0.4596419746543993,6.0,0.8,FWD,1.5,1.0
extratrees,PHASE1__Ma6_Kn0.8_FWD_hphs1.5_Tw1,R0p20,tau_abs,0.27557500189675416,6.0,0.8,FWD,1.5,1.0
extratrees,PHASE1__Ma6_Kn0.8_ISO_hphs1.5_Tw1,R0p20,Cp,0.37613930879898516,6.0,0.8,ISO,1.5,1.0
extratrees,PHASE1__Ma6_Kn0.8_ISO_hphs1.5_Tw1,R0p20,Cq,0.26153594867845154,6.0,0.8,ISO,1.5,1.0
extratrees,PHASE1__Ma6_Kn0.8_ISO_hphs1.5_Tw1,R0p20,tau_abs,0.3545359823926535,6.0,0.8,ISO,1.5,1.0
extratrees,PHASE1__Ma8_Kn0.1_BWD_hphs1.5_Tw1,R0p20,Cp,0.25604490431505683,8.0,0.1,BWD,1.5,1.0
extratrees,PHASE1__Ma8_Kn0.1_BWD_hphs1.5_Tw1,R0p20,Cq,0.23001534479395402,8.0,0.1,BWD,1.5,1.0
extratrees,PHASE1__Ma8_Kn0.1_BWD_hphs1.5_Tw1,R0p20,tau_abs,0.41605510344071733,8.0,0.1,BWD,1.5,1.0
extratrees,PHASE1__Ma8_Kn0.1_FWD_hphs1.5_Tw1,R0p20,Cp,0.34586403649162223,8.0,0.1,FWD,1.5,1.0
extratrees,PHASE1__Ma8_Kn0.1_FWD_hphs1.5_Tw1,R0p20,Cq,0.4085210621454741,8.0,0.1,FWD,1.5,1.0
extratrees,PHASE1__Ma8_Kn0.1_FWD_hphs1.5_Tw1,R0p20,tau_abs,0.5666289589382456,8.0,0.1,FWD,1.5,1.0
extratrees,PHASE1__Ma8_Kn0.1_ISO_hphs1.5_Tw1,R0p20,Cp,0.26229895622650495,8.0,0.1,ISO,1.5,1.0
extratrees,PHASE1__Ma8_Kn0.1_ISO_hphs1.5_Tw1,R0p20,Cq,0.3153117091491115,8.0,0.1,ISO,1.5,1.0
extratrees,PHASE1__Ma8_Kn0.1_ISO_hphs1.5_Tw1,R0p20,tau_abs,0.48731388533118425,8.0,0.1,ISO,1.5,1.0
extratrees,PHASE1__Ma8_Kn0.33_BWD_hphs1.5_Tw1,R0p20,Cp,0.12235199735287552,8.0,0.33,BWD,1.5,1.0
extratrees,PHASE1__Ma8_Kn0.33_BWD_hphs1.5_Tw1,R0p20,Cq,0.12992070331432862,8.0,0.33,BWD,1.5,1.0
extratrees,PHASE1__Ma8_Kn0.33_BWD_hphs1.5_Tw1,R0p20,tau_abs,0.20119718459947028,8.0,0.33,BWD,1.5,1.0
extratrees,PHASE1__Ma8_Kn0.33_FWD_hphs1.5_Tw1,R0p20,Cp,0.07785914969380447,8.0,0.33,FWD,1.5,1.0
extratrees,PHASE1__Ma8_Kn0.33_FWD_hphs1.5_Tw1,R0p20,Cq,0.1715338280051916,8.0,0.33,FWD,1.5,1.0
extratrees,PHASE1__Ma8_Kn0.33_FWD_hphs1.5_Tw1,R0p20,tau_abs,0.47936606066007204,8.0,0.33,FWD,1.5,1.0
extratrees,PHASE1__Ma8_Kn0.33_ISO_hphs1.5_Tw1,R0p20,Cp,0.09646860389189107,8.0,0.33,ISO,1.5,1.0
extratrees,PHASE1__Ma8_Kn0.33_ISO_hphs1.5_Tw1,R0p20,Cq,0.16477923785227283,8.0,0.33,ISO,1.5,1.0
extratrees,PHASE1__Ma8_Kn0.33_ISO_hphs1.5_Tw1,R0p20,tau_abs,0.26038319439379554,8.0,0.33,ISO,1.5,1.0
extratrees,PHASE1__Ma8_Kn0.8_BWD_hphs1.5_Tw1,R0p20,Cp,0.5381705507583535,8.0,0.8,BWD,1.5,1.0
extratrees,PHASE1__Ma8_Kn0.8_BWD_hphs1.5_Tw1,R0p20,Cq,0.14079141107771923,8.0,0.8,BWD,1.5,1.0
extratrees,PHASE1__Ma8_Kn0.8_BWD_hphs1.5_Tw1,R0p20,tau_abs,0.1783129299340146,8.0,0.8,BWD,1.5,1.0
extratrees,PHASE1__Ma8_Kn0.8_FWD_hphs1.5_Tw1,R0p20,Cp,0.28320593098968244,8.0,0.8,FWD,1.5,1.0
extratrees,PHASE1__Ma8_Kn0.8_FWD_hphs1.5_Tw1,R0p20,Cq,0.18188023847357843,8.0,0.8,FWD,1.5,1.0
extratrees,PHASE1__Ma8_Kn0.8_FWD_hphs1.5_Tw1,R0p20,tau_abs,0.3186124105322871,8.0,0.8,FWD,1.5,1.0
extratrees,PHASE1__Ma8_Kn0.8_ISO_hphs1.5_Tw1,R0p20,Cp,0.31701631318915274,8.0,0.8,ISO,1.5,1.0
extratrees,PHASE1__Ma8_Kn0.8_ISO_hphs1.5_Tw1,R0p20,Cq,0.15991522592584398,8.0,0.8,ISO,1.5,1.0
extratrees,PHASE1__Ma8_Kn0.8_ISO_hphs1.5_Tw1,R0p20,tau_abs,0.2707452279664272,8.0,0.8,ISO,1.5,1.0
extratrees,PHASE1__Ma4_Kn0.1_BWD_hphs1.5_Tw1,R0p35,Cp,0.08271276345992665,4.0,0.1,BWD,1.5,1.0
extratrees,PHASE1__Ma4_Kn0.1_BWD_hphs1.5_Tw1,R0p35,Cq,0.5160790031866239,4.0,0.1,BWD,1.5,1.0
extratrees,PHASE1__Ma4_Kn0.1_BWD_hphs1.5_Tw1,R0p35,tau_abs,0.22665904104953105,4.0,0.1,BWD,1.5,1.0
extratrees,PHASE1__Ma4_Kn0.1_FWD_hphs1.5_Tw1,R0p35,Cp,0.10748956134860542,4.0,0.1,FWD,1.5,1.0
extratrees,PHASE1__Ma4_Kn0.1_FWD_hphs1.5_Tw1,R0p35,Cq,0.633178583037307,4.0,0.1,FWD,1.5,1.0
extratrees,PHASE1__Ma4_Kn0.1_FWD_hphs1.5_Tw1,R0p35,tau_abs,0.771047328833805,4.0,0.1,FWD,1.5,1.0
extratrees,PHASE1__Ma4_Kn0.1_ISO_hphs1.5_Tw1,R0p35,Cp,0.059275582607978286,4.0,0.1,ISO,1.5,1.0
extratrees,PHASE1__Ma4_Kn0.1_ISO_hphs1.5_Tw1,R0p35,Cq,0.2499708153215726,4.0,0.1,ISO,1.5,1.0
extratrees,PHASE1__Ma4_Kn0.1_ISO_hphs1.5_Tw1,R0p35,tau_abs,0.45589486867966456,4.0,0.1,ISO,1.5,1.0
extratrees,PHASE1__Ma4_Kn0.33_BWD_hphs1.5_Tw1,R0p35,Cp,0.3118506808066139,4.0,0.33,BWD,1.5,1.0
extratrees,PHASE1__Ma4_Kn0.33_BWD_hphs1.5_Tw1,R0p35,Cq,0.43226404391291584,4.0,0.33,BWD,1.5,1.0
extratrees,PHASE1__Ma4_Kn0.33_BWD_hphs1.5_Tw1,R0p35,tau_abs,0.1039614551273814,4.0,0.33,BWD,1.5,1.0
extratrees,PHASE1__Ma4_Kn0.33_FWD_hphs1.5_Tw1,R0p35,Cp,0.15459232627380218,4.0,0.33,FWD,1.5,1.0
extratrees,PHASE1__Ma4_Kn0.33_FWD_hphs1.5_Tw1,R0p35,Cq,0.43439736122308736,4.0,0.33,FWD,1.5,1.0
extratrees,PHASE1__Ma4_Kn0.33_FWD_hphs1.5_Tw1,R0p35,tau_abs,0.7769113207802495,4.0,0.33,FWD,1.5,1.0
extratrees,PHASE1__Ma4_Kn0.33_ISO_hphs1.5_Tw1,R0p35,Cp,0.1353575109233396,4.0,0.33,ISO,1.5,1.0
extratrees,PHASE1__Ma4_Kn0.33_ISO_hphs1.5_Tw1,R0p35,Cq,0.2577022478160202,4.0,0.33,ISO,1.5,1.0
extratrees,PHASE1__Ma4_Kn0.33_ISO_hphs1.5_Tw1,R0p35,tau_abs,0.24990197513052875,4.0,0.33,ISO,1.5,1.0
extratrees,PHASE1__Ma4_Kn0.8_BWD_hphs1.5_Tw1,R0p35,Cp,1.0741361401684844,4.0,0.8,BWD,1.5,1.0
extratrees,PHASE1__Ma4_Kn0.8_BWD_hphs1.5_Tw1,R0p35,Cq,0.7538218277554608,4.0,0.8,BWD,1.5,1.0
extratrees,PHASE1__Ma4_Kn0.8_BWD_hphs1.5_Tw1,R0p35,tau_abs,0.37498101979717213,4.0,0.8,BWD,1.5,1.0
extratrees,PHASE1__Ma4_Kn0.8_FWD_hphs1.5_Tw1,R0p35,Cp,0.7950190246814275,4.0,0.8,FWD,1.5,1.0
extratrees,PHASE1__Ma4_Kn0.8_FWD_hphs1.5_Tw1,R0p35,Cq,0.6682834053977784,4.0,0.8,FWD,1.5,1.0
extratrees,PHASE1__Ma4_Kn0.8_FWD_hphs1.5_Tw1,R0p35,tau_abs,0.4151222962467243,4.0,0.8,FWD,1.5,1.0
extratrees,PHASE1__Ma4_Kn0.8_ISO_hphs1.5_Tw1,R0p35,Cp,0.6337984546332167,4.0,0.8,ISO,1.5,1.0
extratrees,PHASE1__Ma4_Kn0.8_ISO_hphs1.5_Tw1,R0p35,Cq,0.4346917230658123,4.0,0.8,ISO,1.5,1.0
extratrees,PHASE1__Ma4_Kn0.8_ISO_hphs1.5_Tw1,R0p35,tau_abs,0.5513189122171527,4.0,0.8,ISO,1.5,1.0
extratrees,PHASE1__Ma6_Kn0.1_BWD_hphs1.5_Tw1,R0p35,Cp,0.13121394722437846,6.0,0.1,BWD,1.5,1.0
extratrees,PHASE1__Ma6_Kn0.1_BWD_hphs1.5_Tw1,R0p35,Cq,0.1451791338596092,6.0,0.1,BWD,1.5,1.0
extratrees,PHASE1__Ma6_Kn0.1_BWD_hphs1.5_Tw1,R0p35,tau_abs,0.28031928409308793,6.0,0.1,BWD,1.5,1.0
extratrees,PHASE1__Ma6_Kn0.1_FWD_hphs1.5_Tw1,R0p35,Cp,0.073828902319559,6.0,0.1,FWD,1.5,1.0
extratrees,PHASE1__Ma6_Kn0.1_FWD_hphs1.5_Tw1,R0p35,Cq,0.2875748061962511,6.0,0.1,FWD,1.5,1.0
extratrees,PHASE1__Ma6_Kn0.1_FWD_hphs1.5_Tw1,R0p35,tau_abs,0.5248623873036293,6.0,0.1,FWD,1.5,1.0
extratrees,PHASE1__Ma6_Kn0.1_ISO_hphs1.5_Tw1,R0p35,Cp,0.056863762961445075,6.0,0.1,ISO,1.5,1.0
extratrees,PHASE1__Ma6_Kn0.1_ISO_hphs1.5_Tw1,R0p35,Cq,0.1362943931318906,6.0,0.1,ISO,1.5,1.0
extratrees,PHASE1__Ma6_Kn0.1_ISO_hphs1.5_Tw1,R0p35,tau_abs,0.4334771783328945,6.0,0.1,ISO,1.5,1.0
extratrees,PHASE1__Ma6_Kn0.33_BWD_hphs1.5_Tw1,R0p35,Cp,0.21033618531172288,6.0,0.33,BWD,1.5,1.0
extratrees,PHASE1__Ma6_Kn0.33_BWD_hphs1.5_Tw1,R0p35,Cq,0.23095278152693724,6.0,0.33,BWD,1.5,1.0
extratrees,PHASE1__Ma6_Kn0.33_BWD_hphs1.5_Tw1,R0p35,tau_abs,0.06471121596880175,6.0,0.33,BWD,1.5,1.0
extratrees,PHASE1__Ma6_Kn0.33_FWD_hphs1.5_Tw1,R0p35,Cp,0.08682101904349696,6.0,0.33,FWD,1.5,1.0
extratrees,PHASE1__Ma6_Kn0.33_FWD_hphs1.5_Tw1,R0p35,Cq,0.21490208328825597,6.0,0.33,FWD,1.5,1.0
extratrees,PHASE1__Ma6_Kn0.33_FWD_hphs1.5_Tw1,R0p35,tau_abs,0.4601071286305524,6.0,0.33,FWD,1.5,1.0
extratrees,PHASE1__Ma6_Kn0.33_ISO_hphs1.5_Tw1,R0p35,Cp,0.11826856597684343,6.0,0.33,ISO,1.5,1.0
extratrees,PHASE1__Ma6_Kn0.33_ISO_hphs1.5_Tw1,R0p35,Cq,0.15519092066422707,6.0,0.33,ISO,1.5,1.0
extratrees,PHASE1__Ma6_Kn0.33_ISO_hphs1.5_Tw1,R0p35,tau_abs,0.22108148109133438,6.0,0.33,ISO,1.5,1.0
extratrees,PHASE1__Ma6_Kn0.8_BWD_hphs1.5_Tw1,R0p35,Cp,0.6630284446796942,6.0,0.8,BWD,1.5,1.0
extratrees,PHASE1__Ma6_Kn0.8_BWD_hphs1.5_Tw1,R0p35,Cq,0.36190157449418303,6.0,0.8,BWD,1.5,1.0
extratrees,PHASE1__Ma6_Kn0.8_BWD_hphs1.5_Tw1,R0p35,tau_abs,0.20399929189406196,6.0,0.8,BWD,1.5,1.0
extratrees,PHASE1__Ma6_Kn0.8_FWD_hphs1.5_Tw1,R0p35,Cp,0.4390296983113398,6.0,0.8,FWD,1.5,1.0
extratrees,PHASE1__Ma6_Kn0.8_FWD_hphs1.5_Tw1,R0p35,Cq,0.45295846800619016,6.0,0.8,FWD,1.5,1.0
extratrees,PHASE1__Ma6_Kn0.8_FWD_hphs1.5_Tw1,R0p35,tau_abs,0.36347907850558153,6.0,0.8,FWD,1.5,1.0
extratrees,PHASE1__Ma6_Kn0.8_ISO_hphs1.5_Tw1,R0p35,Cp,0.40330581573635893,6.0,0.8,ISO,1.5,1.0
extratrees,PHASE1__Ma6_Kn0.8_ISO_hphs1.5_Tw1,R0p35,Cq,0.25137264772817136,6.0,0.8,ISO,1.5,1.0
extratrees,PHASE1__Ma6_Kn0.8_ISO_hphs1.5_Tw1,R0p35,tau_abs,0.29669979218069964,6.0,0.8,ISO,1.5,1.0
extratrees,PHASE1__Ma8_Kn0.1_BWD_hphs1.5_Tw1,R0p35,Cp,0.3099304384425491,8.0,0.1,BWD,1.5,1.0
extratrees,PHASE1__Ma8_Kn0.1_BWD_hphs1.5_Tw1,R0p35,Cq,0.25352570315391243,8.0,0.1,BWD,1.5,1.0
extratrees,PHASE1__Ma8_Kn0.1_BWD_hphs1.5_Tw1,R0p35,tau_abs,0.3914914324836058,8.0,0.1,BWD,1.5,1.0
extratrees,PHASE1__Ma8_Kn0.1_FWD_hphs1.5_Tw1,R0p35,Cp,0.3405600310307226,8.0,0.1,FWD,1.5,1.0
extratrees,PHASE1__Ma8_Kn0.1_FWD_hphs1.5_Tw1,R0p35,Cq,0.3778635311565632,8.0,0.1,FWD,1.5,1.0
extratrees,PHASE1__Ma8_Kn0.1_FWD_hphs1.5_Tw1,R0p35,tau_abs,0.5588228564893494,8.0,0.1,FWD,1.5,1.0
extratrees,PHASE1__Ma8_Kn0.1_ISO_hphs1.5_Tw1,R0p35,Cp,0.24227074243761076,8.0,0.1,ISO,1.5,1.0
extratrees,PHASE1__Ma8_Kn0.1_ISO_hphs1.5_Tw1,R0p35,Cq,0.28199064400871915,8.0,0.1,ISO,1.5,1.0
extratrees,PHASE1__Ma8_Kn0.1_ISO_hphs1.5_Tw1,R0p35,tau_abs,0.49788230021459673,8.0,0.1,ISO,1.5,1.0
extratrees,PHASE1__Ma8_Kn0.33_BWD_hphs1.5_Tw1,R0p35,Cp,0.18379429216435772,8.0,0.33,BWD,1.5,1.0
extratrees,PHASE1__Ma8_Kn0.33_BWD_hphs1.5_Tw1,R0p35,Cq,0.10947626039082832,8.0,0.33,BWD,1.5,1.0
extratrees,PHASE1__Ma8_Kn0.33_BWD_hphs1.5_Tw1,R0p35,tau_abs,0.20508551849477058,8.0,0.33,BWD,1.5,1.0
extratrees,PHASE1__Ma8_Kn0.33_FWD_hphs1.5_Tw1,R0p35,Cp,0.0970353438765465,8.0,0.33,FWD,1.5,1.0
extratrees,PHASE1__Ma8_Kn0.33_FWD_hphs1.5_Tw1,R0p35,Cq,0.1411414226971828,8.0,0.33,FWD,1.5,1.0
extratrees,PHASE1__Ma8_Kn0.33_FWD_hphs1.5_Tw1,R0p35,tau_abs,0.45300325072531983,8.0,0.33,FWD,1.5,1.0
extratrees,PHASE1__Ma8_Kn0.33_ISO_hphs1.5_Tw1,R0p35,Cp,0.07491808697392158,8.0,0.33,ISO,1.5,1.0
extratrees,PHASE1__Ma8_Kn0.33_ISO_hphs1.5_Tw1,R0p35,Cq,0.1703190086277795,8.0,0.33,ISO,1.5,1.0
extratrees,PHASE1__Ma8_Kn0.33_ISO_hphs1.5_Tw1,R0p35,tau_abs,0.24071649698566527,8.0,0.33,ISO,1.5,1.0
extratrees,PHASE1__Ma8_Kn0.8_BWD_hphs1.5_Tw1,R0p35,Cp,0.5872376203792173,8.0,0.8,BWD,1.5,1.0
extratrees,PHASE1__Ma8_Kn0.8_BWD_hphs1.5_Tw1,R0p35,Cq,0.16104196659418268,8.0,0.8,BWD,1.5,1.0
extratrees,PHASE1__Ma8_Kn0.8_BWD_hphs1.5_Tw1,R0p35,tau_abs,0.17300452959022347,8.0,0.8,BWD,1.5,1.0
extratrees,PHASE1__Ma8_Kn0.8_FWD_hphs1.5_Tw1,R0p35,Cp,0.32787115573422354,8.0,0.8,FWD,1.5,1.0
extratrees,PHASE1__Ma8_Kn0.8_FWD_hphs1.5_Tw1,R0p35,Cq,0.16927092730438686,8.0,0.8,FWD,1.5,1.0
extratrees,PHASE1__Ma8_Kn0.8_FWD_hphs1.5_Tw1,R0p35,tau_abs,0.3102721513733443,8.0,0.8,FWD,1.5,1.0
extratrees,PHASE1__Ma8_Kn0.8_ISO_hphs1.5_Tw1,R0p35,Cp,0.3035579124957236,8.0,0.8,ISO,1.5,1.0
extratrees,PHASE1__Ma8_Kn0.8_ISO_hphs1.5_Tw1,R0p35,Cq,0.15942091249383422,8.0,0.8,ISO,1.5,1.0
extratrees,PHASE1__Ma8_Kn0.8_ISO_hphs1.5_Tw1,R0p35,tau_abs,0.21303803434697316,8.0,0.8,ISO,1.5,1.0
extratrees,PHASE1__Ma4_Kn0.1_BWD_hphs1.5_Tw1,R0p50,Cp,0.09769892013453871,4.0,0.1,BWD,1.5,1.0
extratrees,PHASE1__Ma4_Kn0.1_BWD_hphs1.5_Tw1,R0p50,Cq,0.36681494965245937,4.0,0.1,BWD,1.5,1.0
extratrees,PHASE1__Ma4_Kn0.1_BWD_hphs1.5_Tw1,R0p50,tau_abs,0.29635857257464054,4.0,0.1,BWD,1.5,1.0
extratrees,PHASE1__Ma4_Kn0.1_FWD_hphs1.5_Tw1,R0p50,Cp,0.0647168314163193,4.0,0.1,FWD,1.5,1.0
extratrees,PHASE1__Ma4_Kn0.1_FWD_hphs1.5_Tw1,R0p50,Cq,0.5720023342762824,4.0,0.1,FWD,1.5,1.0
extratrees,PHASE1__Ma4_Kn0.1_FWD_hphs1.5_Tw1,R0p50,tau_abs,0.7965577601424775,4.0,0.1,FWD,1.5,1.0
extratrees,PHASE1__Ma4_Kn0.1_ISO_hphs1.5_Tw1,R0p50,Cp,0.06307382537889847,4.0,0.1,ISO,1.5,1.0
extratrees,PHASE1__Ma4_Kn0.1_ISO_hphs1.5_Tw1,R0p50,Cq,0.14554071901606275,4.0,0.1,ISO,1.5,1.0
extratrees,PHASE1__Ma4_Kn0.1_ISO_hphs1.5_Tw1,R0p50,tau_abs,0.49715715955840384,4.0,0.1,ISO,1.5,1.0
extratrees,PHASE1__Ma4_Kn0.33_BWD_hphs1.5_Tw1,R0p50,Cp,0.3067376255617871,4.0,0.33,BWD,1.5,1.0
extratrees,PHASE1__Ma4_Kn0.33_BWD_hphs1.5_Tw1,R0p50,Cq,0.37317821270973783,4.0,0.33,BWD,1.5,1.0
extratrees,PHASE1__Ma4_Kn0.33_BWD_hphs1.5_Tw1,R0p50,tau_abs,0.07565246112629388,4.0,0.33,BWD,1.5,1.0
extratrees,PHASE1__Ma4_Kn0.33_FWD_hphs1.5_Tw1,R0p50,Cp,0.2354848226641068,4.0,0.33,FWD,1.5,1.0
extratrees,PHASE1__Ma4_Kn0.33_FWD_hphs1.5_Tw1,R0p50,Cq,0.47940533519318496,4.0,0.33,FWD,1.5,1.0
extratrees,PHASE1__Ma4_Kn0.33_FWD_hphs1.5_Tw1,R0p50,tau_abs,0.9057237125384684,4.0,0.33,FWD,1.5,1.0
extratrees,PHASE1__Ma4_Kn0.33_ISO_hphs1.5_Tw1,R0p50,Cp,0.11544305002897987,4.0,0.33,ISO,1.5,1.0
extratrees,PHASE1__Ma4_Kn0.33_ISO_hphs1.5_Tw1,R0p50,Cq,0.16063371480426716,4.0,0.33,ISO,1.5,1.0
extratrees,PHASE1__Ma4_Kn0.33_ISO_hphs1.5_Tw1,R0p50,tau_abs,0.2797213310098037,4.0,0.33,ISO,1.5,1.0
extratrees,PHASE1__Ma4_Kn0.8_BWD_hphs1.5_Tw1,R0p50,Cp,1.1658813887708455,4.0,0.8,BWD,1.5,1.0
extratrees,PHASE1__Ma4_Kn0.8_BWD_hphs1.5_Tw1,R0p50,Cq,0.8144931458019664,4.0,0.8,BWD,1.5,1.0
extratrees,PHASE1__Ma4_Kn0.8_BWD_hphs1.5_Tw1,R0p50,tau_abs,0.4149951188966853,4.0,0.8,BWD,1.5,1.0
extratrees,PHASE1__Ma4_Kn0.8_FWD_hphs1.5_Tw1,R0p50,Cp,0.7645368045944556,4.0,0.8,FWD,1.5,1.0
extratrees,PHASE1__Ma4_Kn0.8_FWD_hphs1.5_Tw1,R0p50,Cq,0.6070489617958733,4.0,0.8,FWD,1.5,1.0
extratrees,PHASE1__Ma4_Kn0.8_FWD_hphs1.5_Tw1,R0p50,tau_abs,0.3737918341004517,4.0,0.8,FWD,1.5,1.0
extratrees,PHASE1__Ma4_Kn0.8_ISO_hphs1.5_Tw1,R0p50,Cp,0.5723327027594896,4.0,0.8,ISO,1.5,1.0
extratrees,PHASE1__Ma4_Kn0.8_ISO_hphs1.5_Tw1,R0p50,Cq,0.28333521747504925,4.0,0.8,ISO,1.5,1.0
extratrees,PHASE1__Ma4_Kn0.8_ISO_hphs1.5_Tw1,R0p50,tau_abs,0.4188822084642915,4.0,0.8,ISO,1.5,1.0
extratrees,PHASE1__Ma6_Kn0.1_BWD_hphs1.5_Tw1,R0p50,Cp,0.13691422925403743,6.0,0.1,BWD,1.5,1.0
extratrees,PHASE1__Ma6_Kn0.1_BWD_hphs1.5_Tw1,R0p50,Cq,0.15726697879735677,6.0,0.1,BWD,1.5,1.0
extratrees,PHASE1__Ma6_Kn0.1_BWD_hphs1.5_Tw1,R0p50,tau_abs,0.27316317903456405,6.0,0.1,BWD,1.5,1.0
extratrees,PHASE1__Ma6_Kn0.1_FWD_hphs1.5_Tw1,R0p50,Cp,0.07150548917146948,6.0,0.1,FWD,1.5,1.0
extratrees,PHASE1__Ma6_Kn0.1_FWD_hphs1.5_Tw1,R0p50,Cq,0.28324039492049463,6.0,0.1,FWD,1.5,1.0
extratrees,PHASE1__Ma6_Kn0.1_FWD_hphs1.5_Tw1,R0p50,tau_abs,0.49810511014790826,6.0,0.1,FWD,1.5,1.0
extratrees,PHASE1__Ma6_Kn0.1_ISO_hphs1.5_Tw1,R0p50,Cp,0.04697471293356527,6.0,0.1,ISO,1.5,1.0
extratrees,PHASE1__Ma6_Kn0.1_ISO_hphs1.5_Tw1,R0p50,Cq,0.10507302580055303,6.0,0.1,ISO,1.5,1.0
extratrees,PHASE1__Ma6_Kn0.1_ISO_hphs1.5_Tw1,R0p50,tau_abs,0.4669516193202474,6.0,0.1,ISO,1.5,1.0
extratrees,PHASE1__Ma6_Kn0.33_BWD_hphs1.5_Tw1,R0p50,Cp,0.17858306097386198,6.0,0.33,BWD,1.5,1.0
extratrees,PHASE1__Ma6_Kn0.33_BWD_hphs1.5_Tw1,R0p50,Cq,0.15671347020799442,6.0,0.33,BWD,1.5,1.0
extratrees,PHASE1__Ma6_Kn0.33_BWD_hphs1.5_Tw1,R0p50,tau_abs,0.07592501385016229,6.0,0.33,BWD,1.5,1.0
extratrees,PHASE1__Ma6_Kn0.33_FWD_hphs1.5_Tw1,R0p50,Cp,0.08136201479305347,6.0,0.33,FWD,1.5,1.0
extratrees,PHASE1__Ma6_Kn0.33_FWD_hphs1.5_Tw1,R0p50,Cq,0.24444634781030478,6.0,0.33,FWD,1.5,1.0
extratrees,PHASE1__Ma6_Kn0.33_FWD_hphs1.5_Tw1,R0p50,tau_abs,0.4680242690952402,6.0,0.33,FWD,1.5,1.0
extratrees,PHASE1__Ma6_Kn0.33_ISO_hphs1.5_Tw1,R0p50,Cp,0.09070367478203134,6.0,0.33,ISO,1.5,1.0
extratrees,PHASE1__Ma6_Kn0.33_ISO_hphs1.5_Tw1,R0p50,Cq,0.11185058990687237,6.0,0.33,ISO,1.5,1.0
extratrees,PHASE1__Ma6_Kn0.33_ISO_hphs1.5_Tw1,R0p50,tau_abs,0.26004045150360633,6.0,0.33,ISO,1.5,1.0
extratrees,PHASE1__Ma6_Kn0.8_BWD_hphs1.5_Tw1,R0p50,Cp,0.7120590962862645,6.0,0.8,BWD,1.5,1.0
extratrees,PHASE1__Ma6_Kn0.8_BWD_hphs1.5_Tw1,R0p50,Cq,0.40301803812761,6.0,0.8,BWD,1.5,1.0
extratrees,PHASE1__Ma6_Kn0.8_BWD_hphs1.5_Tw1,R0p50,tau_abs,0.23171981389478308,6.0,0.8,BWD,1.5,1.0
extratrees,PHASE1__Ma6_Kn0.8_FWD_hphs1.5_Tw1,R0p50,Cp,0.41668280427237914,6.0,0.8,FWD,1.5,1.0
extratrees,PHASE1__Ma6_Kn0.8_FWD_hphs1.5_Tw1,R0p50,Cq,0.38585103519327135,6.0,0.8,FWD,1.5,1.0
extratrees,PHASE1__Ma6_Kn0.8_FWD_hphs1.5_Tw1,R0p50,tau_abs,0.35170292781983264,6.0,0.8,FWD,1.5,1.0
extratrees,PHASE1__Ma6_Kn0.8_ISO_hphs1.5_Tw1,R0p50,Cp,0.37128362271789883,6.0,0.8,ISO,1.5,1.0
extratrees,PHASE1__Ma6_Kn0.8_ISO_hphs1.5_Tw1,R0p50,Cq,0.20604228851764697,6.0,0.8,ISO,1.5,1.0
extratrees,PHASE1__Ma6_Kn0.8_ISO_hphs1.5_Tw1,R0p50,tau_abs,0.26140763063576655,6.0,0.8,ISO,1.5,1.0
extratrees,PHASE1__Ma8_Kn0.1_BWD_hphs1.5_Tw1,R0p50,Cp,0.3471466093038918,8.0,0.1,BWD,1.5,1.0
extratrees,PHASE1__Ma8_Kn0.1_BWD_hphs1.5_Tw1,R0p50,Cq,0.28835964300570666,8.0,0.1,BWD,1.5,1.0
extratrees,PHASE1__Ma8_Kn0.1_BWD_hphs1.5_Tw1,R0p50,tau_abs,0.4020720168906884,8.0,0.1,BWD,1.5,1.0
extratrees,PHASE1__Ma8_Kn0.1_FWD_hphs1.5_Tw1,R0p50,Cp,0.35105713798927085,8.0,0.1,FWD,1.5,1.0
extratrees,PHASE1__Ma8_Kn0.1_FWD_hphs1.5_Tw1,R0p50,Cq,0.36068086008195066,8.0,0.1,FWD,1.5,1.0
extratrees,PHASE1__Ma8_Kn0.1_FWD_hphs1.5_Tw1,R0p50,tau_abs,0.5773215926663222,8.0,0.1,FWD,1.5,1.0
extratrees,PHASE1__Ma8_Kn0.1_ISO_hphs1.5_Tw1,R0p50,Cp,0.25682394002048964,8.0,0.1,ISO,1.5,1.0
extratrees,PHASE1__Ma8_Kn0.1_ISO_hphs1.5_Tw1,R0p50,Cq,0.28692069889067806,8.0,0.1,ISO,1.5,1.0
extratrees,PHASE1__Ma8_Kn0.1_ISO_hphs1.5_Tw1,R0p50,tau_abs,0.5462784343048538,8.0,0.1,ISO,1.5,1.0
extratrees,PHASE1__Ma8_Kn0.33_BWD_hphs1.5_Tw1,R0p50,Cp,0.24923094813862526,8.0,0.33,BWD,1.5,1.0
extratrees,PHASE1__Ma8_Kn0.33_BWD_hphs1.5_Tw1,R0p50,Cq,0.08539914219834188,8.0,0.33,BWD,1.5,1.0
extratrees,PHASE1__Ma8_Kn0.33_BWD_hphs1.5_Tw1,R0p50,tau_abs,0.18403418012056214,8.0,0.33,BWD,1.5,1.0
extratrees,PHASE1__Ma8_Kn0.33_FWD_hphs1.5_Tw1,R0p50,Cp,0.08903409996915417,8.0,0.33,FWD,1.5,1.0
extratrees,PHASE1__Ma8_Kn0.33_FWD_hphs1.5_Tw1,R0p50,Cq,0.14767815149785157,8.0,0.33,FWD,1.5,1.0
extratrees,PHASE1__Ma8_Kn0.33_FWD_hphs1.5_Tw1,R0p50,tau_abs,0.4541598130936722,8.0,0.33,FWD,1.5,1.0
extratrees,PHASE1__Ma8_Kn0.33_ISO_hphs1.5_Tw1,R0p50,Cp,0.11754774124831159,8.0,0.33,ISO,1.5,1.0
extratrees,PHASE1__Ma8_Kn0.33_ISO_hphs1.5_Tw1,R0p50,Cq,0.14615172113038025,8.0,0.33,ISO,1.5,1.0
extratrees,PHASE1__Ma8_Kn0.33_ISO_hphs1.5_Tw1,R0p50,tau_abs,0.2353225121574346,8.0,0.33,ISO,1.5,1.0
extratrees,PHASE1__Ma8_Kn0.8_BWD_hphs1.5_Tw1,R0p50,Cp,0.6494935549166405,8.0,0.8,BWD,1.5,1.0
extratrees,PHASE1__Ma8_Kn0.8_BWD_hphs1.5_Tw1,R0p50,Cq,0.1958125416739834,8.0,0.8,BWD,1.5,1.0
extratrees,PHASE1__Ma8_Kn0.8_BWD_hphs1.5_Tw1,R0p50,tau_abs,0.17409071819216007,8.0,0.8,BWD,1.5,1.0
extratrees,PHASE1__Ma8_Kn0.8_FWD_hphs1.5_Tw1,R0p50,Cp,0.3349546947955851,8.0,0.8,FWD,1.5,1.0
extratrees,PHASE1__Ma8_Kn0.8_FWD_hphs1.5_Tw1,R0p50,Cq,0.14561298204090428,8.0,0.8,FWD,1.5,1.0
extratrees,PHASE1__Ma8_Kn0.8_FWD_hphs1.5_Tw1,R0p50,tau_abs,0.2999525662163582,8.0,0.8,FWD,1.5,1.0
extratrees,PHASE1__Ma8_Kn0.8_ISO_hphs1.5_Tw1,R0p50,Cp,0.30267117242244346,8.0,0.8,ISO,1.5,1.0
extratrees,PHASE1__Ma8_Kn0.8_ISO_hphs1.5_Tw1,R0p50,Cq,0.15404288980474098,8.0,0.8,ISO,1.5,1.0
extratrees,PHASE1__Ma8_Kn0.8_ISO_hphs1.5_Tw1,R0p50,tau_abs,0.20353131921281487,8.0,0.8,ISO,1.5,1.0
extratrees,PHASE1__Ma4_Kn0.1_BWD_hphs1.5_Tw1,R0p75,Cp,0.08504814099568428,4.0,0.1,BWD,1.5,1.0
extratrees,PHASE1__Ma4_Kn0.1_BWD_hphs1.5_Tw1,R0p75,Cq,0.38385073608658704,4.0,0.1,BWD,1.5,1.0
extratrees,PHASE1__Ma4_Kn0.1_BWD_hphs1.5_Tw1,R0p75,tau_abs,0.335723557382226,4.0,0.1,BWD,1.5,1.0
extratrees,PHASE1__Ma4_Kn0.1_FWD_hphs1.5_Tw1,R0p75,Cp,0.10164168271358641,4.0,0.1,FWD,1.5,1.0
extratrees,PHASE1__Ma4_Kn0.1_FWD_hphs1.5_Tw1,R0p75,Cq,0.47044235124315764,4.0,0.1,FWD,1.5,1.0
extratrees,PHASE1__Ma4_Kn0.1_FWD_hphs1.5_Tw1,R0p75,tau_abs,0.7698002862947281,4.0,0.1,FWD,1.5,1.0
extratrees,PHASE1__Ma4_Kn0.1_ISO_hphs1.5_Tw1,R0p75,Cp,0.07688180176095934,4.0,0.1,ISO,1.5,1.0
extratrees,PHASE1__Ma4_Kn0.1_ISO_hphs1.5_Tw1,R0p75,Cq,0.11449119325280438,4.0,0.1,ISO,1.5,1.0
extratrees,PHASE1__Ma4_Kn0.1_ISO_hphs1.5_Tw1,R0p75,tau_abs,0.5464499305158785,4.0,0.1,ISO,1.5,1.0
extratrees,PHASE1__Ma4_Kn0.33_BWD_hphs1.5_Tw1,R0p75,Cp,0.30023606310366313,4.0,0.33,BWD,1.5,1.0
extratrees,PHASE1__Ma4_Kn0.33_BWD_hphs1.5_Tw1,R0p75,Cq,0.3480302807287017,4.0,0.33,BWD,1.5,1.0
extratrees,PHASE1__Ma4_Kn0.33_BWD_hphs1.5_Tw1,R0p75,tau_abs,0.08874648693252801,4.0,0.33,BWD,1.5,1.0
extratrees,PHASE1__Ma4_Kn0.33_FWD_hphs1.5_Tw1,R0p75,Cp,0.24477607583837963,4.0,0.33,FWD,1.5,1.0
extratrees,PHASE1__Ma4_Kn0.33_FWD_hphs1.5_Tw1,R0p75,Cq,0.47570937318714906,4.0,0.33,FWD,1.5,1.0
extratrees,PHASE1__Ma4_Kn0.33_FWD_hphs1.5_Tw1,R0p75,tau_abs,0.793496563931872,4.0,0.33,FWD,1.5,1.0
extratrees,PHASE1__Ma4_Kn0.33_ISO_hphs1.5_Tw1,R0p75,Cp,0.11367293563939557,4.0,0.33,ISO,1.5,1.0
extratrees,PHASE1__Ma4_Kn0.33_ISO_hphs1.5_Tw1,R0p75,Cq,0.1540826111109262,4.0,0.33,ISO,1.5,1.0
extratrees,PHASE1__Ma4_Kn0.33_ISO_hphs1.5_Tw1,R0p75,tau_abs,0.33311204215761375,4.0,0.33,ISO,1.5,1.0
extratrees,PHASE1__Ma4_Kn0.8_BWD_hphs1.5_Tw1,R0p75,Cp,1.1258396503573003,4.0,0.8,BWD,1.5,1.0
extratrees,PHASE1__Ma4_Kn0.8_BWD_hphs1.5_Tw1,R0p75,Cq,0.6822056424251527,4.0,0.8,BWD,1.5,1.0
extratrees,PHASE1__Ma4_Kn0.8_BWD_hphs1.5_Tw1,R0p75,tau_abs,0.36003569780301564,4.0,0.8,BWD,1.5,1.0
extratrees,PHASE1__Ma4_Kn0.8_FWD_hphs1.5_Tw1,R0p75,Cp,0.6717524743667721,4.0,0.8,FWD,1.5,1.0
extratrees,PHASE1__Ma4_Kn0.8_FWD_hphs1.5_Tw1,R0p75,Cq,0.5161099134839612,4.0,0.8,FWD,1.5,1.0
extratrees,PHASE1__Ma4_Kn0.8_FWD_hphs1.5_Tw1,R0p75,tau_abs,0.3712779165504373,4.0,0.8,FWD,1.5,1.0
extratrees,PHASE1__Ma4_Kn0.8_ISO_hphs1.5_Tw1,R0p75,Cp,0.5733599711132418,4.0,0.8,ISO,1.5,1.0
extratrees,PHASE1__Ma4_Kn0.8_ISO_hphs1.5_Tw1,R0p75,Cq,0.2634515549463613,4.0,0.8,ISO,1.5,1.0
extratrees,PHASE1__Ma4_Kn0.8_ISO_hphs1.5_Tw1,R0p75,tau_abs,0.38099081001163004,4.0,0.8,ISO,1.5,1.0
extratrees,PHASE1__Ma6_Kn0.1_BWD_hphs1.5_Tw1,R0p75,Cp,0.14976064220866603,6.0,0.1,BWD,1.5,1.0
extratrees,PHASE1__Ma6_Kn0.1_BWD_hphs1.5_Tw1,R0p75,Cq,0.09947502106017529,6.0,0.1,BWD,1.5,1.0
extratrees,PHASE1__Ma6_Kn0.1_BWD_hphs1.5_Tw1,R0p75,tau_abs,0.31537600395828086,6.0,0.1,BWD,1.5,1.0
extratrees,PHASE1__Ma6_Kn0.1_FWD_hphs1.5_Tw1,R0p75,Cp,0.08344141402699974,6.0,0.1,FWD,1.5,1.0
extratrees,PHASE1__Ma6_Kn0.1_FWD_hphs1.5_Tw1,R0p75,Cq,0.29591023083892276,6.0,0.1,FWD,1.5,1.0
extratrees,PHASE1__Ma6_Kn0.1_FWD_hphs1.5_Tw1,R0p75,tau_abs,0.4060503175630168,6.0,0.1,FWD,1.5,1.0
extratrees,PHASE1__Ma6_Kn0.1_ISO_hphs1.5_Tw1,R0p75,Cp,0.08817828222296978,6.0,0.1,ISO,1.5,1.0
extratrees,PHASE1__Ma6_Kn0.1_ISO_hphs1.5_Tw1,R0p75,Cq,0.06581220431853307,6.0,0.1,ISO,1.5,1.0
extratrees,PHASE1__Ma6_Kn0.1_ISO_hphs1.5_Tw1,R0p75,tau_abs,0.4789646602317467,6.0,0.1,ISO,1.5,1.0
extratrees,PHASE1__Ma6_Kn0.33_BWD_hphs1.5_Tw1,R0p75,Cp,0.21111218848880692,6.0,0.33,BWD,1.5,1.0
extratrees,PHASE1__Ma6_Kn0.33_BWD_hphs1.5_Tw1,R0p75,Cq,0.16653908750040766,6.0,0.33,BWD,1.5,1.0
extratrees,PHASE1__Ma6_Kn0.33_BWD_hphs1.5_Tw1,R0p75,tau_abs,0.08802721407755193,6.0,0.33,BWD,1.5,1.0
extratrees,PHASE1__Ma6_Kn0.33_FWD_hphs1.5_Tw1,R0p75,Cp,0.13559272482293686,6.0,0.33,FWD,1.5,1.0
extratrees,PHASE1__Ma6_Kn0.33_FWD_hphs1.5_Tw1,R0p75,Cq,0.22190998965858713,6.0,0.33,FWD,1.5,1.0
extratrees,PHASE1__Ma6_Kn0.33_FWD_hphs1.5_Tw1,R0p75,tau_abs,0.505320610793908,6.0,0.33,FWD,1.5,1.0
extratrees,PHASE1__Ma6_Kn0.33_ISO_hphs1.5_Tw1,R0p75,Cp,0.10987549421474185,6.0,0.33,ISO,1.5,1.0
extratrees,PHASE1__Ma6_Kn0.33_ISO_hphs1.5_Tw1,R0p75,Cq,0.12380070264619214,6.0,0.33,ISO,1.5,1.0
extratrees,PHASE1__Ma6_Kn0.33_ISO_hphs1.5_Tw1,R0p75,tau_abs,0.23997672241823942,6.0,0.33,ISO,1.5,1.0
extratrees,PHASE1__Ma6_Kn0.8_BWD_hphs1.5_Tw1,R0p75,Cp,0.7390069164646231,6.0,0.8,BWD,1.5,1.0
extratrees,PHASE1__Ma6_Kn0.8_BWD_hphs1.5_Tw1,R0p75,Cq,0.40796266538632814,6.0,0.8,BWD,1.5,1.0
extratrees,PHASE1__Ma6_Kn0.8_BWD_hphs1.5_Tw1,R0p75,tau_abs,0.21913146565654235,6.0,0.8,BWD,1.5,1.0
extratrees,PHASE1__Ma6_Kn0.8_FWD_hphs1.5_Tw1,R0p75,Cp,0.4378994668106885,6.0,0.8,FWD,1.5,1.0
extratrees,PHASE1__Ma6_Kn0.8_FWD_hphs1.5_Tw1,R0p75,Cq,0.3307346670180448,6.0,0.8,FWD,1.5,1.0
extratrees,PHASE1__Ma6_Kn0.8_FWD_hphs1.5_Tw1,R0p75,tau_abs,0.33314338373317554,6.0,0.8,FWD,1.5,1.0
extratrees,PHASE1__Ma6_Kn0.8_ISO_hphs1.5_Tw1,R0p75,Cp,0.39954744268709025,6.0,0.8,ISO,1.5,1.0
extratrees,PHASE1__Ma6_Kn0.8_ISO_hphs1.5_Tw1,R0p75,Cq,0.19932895014411015,6.0,0.8,ISO,1.5,1.0
extratrees,PHASE1__Ma6_Kn0.8_ISO_hphs1.5_Tw1,R0p75,tau_abs,0.29000233301368533,6.0,0.8,ISO,1.5,1.0
extratrees,PHASE1__Ma8_Kn0.1_BWD_hphs1.5_Tw1,R0p75,Cp,0.3365894493896951,8.0,0.1,BWD,1.5,1.0
extratrees,PHASE1__Ma8_Kn0.1_BWD_hphs1.5_Tw1,R0p75,Cq,0.2625593068805694,8.0,0.1,BWD,1.5,1.0
extratrees,PHASE1__Ma8_Kn0.1_BWD_hphs1.5_Tw1,R0p75,tau_abs,0.3876520284728176,8.0,0.1,BWD,1.5,1.0
extratrees,PHASE1__Ma8_Kn0.1_FWD_hphs1.5_Tw1,R0p75,Cp,0.35023159077885313,8.0,0.1,FWD,1.5,1.0
extratrees,PHASE1__Ma8_Kn0.1_FWD_hphs1.5_Tw1,R0p75,Cq,0.3595430251334377,8.0,0.1,FWD,1.5,1.0
extratrees,PHASE1__Ma8_Kn0.1_FWD_hphs1.5_Tw1,R0p75,tau_abs,0.5526262362571939,8.0,0.1,FWD,1.5,1.0
extratrees,PHASE1__Ma8_Kn0.1_ISO_hphs1.5_Tw1,R0p75,Cp,0.2648547246615754,8.0,0.1,ISO,1.5,1.0
extratrees,PHASE1__Ma8_Kn0.1_ISO_hphs1.5_Tw1,R0p75,Cq,0.274872045243367,8.0,0.1,ISO,1.5,1.0
extratrees,PHASE1__Ma8_Kn0.1_ISO_hphs1.5_Tw1,R0p75,tau_abs,0.5460447207507262,8.0,0.1,ISO,1.5,1.0
extratrees,PHASE1__Ma8_Kn0.33_BWD_hphs1.5_Tw1,R0p75,Cp,0.23523978478873653,8.0,0.33,BWD,1.5,1.0
extratrees,PHASE1__Ma8_Kn0.33_BWD_hphs1.5_Tw1,R0p75,Cq,0.09736080730718508,8.0,0.33,BWD,1.5,1.0
extratrees,PHASE1__Ma8_Kn0.33_BWD_hphs1.5_Tw1,R0p75,tau_abs,0.20715581810190503,8.0,0.33,BWD,1.5,1.0
extratrees,PHASE1__Ma8_Kn0.33_FWD_hphs1.5_Tw1,R0p75,Cp,0.13680847238420163,8.0,0.33,FWD,1.5,1.0
extratrees,PHASE1__Ma8_Kn0.33_FWD_hphs1.5_Tw1,R0p75,Cq,0.1002838730696867,8.0,0.33,FWD,1.5,1.0
extratrees,PHASE1__Ma8_Kn0.33_FWD_hphs1.5_Tw1,R0p75,tau_abs,0.47951165704258814,8.0,0.33,FWD,1.5,1.0
extratrees,PHASE1__Ma8_Kn0.33_ISO_hphs1.5_Tw1,R0p75,Cp,0.14524420819357253,8.0,0.33,ISO,1.5,1.0
extratrees,PHASE1__Ma8_Kn0.33_ISO_hphs1.5_Tw1,R0p75,Cq,0.13185973432874787,8.0,0.33,ISO,1.5,1.0
extratrees,PHASE1__Ma8_Kn0.33_ISO_hphs1.5_Tw1,R0p75,tau_abs,0.25013069958396444,8.0,0.33,ISO,1.5,1.0
extratrees,PHASE1__Ma8_Kn0.8_BWD_hphs1.5_Tw1,R0p75,Cp,0.6364021938266178,8.0,0.8,BWD,1.5,1.0
extratrees,PHASE1__Ma8_Kn0.8_BWD_hphs1.5_Tw1,R0p75,Cq,0.1852138818632451,8.0,0.8,BWD,1.5,1.0
extratrees,PHASE1__Ma8_Kn0.8_BWD_hphs1.5_Tw1,R0p75,tau_abs,0.16367706515135033,8.0,0.8,BWD,1.5,1.0
extratrees,PHASE1__Ma8_Kn0.8_FWD_hphs1.5_Tw1,R0p75,Cp,0.36690402295847424,8.0,0.8,FWD,1.5,1.0
extratrees,PHASE1__Ma8_Kn0.8_FWD_hphs1.5_Tw1,R0p75,Cq,0.13377246540497395,8.0,0.8,FWD,1.5,1.0
extratrees,PHASE1__Ma8_Kn0.8_FWD_hphs1.5_Tw1,R0p75,tau_abs,0.30241455909614623,8.0,0.8,FWD,1.5,1.0
extratrees,PHASE1__Ma8_Kn0.8_ISO_hphs1.5_Tw1,R0p75,Cp,0.3589335429328301,8.0,0.8,ISO,1.5,1.0
extratrees,PHASE1__Ma8_Kn0.8_ISO_hphs1.5_Tw1,R0p75,Cq,0.15753770355288174,8.0,0.8,ISO,1.5,1.0
extratrees,PHASE1__Ma8_Kn0.8_ISO_hphs1.5_Tw1,R0p75,tau_abs,0.19201865290197265,8.0,0.8,ISO,1.5,1.0
extratrees,PHASE1__Ma4_Kn0.1_BWD_hphs1.5_Tw1,R1,Cp,0.08496731314773173,4.0,0.1,BWD,1.5,1.0
extratrees,PHASE1__Ma4_Kn0.1_BWD_hphs1.5_Tw1,R1,Cq,0.3251035270367447,4.0,0.1,BWD,1.5,1.0
extratrees,PHASE1__Ma4_Kn0.1_BWD_hphs1.5_Tw1,R1,tau_abs,0.3914067526089385,4.0,0.1,BWD,1.5,1.0
extratrees,PHASE1__Ma4_Kn0.1_FWD_hphs1.5_Tw1,R1,Cp,0.08983131548381583,4.0,0.1,FWD,1.5,1.0
extratrees,PHASE1__Ma4_Kn0.1_FWD_hphs1.5_Tw1,R1,Cq,0.47936096761839136,4.0,0.1,FWD,1.5,1.0
extratrees,PHASE1__Ma4_Kn0.1_FWD_hphs1.5_Tw1,R1,tau_abs,0.7193226331019575,4.0,0.1,FWD,1.5,1.0
extratrees,PHASE1__Ma4_Kn0.1_ISO_hphs1.5_Tw1,R1,Cp,0.039822462686862035,4.0,0.1,ISO,1.5,1.0
extratrees,PHASE1__Ma4_Kn0.1_ISO_hphs1.5_Tw1,R1,Cq,0.1461314315040277,4.0,0.1,ISO,1.5,1.0
extratrees,PHASE1__Ma4_Kn0.1_ISO_hphs1.5_Tw1,R1,tau_abs,0.5264256975327951,4.0,0.1,ISO,1.5,1.0
extratrees,PHASE1__Ma4_Kn0.33_BWD_hphs1.5_Tw1,R1,Cp,0.2920611576887086,4.0,0.33,BWD,1.5,1.0
extratrees,PHASE1__Ma4_Kn0.33_BWD_hphs1.5_Tw1,R1,Cq,0.27956604332391294,4.0,0.33,BWD,1.5,1.0
extratrees,PHASE1__Ma4_Kn0.33_BWD_hphs1.5_Tw1,R1,tau_abs,0.14979361847156744,4.0,0.33,BWD,1.5,1.0
extratrees,PHASE1__Ma4_Kn0.33_FWD_hphs1.5_Tw1,R1,Cp,0.27517104598967485,4.0,0.33,FWD,1.5,1.0
extratrees,PHASE1__Ma4_Kn0.33_FWD_hphs1.5_Tw1,R1,Cq,0.47111319890716913,4.0,0.33,FWD,1.5,1.0
extratrees,PHASE1__Ma4_Kn0.33_FWD_hphs1.5_Tw1,R1,tau_abs,0.8441704766735144,4.0,0.33,FWD,1.5,1.0
extratrees,PHASE1__Ma4_Kn0.33_ISO_hphs1.5_Tw1,R1,Cp,0.07672478880204708,4.0,0.33,ISO,1.5,1.0
extratrees,PHASE1__Ma4_Kn0.33_ISO_hphs1.5_Tw1,R1,Cq,0.1074728303971482,4.0,0.33,ISO,1.5,1.0
extratrees,PHASE1__Ma4_Kn0.33_ISO_hphs1.5_Tw1,R1,tau_abs,0.3047365712151045,4.0,0.33,ISO,1.5,1.0
extratrees,PHASE1__Ma4_Kn0.8_BWD_hphs1.5_Tw1,R1,Cp,1.1363973118254072,4.0,0.8,BWD,1.5,1.0
extratrees,PHASE1__Ma4_Kn0.8_BWD_hphs1.5_Tw1,R1,Cq,0.7080367547396677,4.0,0.8,BWD,1.5,1.0
extratrees,PHASE1__Ma4_Kn0.8_BWD_hphs1.5_Tw1,R1,tau_abs,0.33693072799815654,4.0,0.8,BWD,1.5,1.0
extratrees,PHASE1__Ma4_Kn0.8_FWD_hphs1.5_Tw1,R1,Cp,0.699482630164619,4.0,0.8,FWD,1.5,1.0
extratrees,PHASE1__Ma4_Kn0.8_FWD_hphs1.5_Tw1,R1,Cq,0.48892496459821283,4.0,0.8,FWD,1.5,1.0
extratrees,PHASE1__Ma4_Kn0.8_FWD_hphs1.5_Tw1,R1,tau_abs,0.3668810241608969,4.0,0.8,FWD,1.5,1.0
extratrees,PHASE1__Ma4_Kn0.8_ISO_hphs1.5_Tw1,R1,Cp,0.49337228137653094,4.0,0.8,ISO,1.5,1.0
extratrees,PHASE1__Ma4_Kn0.8_ISO_hphs1.5_Tw1,R1,Cq,0.19488503765822326,4.0,0.8,ISO,1.5,1.0
extratrees,PHASE1__Ma4_Kn0.8_ISO_hphs1.5_Tw1,R1,tau_abs,0.3737338536463846,4.0,0.8,ISO,1.5,1.0
extratrees,PHASE1__Ma6_Kn0.1_BWD_hphs1.5_Tw1,R1,Cp,0.18828566759651633,6.0,0.1,BWD,1.5,1.0
extratrees,PHASE1__Ma6_Kn0.1_BWD_hphs1.5_Tw1,R1,Cq,0.1260341428931069,6.0,0.1,BWD,1.5,1.0
extratrees,PHASE1__Ma6_Kn0.1_BWD_hphs1.5_Tw1,R1,tau_abs,0.31001051478822444,6.0,0.1,BWD,1.5,1.0
extratrees,PHASE1__Ma6_Kn0.1_FWD_hphs1.5_Tw1,R1,Cp,0.08794959376729745,6.0,0.1,FWD,1.5,1.0
extratrees,PHASE1__Ma6_Kn0.1_FWD_hphs1.5_Tw1,R1,Cq,0.2949725667547959,6.0,0.1,FWD,1.5,1.0
extratrees,PHASE1__Ma6_Kn0.1_FWD_hphs1.5_Tw1,R1,tau_abs,0.41660554703265246,6.0,0.1,FWD,1.5,1.0
extratrees,PHASE1__Ma6_Kn0.1_ISO_hphs1.5_Tw1,R1,Cp,0.11126224764424275,6.0,0.1,ISO,1.5,1.0
extratrees,PHASE1__Ma6_Kn0.1_ISO_hphs1.5_Tw1,R1,Cq,0.08364725679588832,6.0,0.1,ISO,1.5,1.0
extratrees,PHASE1__Ma6_Kn0.1_ISO_hphs1.5_Tw1,R1,tau_abs,0.48140365946203173,6.0,0.1,ISO,1.5,1.0
extratrees,PHASE1__Ma6_Kn0.33_BWD_hphs1.5_Tw1,R1,Cp,0.20802480776887305,6.0,0.33,BWD,1.5,1.0
extratrees,PHASE1__Ma6_Kn0.33_BWD_hphs1.5_Tw1,R1,Cq,0.12971076449841365,6.0,0.33,BWD,1.5,1.0
extratrees,PHASE1__Ma6_Kn0.33_BWD_hphs1.5_Tw1,R1,tau_abs,0.10479972147590032,6.0,0.33,BWD,1.5,1.0
extratrees,PHASE1__Ma6_Kn0.33_FWD_hphs1.5_Tw1,R1,Cp,0.14880687583031166,6.0,0.33,FWD,1.5,1.0
extratrees,PHASE1__Ma6_Kn0.33_FWD_hphs1.5_Tw1,R1,Cq,0.2589789830562215,6.0,0.33,FWD,1.5,1.0
extratrees,PHASE1__Ma6_Kn0.33_FWD_hphs1.5_Tw1,R1,tau_abs,0.49096487987545306,6.0,0.33,FWD,1.5,1.0
extratrees,PHASE1__Ma6_Kn0.33_ISO_hphs1.5_Tw1,R1,Cp,0.0881815505272376,6.0,0.33,ISO,1.5,1.0
extratrees,PHASE1__Ma6_Kn0.33_ISO_hphs1.5_Tw1,R1,Cq,0.07837495483110375,6.0,0.33,ISO,1.5,1.0
extratrees,PHASE1__Ma6_Kn0.33_ISO_hphs1.5_Tw1,R1,tau_abs,0.3064935660335118,6.0,0.33,ISO,1.5,1.0
extratrees,PHASE1__Ma6_Kn0.8_BWD_hphs1.5_Tw1,R1,Cp,0.7073378510357515,6.0,0.8,BWD,1.5,1.0
extratrees,PHASE1__Ma6_Kn0.8_BWD_hphs1.5_Tw1,R1,Cq,0.37142508332886115,6.0,0.8,BWD,1.5,1.0
extratrees,PHASE1__Ma6_Kn0.8_BWD_hphs1.5_Tw1,R1,tau_abs,0.17114334645098564,6.0,0.8,BWD,1.5,1.0
extratrees,PHASE1__Ma6_Kn0.8_FWD_hphs1.5_Tw1,R1,Cp,0.4628356647711282,6.0,0.8,FWD,1.5,1.0
extratrees,PHASE1__Ma6_Kn0.8_FWD_hphs1.5_Tw1,R1,Cq,0.3319515278775816,6.0,0.8,FWD,1.5,1.0
extratrees,PHASE1__Ma6_Kn0.8_FWD_hphs1.5_Tw1,R1,tau_abs,0.32572150274986267,6.0,0.8,FWD,1.5,1.0
extratrees,PHASE1__Ma6_Kn0.8_ISO_hphs1.5_Tw1,R1,Cp,0.4166563956114668,6.0,0.8,ISO,1.5,1.0
extratrees,PHASE1__Ma6_Kn0.8_ISO_hphs1.5_Tw1,R1,Cq,0.1868884007092888,6.0,0.8,ISO,1.5,1.0
extratrees,PHASE1__Ma6_Kn0.8_ISO_hphs1.5_Tw1,R1,tau_abs,0.26198486806949317,6.0,0.8,ISO,1.5,1.0
extratrees,PHASE1__Ma8_Kn0.1_BWD_hphs1.5_Tw1,R1,Cp,0.3217603399788702,8.0,0.1,BWD,1.5,1.0
extratrees,PHASE1__Ma8_Kn0.1_BWD_hphs1.5_Tw1,R1,Cq,0.2555572874492435,8.0,0.1,BWD,1.5,1.0
extratrees,PHASE1__Ma8_Kn0.1_BWD_hphs1.5_Tw1,R1,tau_abs,0.4170765093526281,8.0,0.1,BWD,1.5,1.0
extratrees,PHASE1__Ma8_Kn0.1_FWD_hphs1.5_Tw1,R1,Cp,0.3261886178472257,8.0,0.1,FWD,1.5,1.0
extratrees,PHASE1__Ma8_Kn0.1_FWD_hphs1.5_Tw1,R1,Cq,0.3661565828633873,8.0,0.1,FWD,1.5,1.0
extratrees,PHASE1__Ma8_Kn0.1_FWD_hphs1.5_Tw1,R1,tau_abs,0.5522084579026526,8.0,0.1,FWD,1.5,1.0
extratrees,PHASE1__Ma8_Kn0.1_ISO_hphs1.5_Tw1,R1,Cp,0.25752720043480987,8.0,0.1,ISO,1.5,1.0
extratrees,PHASE1__Ma8_Kn0.1_ISO_hphs1.5_Tw1,R1,Cq,0.2746585722875769,8.0,0.1,ISO,1.5,1.0
extratrees,PHASE1__Ma8_Kn0.1_ISO_hphs1.5_Tw1,R1,tau_abs,0.5346152074731263,8.0,0.1,ISO,1.5,1.0
extratrees,PHASE1__Ma8_Kn0.33_BWD_hphs1.5_Tw1,R1,Cp,0.19637733175872116,8.0,0.33,BWD,1.5,1.0
extratrees,PHASE1__Ma8_Kn0.33_BWD_hphs1.5_Tw1,R1,Cq,0.12576320556144915,8.0,0.33,BWD,1.5,1.0
extratrees,PHASE1__Ma8_Kn0.33_BWD_hphs1.5_Tw1,R1,tau_abs,0.2094240776766165,8.0,0.33,BWD,1.5,1.0
extratrees,PHASE1__Ma8_Kn0.33_FWD_hphs1.5_Tw1,R1,Cp,0.10948970598725397,8.0,0.33,FWD,1.5,1.0
extratrees,PHASE1__Ma8_Kn0.33_FWD_hphs1.5_Tw1,R1,Cq,0.1607738336742591,8.0,0.33,FWD,1.5,1.0
extratrees,PHASE1__Ma8_Kn0.33_FWD_hphs1.5_Tw1,R1,tau_abs,0.4786151791372982,8.0,0.33,FWD,1.5,1.0
extratrees,PHASE1__Ma8_Kn0.33_ISO_hphs1.5_Tw1,R1,Cp,0.07853558822115941,8.0,0.33,ISO,1.5,1.0
extratrees,PHASE1__Ma8_Kn0.33_ISO_hphs1.5_Tw1,R1,Cq,0.15690897964989653,8.0,0.33,ISO,1.5,1.0
extratrees,PHASE1__Ma8_Kn0.33_ISO_hphs1.5_Tw1,R1,tau_abs,0.2842662527589966,8.0,0.33,ISO,1.5,1.0
extratrees,PHASE1__Ma8_Kn0.8_BWD_hphs1.5_Tw1,R1,Cp,0.7509069132826203,8.0,0.8,BWD,1.5,1.0
extratrees,PHASE1__Ma8_Kn0.8_BWD_hphs1.5_Tw1,R1,Cq,0.20229799065168758,8.0,0.8,BWD,1.5,1.0
extratrees,PHASE1__Ma8_Kn0.8_BWD_hphs1.5_Tw1,R1,tau_abs,0.14382744674335365,8.0,0.8,BWD,1.5,1.0
extratrees,PHASE1__Ma8_Kn0.8_FWD_hphs1.5_Tw1,R1,Cp,0.3919407965479309,8.0,0.8,FWD,1.5,1.0
extratrees,PHASE1__Ma8_Kn0.8_FWD_hphs1.5_Tw1,R1,Cq,0.11986565183173781,8.0,0.8,FWD,1.5,1.0
extratrees,PHASE1__Ma8_Kn0.8_FWD_hphs1.5_Tw1,R1,tau_abs,0.31358320636792,8.0,0.8,FWD,1.5,1.0
extratrees,PHASE1__Ma8_Kn0.8_ISO_hphs1.5_Tw1,R1,Cp,0.3901244051488471,8.0,0.8,ISO,1.5,1.0
extratrees,PHASE1__Ma8_Kn0.8_ISO_hphs1.5_Tw1,R1,Cq,0.13282441734005446,8.0,0.8,ISO,1.5,1.0
extratrees,PHASE1__Ma8_Kn0.8_ISO_hphs1.5_Tw1,R1,tau_abs,0.22476163549419081,8.0,0.8,ISO,1.5,1.0
extratrees,PHASE1__Ma4_Kn0.1_BWD_hphs1.5_Tw1,R1p50,Cp,0.06788151626330237,4.0,0.1,BWD,1.5,1.0
extratrees,PHASE1__Ma4_Kn0.1_BWD_hphs1.5_Tw1,R1p50,Cq,0.4307361153021223,4.0,0.1,BWD,1.5,1.0
extratrees,PHASE1__Ma4_Kn0.1_BWD_hphs1.5_Tw1,R1p50,tau_abs,0.366247147920324,4.0,0.1,BWD,1.5,1.0
extratrees,PHASE1__Ma4_Kn0.1_FWD_hphs1.5_Tw1,R1p50,Cp,0.06374603553390873,4.0,0.1,FWD,1.5,1.0
extratrees,PHASE1__Ma4_Kn0.1_FWD_hphs1.5_Tw1,R1p50,Cq,0.490508585105903,4.0,0.1,FWD,1.5,1.0
extratrees,PHASE1__Ma4_Kn0.1_FWD_hphs1.5_Tw1,R1p50,tau_abs,0.6588952041214301,4.0,0.1,FWD,1.5,1.0
extratrees,PHASE1__Ma4_Kn0.1_ISO_hphs1.5_Tw1,R1p50,Cp,0.08725921863663584,4.0,0.1,ISO,1.5,1.0
extratrees,PHASE1__Ma4_Kn0.1_ISO_hphs1.5_Tw1,R1p50,Cq,0.10223920256773977,4.0,0.1,ISO,1.5,1.0
extratrees,PHASE1__Ma4_Kn0.1_ISO_hphs1.5_Tw1,R1p50,tau_abs,0.5000940470186583,4.0,0.1,ISO,1.5,1.0
extratrees,PHASE1__Ma4_Kn0.33_BWD_hphs1.5_Tw1,R1p50,Cp,0.3252411406523318,4.0,0.33,BWD,1.5,1.0
extratrees,PHASE1__Ma4_Kn0.33_BWD_hphs1.5_Tw1,R1p50,Cq,0.20824808307288975,4.0,0.33,BWD,1.5,1.0
extratrees,PHASE1__Ma4_Kn0.33_BWD_hphs1.5_Tw1,R1p50,tau_abs,0.21294549115039954,4.0,0.33,BWD,1.5,1.0
extratrees,PHASE1__Ma4_Kn0.33_FWD_hphs1.5_Tw1,R1p50,Cp,0.22058877390220788,4.0,0.33,FWD,1.5,1.0
extratrees,PHASE1__Ma4_Kn0.33_FWD_hphs1.5_Tw1,R1p50,Cq,0.3811216237136472,4.0,0.33,FWD,1.5,1.0
extratrees,PHASE1__Ma4_Kn0.33_FWD_hphs1.5_Tw1,R1p50,tau_abs,0.7778735706882917,4.0,0.33,FWD,1.5,1.0
extratrees,PHASE1__Ma4_Kn0.33_ISO_hphs1.5_Tw1,R1p50,Cp,0.04641705592990463,4.0,0.33,ISO,1.5,1.0
extratrees,PHASE1__Ma4_Kn0.33_ISO_hphs1.5_Tw1,R1p50,Cq,0.07406956654619601,4.0,0.33,ISO,1.5,1.0
extratrees,PHASE1__Ma4_Kn0.33_ISO_hphs1.5_Tw1,R1p50,tau_abs,0.3089174195724516,4.0,0.33,ISO,1.5,1.0
extratrees,PHASE1__Ma4_Kn0.8_BWD_hphs1.5_Tw1,R1p50,Cp,1.1086773470628097,4.0,0.8,BWD,1.5,1.0
extratrees,PHASE1__Ma4_Kn0.8_BWD_hphs1.5_Tw1,R1p50,Cq,0.6555624325907863,4.0,0.8,BWD,1.5,1.0
extratrees,PHASE1__Ma4_Kn0.8_BWD_hphs1.5_Tw1,R1p50,tau_abs,0.24686460161176224,4.0,0.8,BWD,1.5,1.0
extratrees,PHASE1__Ma4_Kn0.8_FWD_hphs1.5_Tw1,R1p50,Cp,0.5385909025968677,4.0,0.8,FWD,1.5,1.0
extratrees,PHASE1__Ma4_Kn0.8_FWD_hphs1.5_Tw1,R1p50,Cq,0.38209630651027804,4.0,0.8,FWD,1.5,1.0
extratrees,PHASE1__Ma4_Kn0.8_FWD_hphs1.5_Tw1,R1p50,tau_abs,0.24788312291379302,4.0,0.8,FWD,1.5,1.0
extratrees,PHASE1__Ma4_Kn0.8_ISO_hphs1.5_Tw1,R1p50,Cp,0.5308706891150616,4.0,0.8,ISO,1.5,1.0
extratrees,PHASE1__Ma4_Kn0.8_ISO_hphs1.5_Tw1,R1p50,Cq,0.21496522400042872,4.0,0.8,ISO,1.5,1.0
extratrees,PHASE1__Ma4_Kn0.8_ISO_hphs1.5_Tw1,R1p50,tau_abs,0.4077249902473046,4.0,0.8,ISO,1.5,1.0
extratrees,PHASE1__Ma6_Kn0.1_BWD_hphs1.5_Tw1,R1p50,Cp,0.13336610015741132,6.0,0.1,BWD,1.5,1.0
extratrees,PHASE1__Ma6_Kn0.1_BWD_hphs1.5_Tw1,R1p50,Cq,0.17035730297504584,6.0,0.1,BWD,1.5,1.0
extratrees,PHASE1__Ma6_Kn0.1_BWD_hphs1.5_Tw1,R1p50,tau_abs,0.32125733990046945,6.0,0.1,BWD,1.5,1.0
extratrees,PHASE1__Ma6_Kn0.1_FWD_hphs1.5_Tw1,R1p50,Cp,0.0850406837744981,6.0,0.1,FWD,1.5,1.0
extratrees,PHASE1__Ma6_Kn0.1_FWD_hphs1.5_Tw1,R1p50,Cq,0.2987558431256522,6.0,0.1,FWD,1.5,1.0
extratrees,PHASE1__Ma6_Kn0.1_FWD_hphs1.5_Tw1,R1p50,tau_abs,0.4771256668340881,6.0,0.1,FWD,1.5,1.0
extratrees,PHASE1__Ma6_Kn0.1_ISO_hphs1.5_Tw1,R1p50,Cp,0.11014520254544147,6.0,0.1,ISO,1.5,1.0
extratrees,PHASE1__Ma6_Kn0.1_ISO_hphs1.5_Tw1,R1p50,Cq,0.08320108337060836,6.0,0.1,ISO,1.5,1.0
extratrees,PHASE1__Ma6_Kn0.1_ISO_hphs1.5_Tw1,R1p50,tau_abs,0.4827415807038445,6.0,0.1,ISO,1.5,1.0
extratrees,PHASE1__Ma6_Kn0.33_BWD_hphs1.5_Tw1,R1p50,Cp,0.15591858939599718,6.0,0.33,BWD,1.5,1.0
extratrees,PHASE1__Ma6_Kn0.33_BWD_hphs1.5_Tw1,R1p50,Cq,0.0916929626424083,6.0,0.33,BWD,1.5,1.0
extratrees,PHASE1__Ma6_Kn0.33_BWD_hphs1.5_Tw1,R1p50,tau_abs,0.18973125904392443,6.0,0.33,BWD,1.5,1.0
extratrees,PHASE1__Ma6_Kn0.33_FWD_hphs1.5_Tw1,R1p50,Cp,0.09787767386425522,6.0,0.33,FWD,1.5,1.0
extratrees,PHASE1__Ma6_Kn0.33_FWD_hphs1.5_Tw1,R1p50,Cq,0.20437542949556858,6.0,0.33,FWD,1.5,1.0
extratrees,PHASE1__Ma6_Kn0.33_FWD_hphs1.5_Tw1,R1p50,tau_abs,0.4081890392244761,6.0,0.33,FWD,1.5,1.0
extratrees,PHASE1__Ma6_Kn0.33_ISO_hphs1.5_Tw1,R1p50,Cp,0.04709420394524437,6.0,0.33,ISO,1.5,1.0
extratrees,PHASE1__Ma6_Kn0.33_ISO_hphs1.5_Tw1,R1p50,Cq,0.04951014126509098,6.0,0.33,ISO,1.5,1.0
extratrees,PHASE1__Ma6_Kn0.33_ISO_hphs1.5_Tw1,R1p50,tau_abs,0.3142228529208861,6.0,0.33,ISO,1.5,1.0
extratrees,PHASE1__Ma6_Kn0.8_BWD_hphs1.5_Tw1,R1p50,Cp,0.7723585938417817,6.0,0.8,BWD,1.5,1.0
extratrees,PHASE1__Ma6_Kn0.8_BWD_hphs1.5_Tw1,R1p50,Cq,0.3765794444642903,6.0,0.8,BWD,1.5,1.0
extratrees,PHASE1__Ma6_Kn0.8_BWD_hphs1.5_Tw1,R1p50,tau_abs,0.15865846887637985,6.0,0.8,BWD,1.5,1.0
extratrees,PHASE1__Ma6_Kn0.8_FWD_hphs1.5_Tw1,R1p50,Cp,0.4552197061556558,6.0,0.8,FWD,1.5,1.0
extratrees,PHASE1__Ma6_Kn0.8_FWD_hphs1.5_Tw1,R1p50,Cq,0.24938948958639068,6.0,0.8,FWD,1.5,1.0
extratrees,PHASE1__Ma6_Kn0.8_FWD_hphs1.5_Tw1,R1p50,tau_abs,0.3108888489367568,6.0,0.8,FWD,1.5,1.0
extratrees,PHASE1__Ma6_Kn0.8_ISO_hphs1.5_Tw1,R1p50,Cp,0.4287082289243314,6.0,0.8,ISO,1.5,1.0
extratrees,PHASE1__Ma6_Kn0.8_ISO_hphs1.5_Tw1,R1p50,Cq,0.16522072748438235,6.0,0.8,ISO,1.5,1.0
extratrees,PHASE1__Ma6_Kn0.8_ISO_hphs1.5_Tw1,R1p50,tau_abs,0.2854987670484901,6.0,0.8,ISO,1.5,1.0
extratrees,PHASE1__Ma8_Kn0.1_BWD_hphs1.5_Tw1,R1p50,Cp,0.2958703706611293,8.0,0.1,BWD,1.5,1.0
extratrees,PHASE1__Ma8_Kn0.1_BWD_hphs1.5_Tw1,R1p50,Cq,0.20698757838162055,8.0,0.1,BWD,1.5,1.0
extratrees,PHASE1__Ma8_Kn0.1_BWD_hphs1.5_Tw1,R1p50,tau_abs,0.42425568608182723,8.0,0.1,BWD,1.5,1.0
extratrees,PHASE1__Ma8_Kn0.1_FWD_hphs1.5_Tw1,R1p50,Cp,0.30150124229716724,8.0,0.1,FWD,1.5,1.0
extratrees,PHASE1__Ma8_Kn0.1_FWD_hphs1.5_Tw1,R1p50,Cq,0.39389898040282034,8.0,0.1,FWD,1.5,1.0
extratrees,PHASE1__Ma8_Kn0.1_FWD_hphs1.5_Tw1,R1p50,tau_abs,0.6207101556256303,8.0,0.1,FWD,1.5,1.0
extratrees,PHASE1__Ma8_Kn0.1_ISO_hphs1.5_Tw1,R1p50,Cp,0.21701344364338557,8.0,0.1,ISO,1.5,1.0
extratrees,PHASE1__Ma8_Kn0.1_ISO_hphs1.5_Tw1,R1p50,Cq,0.242241241746744,8.0,0.1,ISO,1.5,1.0
extratrees,PHASE1__Ma8_Kn0.1_ISO_hphs1.5_Tw1,R1p50,tau_abs,0.5346561695228177,8.0,0.1,ISO,1.5,1.0
extratrees,PHASE1__Ma8_Kn0.33_BWD_hphs1.5_Tw1,R1p50,Cp,0.13134419043449008,8.0,0.33,BWD,1.5,1.0
extratrees,PHASE1__Ma8_Kn0.33_BWD_hphs1.5_Tw1,R1p50,Cq,0.17113431529789327,8.0,0.33,BWD,1.5,1.0
extratrees,PHASE1__Ma8_Kn0.33_BWD_hphs1.5_Tw1,R1p50,tau_abs,0.25064838092403713,8.0,0.33,BWD,1.5,1.0
extratrees,PHASE1__Ma8_Kn0.33_FWD_hphs1.5_Tw1,R1p50,Cp,0.11965978836873088,8.0,0.33,FWD,1.5,1.0
extratrees,PHASE1__Ma8_Kn0.33_FWD_hphs1.5_Tw1,R1p50,Cq,0.21477004813781592,8.0,0.33,FWD,1.5,1.0
extratrees,PHASE1__Ma8_Kn0.33_FWD_hphs1.5_Tw1,R1p50,tau_abs,0.5014344899899104,8.0,0.33,FWD,1.5,1.0
extratrees,PHASE1__Ma8_Kn0.33_ISO_hphs1.5_Tw1,R1p50,Cp,0.0504835570605391,8.0,0.33,ISO,1.5,1.0
extratrees,PHASE1__Ma8_Kn0.33_ISO_hphs1.5_Tw1,R1p50,Cq,0.21273979286656944,8.0,0.33,ISO,1.5,1.0
extratrees,PHASE1__Ma8_Kn0.33_ISO_hphs1.5_Tw1,R1p50,tau_abs,0.36826139442318906,8.0,0.33,ISO,1.5,1.0
extratrees,PHASE1__Ma8_Kn0.8_BWD_hphs1.5_Tw1,R1p50,Cp,0.6503886341504559,8.0,0.8,BWD,1.5,1.0
extratrees,PHASE1__Ma8_Kn0.8_BWD_hphs1.5_Tw1,R1p50,Cq,0.18622688758052905,8.0,0.8,BWD,1.5,1.0
extratrees,PHASE1__Ma8_Kn0.8_BWD_hphs1.5_Tw1,R1p50,tau_abs,0.13833924232104342,8.0,0.8,BWD,1.5,1.0
extratrees,PHASE1__Ma8_Kn0.8_FWD_hphs1.5_Tw1,R1p50,Cp,0.3862414834065636,8.0,0.8,FWD,1.5,1.0
extratrees,PHASE1__Ma8_Kn0.8_FWD_hphs1.5_Tw1,R1p50,Cq,0.09257127433800788,8.0,0.8,FWD,1.5,1.0
extratrees,PHASE1__Ma8_Kn0.8_FWD_hphs1.5_Tw1,R1p50,tau_abs,0.257482457972302,8.0,0.8,FWD,1.5,1.0
extratrees,PHASE1__Ma8_Kn0.8_ISO_hphs1.5_Tw1,R1p50,Cp,0.35546031303138104,8.0,0.8,ISO,1.5,1.0
extratrees,PHASE1__Ma8_Kn0.8_ISO_hphs1.5_Tw1,R1p50,Cq,0.09778861809282799,8.0,0.8,ISO,1.5,1.0
extratrees,PHASE1__Ma8_Kn0.8_ISO_hphs1.5_Tw1,R1p50,tau_abs,0.2564214355892367,8.0,0.8,ISO,1.5,1.0
extratrees,PHASE1__Ma4_Kn0.1_BWD_hphs1.5_Tw1,R2,Cp,0.08187847392946411,4.0,0.1,BWD,1.5,1.0
extratrees,PHASE1__Ma4_Kn0.1_BWD_hphs1.5_Tw1,R2,Cq,0.3994849236746084,4.0,0.1,BWD,1.5,1.0
extratrees,PHASE1__Ma4_Kn0.1_BWD_hphs1.5_Tw1,R2,tau_abs,0.3474822242215803,4.0,0.1,BWD,1.5,1.0
extratrees,PHASE1__Ma4_Kn0.1_FWD_hphs1.5_Tw1,R2,Cp,0.07524062561837963,4.0,0.1,FWD,1.5,1.0
extratrees,PHASE1__Ma4_Kn0.1_FWD_hphs1.5_Tw1,R2,Cq,0.5321553732625269,4.0,0.1,FWD,1.5,1.0
extratrees,PHASE1__Ma4_Kn0.1_FWD_hphs1.5_Tw1,R2,tau_abs,0.6791116205517727,4.0,0.1,FWD,1.5,1.0
extratrees,PHASE1__Ma4_Kn0.1_ISO_hphs1.5_Tw1,R2,Cp,0.05575300901809008,4.0,0.1,ISO,1.5,1.0
extratrees,PHASE1__Ma4_Kn0.1_ISO_hphs1.5_Tw1,R2,Cq,0.16185452873143885,4.0,0.1,ISO,1.5,1.0
extratrees,PHASE1__Ma4_Kn0.1_ISO_hphs1.5_Tw1,R2,tau_abs,0.50411238689834,4.0,0.1,ISO,1.5,1.0
extratrees,PHASE1__Ma4_Kn0.33_BWD_hphs1.5_Tw1,R2,Cp,0.20717628865707022,4.0,0.33,BWD,1.5,1.0
extratrees,PHASE1__Ma4_Kn0.33_BWD_hphs1.5_Tw1,R2,Cq,0.20761237172787783,4.0,0.33,BWD,1.5,1.0
extratrees,PHASE1__Ma4_Kn0.33_BWD_hphs1.5_Tw1,R2,tau_abs,0.2073221249060855,4.0,0.33,BWD,1.5,1.0
extratrees,PHASE1__Ma4_Kn0.33_FWD_hphs1.5_Tw1,R2,Cp,0.14400448820614895,4.0,0.33,FWD,1.5,1.0
extratrees,PHASE1__Ma4_Kn0.33_FWD_hphs1.5_Tw1,R2,Cq,0.36164580563707727,4.0,0.33,FWD,1.5,1.0
extratrees,PHASE1__Ma4_Kn0.33_FWD_hphs1.5_Tw1,R2,tau_abs,0.7991703952643021,4.0,0.33,FWD,1.5,1.0
extratrees,PHASE1__Ma4_Kn0.33_ISO_hphs1.5_Tw1,R2,Cp,0.03702577815652204,4.0,0.33,ISO,1.5,1.0
extratrees,PHASE1__Ma4_Kn0.33_ISO_hphs1.5_Tw1,R2,Cq,0.05991528506232098,4.0,0.33,ISO,1.5,1.0
extratrees,PHASE1__Ma4_Kn0.33_ISO_hphs1.5_Tw1,R2,tau_abs,0.32828923781554825,4.0,0.33,ISO,1.5,1.0
extratrees,PHASE1__Ma4_Kn0.8_BWD_hphs1.5_Tw1,R2,Cp,1.1400292173708404,4.0,0.8,BWD,1.5,1.0
extratrees,PHASE1__Ma4_Kn0.8_BWD_hphs1.5_Tw1,R2,Cq,0.570800857806417,4.0,0.8,BWD,1.5,1.0
extratrees,PHASE1__Ma4_Kn0.8_BWD_hphs1.5_Tw1,R2,tau_abs,0.15974618695134823,4.0,0.8,BWD,1.5,1.0
extratrees,PHASE1__Ma4_Kn0.8_FWD_hphs1.5_Tw1,R2,Cp,0.5911446608359084,4.0,0.8,FWD,1.5,1.0
extratrees,PHASE1__Ma4_Kn0.8_FWD_hphs1.5_Tw1,R2,Cq,0.35189987825335456,4.0,0.8,FWD,1.5,1.0
extratrees,PHASE1__Ma4_Kn0.8_FWD_hphs1.5_Tw1,R2,tau_abs,0.25706851074458487,4.0,0.8,FWD,1.5,1.0
extratrees,PHASE1__Ma4_Kn0.8_ISO_hphs1.5_Tw1,R2,Cp,0.46006809780806246,4.0,0.8,ISO,1.5,1.0
extratrees,PHASE1__Ma4_Kn0.8_ISO_hphs1.5_Tw1,R2,Cq,0.11639788559047516,4.0,0.8,ISO,1.5,1.0
extratrees,PHASE1__Ma4_Kn0.8_ISO_hphs1.5_Tw1,R2,tau_abs,0.4134471647357449,4.0,0.8,ISO,1.5,1.0
extratrees,PHASE1__Ma6_Kn0.1_BWD_hphs1.5_Tw1,R2,Cp,0.11707925303353461,6.0,0.1,BWD,1.5,1.0
extratrees,PHASE1__Ma6_Kn0.1_BWD_hphs1.5_Tw1,R2,Cq,0.2590399595154042,6.0,0.1,BWD,1.5,1.0
extratrees,PHASE1__Ma6_Kn0.1_BWD_hphs1.5_Tw1,R2,tau_abs,0.31692421705475,6.0,0.1,BWD,1.5,1.0
extratrees,PHASE1__Ma6_Kn0.1_FWD_hphs1.5_Tw1,R2,Cp,0.10965419567976817,6.0,0.1,FWD,1.5,1.0
extratrees,PHASE1__Ma6_Kn0.1_FWD_hphs1.5_Tw1,R2,Cq,0.35784931092304373,6.0,0.1,FWD,1.5,1.0
extratrees,PHASE1__Ma6_Kn0.1_FWD_hphs1.5_Tw1,R2,tau_abs,0.45438390753940106,6.0,0.1,FWD,1.5,1.0
extratrees,PHASE1__Ma6_Kn0.1_ISO_hphs1.5_Tw1,R2,Cp,0.11729337319500442,6.0,0.1,ISO,1.5,1.0
extratrees,PHASE1__Ma6_Kn0.1_ISO_hphs1.5_Tw1,R2,Cq,0.1460138562889842,6.0,0.1,ISO,1.5,1.0
extratrees,PHASE1__Ma6_Kn0.1_ISO_hphs1.5_Tw1,R2,tau_abs,0.4809533646730143,6.0,0.1,ISO,1.5,1.0
extratrees,PHASE1__Ma6_Kn0.33_BWD_hphs1.5_Tw1,R2,Cp,0.09104676184494204,6.0,0.33,BWD,1.5,1.0
extratrees,PHASE1__Ma6_Kn0.33_BWD_hphs1.5_Tw1,R2,Cq,0.07247796854717986,6.0,0.33,BWD,1.5,1.0
extratrees,PHASE1__Ma6_Kn0.33_BWD_hphs1.5_Tw1,R2,tau_abs,0.19369300457580588,6.0,0.33,BWD,1.5,1.0
extratrees,PHASE1__Ma6_Kn0.33_FWD_hphs1.5_Tw1,R2,Cp,0.06812114730663388,6.0,0.33,FWD,1.5,1.0
extratrees,PHASE1__Ma6_Kn0.33_FWD_hphs1.5_Tw1,R2,Cq,0.2615780125708697,6.0,0.33,FWD,1.5,1.0
extratrees,PHASE1__Ma6_Kn0.33_FWD_hphs1.5_Tw1,R2,tau_abs,0.4266192640820278,6.0,0.33,FWD,1.5,1.0
extratrees,PHASE1__Ma6_Kn0.33_ISO_hphs1.5_Tw1,R2,Cp,0.046428340779666726,6.0,0.33,ISO,1.5,1.0
extratrees,PHASE1__Ma6_Kn0.33_ISO_hphs1.5_Tw1,R2,Cq,0.06747510580348563,6.0,0.33,ISO,1.5,1.0
extratrees,PHASE1__Ma6_Kn0.33_ISO_hphs1.5_Tw1,R2,tau_abs,0.37038659731090257,6.0,0.33,ISO,1.5,1.0
extratrees,PHASE1__Ma6_Kn0.8_BWD_hphs1.5_Tw1,R2,Cp,0.7049111241536276,6.0,0.8,BWD,1.5,1.0
extratrees,PHASE1__Ma6_Kn0.8_BWD_hphs1.5_Tw1,R2,Cq,0.33547005796443635,6.0,0.8,BWD,1.5,1.0
extratrees,PHASE1__Ma6_Kn0.8_BWD_hphs1.5_Tw1,R2,tau_abs,0.09718426058612295,6.0,0.8,BWD,1.5,1.0
extratrees,PHASE1__Ma6_Kn0.8_FWD_hphs1.5_Tw1,R2,Cp,0.38088416312250134,6.0,0.8,FWD,1.5,1.0
extratrees,PHASE1__Ma6_Kn0.8_FWD_hphs1.5_Tw1,R2,Cq,0.20412066363635514,6.0,0.8,FWD,1.5,1.0
extratrees,PHASE1__Ma6_Kn0.8_FWD_hphs1.5_Tw1,R2,tau_abs,0.30001910868420256,6.0,0.8,FWD,1.5,1.0
extratrees,PHASE1__Ma6_Kn0.8_ISO_hphs1.5_Tw1,R2,Cp,0.35514963416039724,6.0,0.8,ISO,1.5,1.0
extratrees,PHASE1__Ma6_Kn0.8_ISO_hphs1.5_Tw1,R2,Cq,0.09692516704149387,6.0,0.8,ISO,1.5,1.0
extratrees,PHASE1__Ma6_Kn0.8_ISO_hphs1.5_Tw1,R2,tau_abs,0.30118998581937617,6.0,0.8,ISO,1.5,1.0
extratrees,PHASE1__Ma8_Kn0.1_BWD_hphs1.5_Tw1,R2,Cp,0.28174741113235063,8.0,0.1,BWD,1.5,1.0
extratrees,PHASE1__Ma8_Kn0.1_BWD_hphs1.5_Tw1,R2,Cq,0.2020702032012444,8.0,0.1,BWD,1.5,1.0
extratrees,PHASE1__Ma8_Kn0.1_BWD_hphs1.5_Tw1,R2,tau_abs,0.45961958213101595,8.0,0.1,BWD,1.5,1.0
extratrees,PHASE1__Ma8_Kn0.1_FWD_hphs1.5_Tw1,R2,Cp,0.2889813864876004,8.0,0.1,FWD,1.5,1.0
extratrees,PHASE1__Ma8_Kn0.1_FWD_hphs1.5_Tw1,R2,Cq,0.3902261429529197,8.0,0.1,FWD,1.5,1.0
extratrees,PHASE1__Ma8_Kn0.1_FWD_hphs1.5_Tw1,R2,tau_abs,0.5806304074118225,8.0,0.1,FWD,1.5,1.0
extratrees,PHASE1__Ma8_Kn0.1_ISO_hphs1.5_Tw1,R2,Cp,0.18419686605915817,8.0,0.1,ISO,1.5,1.0
extratrees,PHASE1__Ma8_Kn0.1_ISO_hphs1.5_Tw1,R2,Cq,0.22345100673183407,8.0,0.1,ISO,1.5,1.0
extratrees,PHASE1__Ma8_Kn0.1_ISO_hphs1.5_Tw1,R2,tau_abs,0.5293969633637056,8.0,0.1,ISO,1.5,1.0
extratrees,PHASE1__Ma8_Kn0.33_BWD_hphs1.5_Tw1,R2,Cp,0.20060810509181545,8.0,0.33,BWD,1.5,1.0
extratrees,PHASE1__Ma8_Kn0.33_BWD_hphs1.5_Tw1,R2,Cq,0.12288167005884428,8.0,0.33,BWD,1.5,1.0
extratrees,PHASE1__Ma8_Kn0.33_BWD_hphs1.5_Tw1,R2,tau_abs,0.2695909143419063,8.0,0.33,BWD,1.5,1.0
extratrees,PHASE1__Ma8_Kn0.33_FWD_hphs1.5_Tw1,R2,Cp,0.10580501723372056,8.0,0.33,FWD,1.5,1.0
extratrees,PHASE1__Ma8_Kn0.33_FWD_hphs1.5_Tw1,R2,Cq,0.2588154738116119,8.0,0.33,FWD,1.5,1.0
extratrees,PHASE1__Ma8_Kn0.33_FWD_hphs1.5_Tw1,R2,tau_abs,0.5297085313444474,8.0,0.33,FWD,1.5,1.0
extratrees,PHASE1__Ma8_Kn0.33_ISO_hphs1.5_Tw1,R2,Cp,0.037072343196466365,8.0,0.33,ISO,1.5,1.0
extratrees,PHASE1__Ma8_Kn0.33_ISO_hphs1.5_Tw1,R2,Cq,0.24356972901582852,8.0,0.33,ISO,1.5,1.0
extratrees,PHASE1__Ma8_Kn0.33_ISO_hphs1.5_Tw1,R2,tau_abs,0.3804922772979072,8.0,0.33,ISO,1.5,1.0
extratrees,PHASE1__Ma8_Kn0.8_BWD_hphs1.5_Tw1,R2,Cp,0.6519558184576782,8.0,0.8,BWD,1.5,1.0
extratrees,PHASE1__Ma8_Kn0.8_BWD_hphs1.5_Tw1,R2,Cq,0.11762765819625047,8.0,0.8,BWD,1.5,1.0
extratrees,PHASE1__Ma8_Kn0.8_BWD_hphs1.5_Tw1,R2,tau_abs,0.15940617786198624,8.0,0.8,BWD,1.5,1.0
extratrees,PHASE1__Ma8_Kn0.8_FWD_hphs1.5_Tw1,R2,Cp,0.36466643033243346,8.0,0.8,FWD,1.5,1.0
extratrees,PHASE1__Ma8_Kn0.8_FWD_hphs1.5_Tw1,R2,Cq,0.15301470331850037,8.0,0.8,FWD,1.5,1.0
extratrees,PHASE1__Ma8_Kn0.8_FWD_hphs1.5_Tw1,R2,tau_abs,0.2775084778736339,8.0,0.8,FWD,1.5,1.0
extratrees,PHASE1__Ma8_Kn0.8_ISO_hphs1.5_Tw1,R2,Cp,0.2700641656160766,8.0,0.8,ISO,1.5,1.0
extratrees,PHASE1__Ma8_Kn0.8_ISO_hphs1.5_Tw1,R2,Cq,0.13211055869547225,8.0,0.8,ISO,1.5,1.0
extratrees,PHASE1__Ma8_Kn0.8_ISO_hphs1.5_Tw1,R2,tau_abs,0.2825442204356179,8.0,0.8,ISO,1.5,1.0
extratrees,PHASE1__Ma4_Kn0.1_BWD_hphs1.5_Tw1,R3,Cp,0.14061694933498384,4.0,0.1,BWD,1.5,1.0
extratrees,PHASE1__Ma4_Kn0.1_BWD_hphs1.5_Tw1,R3,Cq,0.40168005798278844,4.0,0.1,BWD,1.5,1.0
extratrees,PHASE1__Ma4_Kn0.1_BWD_hphs1.5_Tw1,R3,tau_abs,0.32870625949788507,4.0,0.1,BWD,1.5,1.0
extratrees,PHASE1__Ma4_Kn0.1_FWD_hphs1.5_Tw1,R3,Cp,0.09982482808539433,4.0,0.1,FWD,1.5,1.0
extratrees,PHASE1__Ma4_Kn0.1_FWD_hphs1.5_Tw1,R3,Cq,0.6804053577864748,4.0,0.1,FWD,1.5,1.0
extratrees,PHASE1__Ma4_Kn0.1_FWD_hphs1.5_Tw1,R3,tau_abs,0.7033360750318841,4.0,0.1,FWD,1.5,1.0
extratrees,PHASE1__Ma4_Kn0.1_ISO_hphs1.5_Tw1,R3,Cp,0.08108674862616828,4.0,0.1,ISO,1.5,1.0
extratrees,PHASE1__Ma4_Kn0.1_ISO_hphs1.5_Tw1,R3,Cq,0.1526451973046928,4.0,0.1,ISO,1.5,1.0
extratrees,PHASE1__Ma4_Kn0.1_ISO_hphs1.5_Tw1,R3,tau_abs,0.47685628078803594,4.0,0.1,ISO,1.5,1.0
extratrees,PHASE1__Ma4_Kn0.33_BWD_hphs1.5_Tw1,R3,Cp,0.23215633811649494,4.0,0.33,BWD,1.5,1.0
extratrees,PHASE1__Ma4_Kn0.33_BWD_hphs1.5_Tw1,R3,Cq,0.22062165839236492,4.0,0.33,BWD,1.5,1.0
extratrees,PHASE1__Ma4_Kn0.33_BWD_hphs1.5_Tw1,R3,tau_abs,0.1912427040642946,4.0,0.33,BWD,1.5,1.0
extratrees,PHASE1__Ma4_Kn0.33_FWD_hphs1.5_Tw1,R3,Cp,0.15059696557345836,4.0,0.33,FWD,1.5,1.0
extratrees,PHASE1__Ma4_Kn0.33_FWD_hphs1.5_Tw1,R3,Cq,0.4628507403047329,4.0,0.33,FWD,1.5,1.0
extratrees,PHASE1__Ma4_Kn0.33_FWD_hphs1.5_Tw1,R3,tau_abs,0.7099401348094744,4.0,0.33,FWD,1.5,1.0
extratrees,PHASE1__Ma4_Kn0.33_ISO_hphs1.5_Tw1,R3,Cp,0.030307207397383986,4.0,0.33,ISO,1.5,1.0
extratrees,PHASE1__Ma4_Kn0.33_ISO_hphs1.5_Tw1,R3,Cq,0.06316940738559026,4.0,0.33,ISO,1.5,1.0
extratrees,PHASE1__Ma4_Kn0.33_ISO_hphs1.5_Tw1,R3,tau_abs,0.3695946937296567,4.0,0.33,ISO,1.5,1.0
extratrees,PHASE1__Ma4_Kn0.8_BWD_hphs1.5_Tw1,R3,Cp,1.0090157922710137,4.0,0.8,BWD,1.5,1.0
extratrees,PHASE1__Ma4_Kn0.8_BWD_hphs1.5_Tw1,R3,Cq,0.49276042753757515,4.0,0.8,BWD,1.5,1.0
extratrees,PHASE1__Ma4_Kn0.8_BWD_hphs1.5_Tw1,R3,tau_abs,0.10729585006611522,4.0,0.8,BWD,1.5,1.0
extratrees,PHASE1__Ma4_Kn0.8_FWD_hphs1.5_Tw1,R3,Cp,0.4636695584721862,4.0,0.8,FWD,1.5,1.0
extratrees,PHASE1__Ma4_Kn0.8_FWD_hphs1.5_Tw1,R3,Cq,0.32779662247300745,4.0,0.8,FWD,1.5,1.0
extratrees,PHASE1__Ma4_Kn0.8_FWD_hphs1.5_Tw1,R3,tau_abs,0.28305871273564037,4.0,0.8,FWD,1.5,1.0
extratrees,PHASE1__Ma4_Kn0.8_ISO_hphs1.5_Tw1,R3,Cp,0.319248969092494,4.0,0.8,ISO,1.5,1.0
extratrees,PHASE1__Ma4_Kn0.8_ISO_hphs1.5_Tw1,R3,Cq,0.11503185578304706,4.0,0.8,ISO,1.5,1.0
extratrees,PHASE1__Ma4_Kn0.8_ISO_hphs1.5_Tw1,R3,tau_abs,0.4125434059832574,4.0,0.8,ISO,1.5,1.0
extratrees,PHASE1__Ma6_Kn0.1_BWD_hphs1.5_Tw1,R3,Cp,0.15614842242553223,6.0,0.1,BWD,1.5,1.0
extratrees,PHASE1__Ma6_Kn0.1_BWD_hphs1.5_Tw1,R3,Cq,0.2647158867198375,6.0,0.1,BWD,1.5,1.0
extratrees,PHASE1__Ma6_Kn0.1_BWD_hphs1.5_Tw1,R3,tau_abs,0.3647363855866546,6.0,0.1,BWD,1.5,1.0
extratrees,PHASE1__Ma6_Kn0.1_FWD_hphs1.5_Tw1,R3,Cp,0.09784014888553783,6.0,0.1,FWD,1.5,1.0
extratrees,PHASE1__Ma6_Kn0.1_FWD_hphs1.5_Tw1,R3,Cq,0.4902696077209185,6.0,0.1,FWD,1.5,1.0
extratrees,PHASE1__Ma6_Kn0.1_FWD_hphs1.5_Tw1,R3,tau_abs,0.4921952778424256,6.0,0.1,FWD,1.5,1.0
extratrees,PHASE1__Ma6_Kn0.1_ISO_hphs1.5_Tw1,R3,Cp,0.09355971339041101,6.0,0.1,ISO,1.5,1.0
extratrees,PHASE1__Ma6_Kn0.1_ISO_hphs1.5_Tw1,R3,Cq,0.15812410210881253,6.0,0.1,ISO,1.5,1.0
extratrees,PHASE1__Ma6_Kn0.1_ISO_hphs1.5_Tw1,R3,tau_abs,0.4657466950282296,6.0,0.1,ISO,1.5,1.0
extratrees,PHASE1__Ma6_Kn0.33_BWD_hphs1.5_Tw1,R3,Cp,0.2077738597628498,6.0,0.33,BWD,1.5,1.0
extratrees,PHASE1__Ma6_Kn0.33_BWD_hphs1.5_Tw1,R3,Cq,0.13122122590310184,6.0,0.33,BWD,1.5,1.0
extratrees,PHASE1__Ma6_Kn0.33_BWD_hphs1.5_Tw1,R3,tau_abs,0.16550747002377636,6.0,0.33,BWD,1.5,1.0
extratrees,PHASE1__Ma6_Kn0.33_FWD_hphs1.5_Tw1,R3,Cp,0.0580639174713265,6.0,0.33,FWD,1.5,1.0
extratrees,PHASE1__Ma6_Kn0.33_FWD_hphs1.5_Tw1,R3,Cq,0.2851510149994095,6.0,0.33,FWD,1.5,1.0
extratrees,PHASE1__Ma6_Kn0.33_FWD_hphs1.5_Tw1,R3,tau_abs,0.48806840543280366,6.0,0.33,FWD,1.5,1.0
extratrees,PHASE1__Ma6_Kn0.33_ISO_hphs1.5_Tw1,R3,Cp,0.03192084937263017,6.0,0.33,ISO,1.5,1.0
extratrees,PHASE1__Ma6_Kn0.33_ISO_hphs1.5_Tw1,R3,Cq,0.04608503698429007,6.0,0.33,ISO,1.5,1.0
extratrees,PHASE1__Ma6_Kn0.33_ISO_hphs1.5_Tw1,R3,tau_abs,0.37959777932078653,6.0,0.33,ISO,1.5,1.0
extratrees,PHASE1__Ma6_Kn0.8_BWD_hphs1.5_Tw1,R3,Cp,0.6904800197802071,6.0,0.8,BWD,1.5,1.0
extratrees,PHASE1__Ma6_Kn0.8_BWD_hphs1.5_Tw1,R3,Cq,0.2453549693842314,6.0,0.8,BWD,1.5,1.0
extratrees,PHASE1__Ma6_Kn0.8_BWD_hphs1.5_Tw1,R3,tau_abs,0.10828003246544157,6.0,0.8,BWD,1.5,1.0
extratrees,PHASE1__Ma6_Kn0.8_FWD_hphs1.5_Tw1,R3,Cp,0.4289793717462591,6.0,0.8,FWD,1.5,1.0
extratrees,PHASE1__Ma6_Kn0.8_FWD_hphs1.5_Tw1,R3,Cq,0.2515284701791535,6.0,0.8,FWD,1.5,1.0
extratrees,PHASE1__Ma6_Kn0.8_FWD_hphs1.5_Tw1,R3,tau_abs,0.29061724728654287,6.0,0.8,FWD,1.5,1.0
extratrees,PHASE1__Ma6_Kn0.8_ISO_hphs1.5_Tw1,R3,Cp,0.2997503977030791,6.0,0.8,ISO,1.5,1.0
extratrees,PHASE1__Ma6_Kn0.8_ISO_hphs1.5_Tw1,R3,Cq,0.06638837465426577,6.0,0.8,ISO,1.5,1.0
extratrees,PHASE1__Ma6_Kn0.8_ISO_hphs1.5_Tw1,R3,tau_abs,0.32329914711631064,6.0,0.8,ISO,1.5,1.0
extratrees,PHASE1__Ma8_Kn0.1_BWD_hphs1.5_Tw1,R3,Cp,0.1701403430101045,8.0,0.1,BWD,1.5,1.0
extratrees,PHASE1__Ma8_Kn0.1_BWD_hphs1.5_Tw1,R3,Cq,0.14189176474561688,8.0,0.1,BWD,1.5,1.0
extratrees,PHASE1__Ma8_Kn0.1_BWD_hphs1.5_Tw1,R3,tau_abs,0.44261372365457974,8.0,0.1,BWD,1.5,1.0
extratrees,PHASE1__Ma8_Kn0.1_FWD_hphs1.5_Tw1,R3,Cp,0.256902951011261,8.0,0.1,FWD,1.5,1.0
extratrees,PHASE1__Ma8_Kn0.1_FWD_hphs1.5_Tw1,R3,Cq,0.42209595840925623,8.0,0.1,FWD,1.5,1.0
extratrees,PHASE1__Ma8_Kn0.1_FWD_hphs1.5_Tw1,R3,tau_abs,0.6339367242024108,8.0,0.1,FWD,1.5,1.0
extratrees,PHASE1__Ma8_Kn0.1_ISO_hphs1.5_Tw1,R3,Cp,0.13721034177924565,8.0,0.1,ISO,1.5,1.0
extratrees,PHASE1__Ma8_Kn0.1_ISO_hphs1.5_Tw1,R3,Cq,0.19160418421990139,8.0,0.1,ISO,1.5,1.0
extratrees,PHASE1__Ma8_Kn0.1_ISO_hphs1.5_Tw1,R3,tau_abs,0.5900560468081718,8.0,0.1,ISO,1.5,1.0
extratrees,PHASE1__Ma8_Kn0.33_BWD_hphs1.5_Tw1,R3,Cp,0.23768924341649703,8.0,0.33,BWD,1.5,1.0
extratrees,PHASE1__Ma8_Kn0.33_BWD_hphs1.5_Tw1,R3,Cq,0.09975412420841323,8.0,0.33,BWD,1.5,1.0
extratrees,PHASE1__Ma8_Kn0.33_BWD_hphs1.5_Tw1,R3,tau_abs,0.29529012001319377,8.0,0.33,BWD,1.5,1.0
extratrees,PHASE1__Ma8_Kn0.33_FWD_hphs1.5_Tw1,R3,Cp,0.0944656558045009,8.0,0.33,FWD,1.5,1.0
extratrees,PHASE1__Ma8_Kn0.33_FWD_hphs1.5_Tw1,R3,Cq,0.2797119500469472,8.0,0.33,FWD,1.5,1.0
extratrees,PHASE1__Ma8_Kn0.33_FWD_hphs1.5_Tw1,R3,tau_abs,0.5532553932271578,8.0,0.33,FWD,1.5,1.0
extratrees,PHASE1__Ma8_Kn0.33_ISO_hphs1.5_Tw1,R3,Cp,0.055355620921544925,8.0,0.33,ISO,1.5,1.0
extratrees,PHASE1__Ma8_Kn0.33_ISO_hphs1.5_Tw1,R3,Cq,0.2199233295356461,8.0,0.33,ISO,1.5,1.0
extratrees,PHASE1__Ma8_Kn0.33_ISO_hphs1.5_Tw1,R3,tau_abs,0.41997213954243295,8.0,0.33,ISO,1.5,1.0
extratrees,PHASE1__Ma8_Kn0.8_BWD_hphs1.5_Tw1,R3,Cp,0.615996317423903,8.0,0.8,BWD,1.5,1.0
extratrees,PHASE1__Ma8_Kn0.8_BWD_hphs1.5_Tw1,R3,Cq,0.1041777335019244,8.0,0.8,BWD,1.5,1.0
extratrees,PHASE1__Ma8_Kn0.8_BWD_hphs1.5_Tw1,R3,tau_abs,0.17483250294661312,8.0,0.8,BWD,1.5,1.0
extratrees,PHASE1__Ma8_Kn0.8_FWD_hphs1.5_Tw1,R3,Cp,0.35579439863014795,8.0,0.8,FWD,1.5,1.0
extratrees,PHASE1__Ma8_Kn0.8_FWD_hphs1.5_Tw1,R3,Cq,0.1864422258412183,8.0,0.8,FWD,1.5,1.0
extratrees,PHASE1__Ma8_Kn0.8_FWD_hphs1.5_Tw1,R3,tau_abs,0.2806906232187428,8.0,0.8,FWD,1.5,1.0
extratrees,PHASE1__Ma8_Kn0.8_ISO_hphs1.5_Tw1,R3,Cp,0.24869700944740383,8.0,0.8,ISO,1.5,1.0
extratrees,PHASE1__Ma8_Kn0.8_ISO_hphs1.5_Tw1,R3,Cq,0.1306079104340594,8.0,0.8,ISO,1.5,1.0
extratrees,PHASE1__Ma8_Kn0.8_ISO_hphs1.5_Tw1,R3,tau_abs,0.3161155284452967,8.0,0.8,ISO,1.5,1.0
extratrees,PHASE1__Ma4_Kn0.1_BWD_hphs1.5_Tw1,full,Cp,0.059650737992872814,4.0,0.1,BWD,1.5,1.0
extratrees,PHASE1__Ma4_Kn0.1_BWD_hphs1.5_Tw1,full,Cq,0.28173348459136693,4.0,0.1,BWD,1.5,1.0
extratrees,PHASE1__Ma4_Kn0.1_BWD_hphs1.5_Tw1,full,tau_abs,0.42135334827440585,4.0,0.1,BWD,1.5,1.0
extratrees,PHASE1__Ma4_Kn0.1_FWD_hphs1.5_Tw1,full,Cp,0.11228732620666107,4.0,0.1,FWD,1.5,1.0
extratrees,PHASE1__Ma4_Kn0.1_FWD_hphs1.5_Tw1,full,Cq,0.5118919105929719,4.0,0.1,FWD,1.5,1.0
extratrees,PHASE1__Ma4_Kn0.1_FWD_hphs1.5_Tw1,full,tau_abs,0.773492450225574,4.0,0.1,FWD,1.5,1.0
extratrees,PHASE1__Ma4_Kn0.1_ISO_hphs1.5_Tw1,full,Cp,0.064980331793515,4.0,0.1,ISO,1.5,1.0
extratrees,PHASE1__Ma4_Kn0.1_ISO_hphs1.5_Tw1,full,Cq,0.1390512032061394,4.0,0.1,ISO,1.5,1.0
extratrees,PHASE1__Ma4_Kn0.1_ISO_hphs1.5_Tw1,full,tau_abs,0.4739579121619243,4.0,0.1,ISO,1.5,1.0
extratrees,PHASE1__Ma4_Kn0.33_BWD_hphs1.5_Tw1,full,Cp,0.13326881444205846,4.0,0.33,BWD,1.5,1.0
extratrees,PHASE1__Ma4_Kn0.33_BWD_hphs1.5_Tw1,full,Cq,0.22491753122448452,4.0,0.33,BWD,1.5,1.0
extratrees,PHASE1__Ma4_Kn0.33_BWD_hphs1.5_Tw1,full,tau_abs,0.14834080096077248,4.0,0.33,BWD,1.5,1.0
extratrees,PHASE1__Ma4_Kn0.33_FWD_hphs1.5_Tw1,full,Cp,0.07526967694326726,4.0,0.33,FWD,1.5,1.0
extratrees,PHASE1__Ma4_Kn0.33_FWD_hphs1.5_Tw1,full,Cq,0.46343660427914657,4.0,0.33,FWD,1.5,1.0
extratrees,PHASE1__Ma4_Kn0.33_FWD_hphs1.5_Tw1,full,tau_abs,0.7292790400732553,4.0,0.33,FWD,1.5,1.0
extratrees,PHASE1__Ma4_Kn0.33_ISO_hphs1.5_Tw1,full,Cp,0.030496907608989557,4.0,0.33,ISO,1.5,1.0
extratrees,PHASE1__Ma4_Kn0.33_ISO_hphs1.5_Tw1,full,Cq,0.08992023215070083,4.0,0.33,ISO,1.5,1.0
extratrees,PHASE1__Ma4_Kn0.33_ISO_hphs1.5_Tw1,full,tau_abs,0.31735049955424244,4.0,0.33,ISO,1.5,1.0
extratrees,PHASE1__Ma4_Kn0.8_BWD_hphs1.5_Tw1,full,Cp,0.9933323571355733,4.0,0.8,BWD,1.5,1.0
extratrees,PHASE1__Ma4_Kn0.8_BWD_hphs1.5_Tw1,full,Cq,0.5337722743695529,4.0,0.8,BWD,1.5,1.0
extratrees,PHASE1__Ma4_Kn0.8_BWD_hphs1.5_Tw1,full,tau_abs,0.212068943692579,4.0,0.8,BWD,1.5,1.0
extratrees,PHASE1__Ma4_Kn0.8_FWD_hphs1.5_Tw1,full,Cp,0.4560002829411827,4.0,0.8,FWD,1.5,1.0
extratrees,PHASE1__Ma4_Kn0.8_FWD_hphs1.5_Tw1,full,Cq,0.3958886710900808,4.0,0.8,FWD,1.5,1.0
extratrees,PHASE1__Ma4_Kn0.8_FWD_hphs1.5_Tw1,full,tau_abs,0.41485814778300145,4.0,0.8,FWD,1.5,1.0
extratrees,PHASE1__Ma4_Kn0.8_ISO_hphs1.5_Tw1,full,Cp,0.35641821715223565,4.0,0.8,ISO,1.5,1.0
extratrees,PHASE1__Ma4_Kn0.8_ISO_hphs1.5_Tw1,full,Cq,0.15791397257559206,4.0,0.8,ISO,1.5,1.0
extratrees,PHASE1__Ma4_Kn0.8_ISO_hphs1.5_Tw1,full,tau_abs,0.5155186099709422,4.0,0.8,ISO,1.5,1.0
extratrees,PHASE1__Ma6_Kn0.1_BWD_hphs1.5_Tw1,full,Cp,0.07280620599783595,6.0,0.1,BWD,1.5,1.0
extratrees,PHASE1__Ma6_Kn0.1_BWD_hphs1.5_Tw1,full,Cq,0.22192648174077578,6.0,0.1,BWD,1.5,1.0
extratrees,PHASE1__Ma6_Kn0.1_BWD_hphs1.5_Tw1,full,tau_abs,0.3187194146380181,6.0,0.1,BWD,1.5,1.0
extratrees,PHASE1__Ma6_Kn0.1_FWD_hphs1.5_Tw1,full,Cp,0.10191664119765151,6.0,0.1,FWD,1.5,1.0
extratrees,PHASE1__Ma6_Kn0.1_FWD_hphs1.5_Tw1,full,Cq,0.3463791124646714,6.0,0.1,FWD,1.5,1.0
extratrees,PHASE1__Ma6_Kn0.1_FWD_hphs1.5_Tw1,full,tau_abs,0.47877354094987157,6.0,0.1,FWD,1.5,1.0
extratrees,PHASE1__Ma6_Kn0.1_ISO_hphs1.5_Tw1,full,Cp,0.12116929236588257,6.0,0.1,ISO,1.5,1.0
extratrees,PHASE1__Ma6_Kn0.1_ISO_hphs1.5_Tw1,full,Cq,0.07670288923815154,6.0,0.1,ISO,1.5,1.0
extratrees,PHASE1__Ma6_Kn0.1_ISO_hphs1.5_Tw1,full,tau_abs,0.4556890641375258,6.0,0.1,ISO,1.5,1.0
extratrees,PHASE1__Ma6_Kn0.33_BWD_hphs1.5_Tw1,full,Cp,0.13172607333294556,6.0,0.33,BWD,1.5,1.0
extratrees,PHASE1__Ma6_Kn0.33_BWD_hphs1.5_Tw1,full,Cq,0.11782080529425529,6.0,0.33,BWD,1.5,1.0
extratrees,PHASE1__Ma6_Kn0.33_BWD_hphs1.5_Tw1,full,tau_abs,0.16349619998892412,6.0,0.33,BWD,1.5,1.0
extratrees,PHASE1__Ma6_Kn0.33_FWD_hphs1.5_Tw1,full,Cp,0.03664067341877427,6.0,0.33,FWD,1.5,1.0
extratrees,PHASE1__Ma6_Kn0.33_FWD_hphs1.5_Tw1,full,Cq,0.20583848353363923,6.0,0.33,FWD,1.5,1.0
extratrees,PHASE1__Ma6_Kn0.33_FWD_hphs1.5_Tw1,full,tau_abs,0.4784346822184447,6.0,0.33,FWD,1.5,1.0
extratrees,PHASE1__Ma6_Kn0.33_ISO_hphs1.5_Tw1,full,Cp,0.05572876250868039,6.0,0.33,ISO,1.5,1.0
extratrees,PHASE1__Ma6_Kn0.33_ISO_hphs1.5_Tw1,full,Cq,0.04551576648518327,6.0,0.33,ISO,1.5,1.0
extratrees,PHASE1__Ma6_Kn0.33_ISO_hphs1.5_Tw1,full,tau_abs,0.2860790799911816,6.0,0.33,ISO,1.5,1.0
extratrees,PHASE1__Ma6_Kn0.8_BWD_hphs1.5_Tw1,full,Cp,0.7086260792267803,6.0,0.8,BWD,1.5,1.0
extratrees,PHASE1__Ma6_Kn0.8_BWD_hphs1.5_Tw1,full,Cq,0.29606304738633793,6.0,0.8,BWD,1.5,1.0
extratrees,PHASE1__Ma6_Kn0.8_BWD_hphs1.5_Tw1,full,tau_abs,0.1631333545328284,6.0,0.8,BWD,1.5,1.0
extratrees,PHASE1__Ma6_Kn0.8_FWD_hphs1.5_Tw1,full,Cp,0.3907495375516222,6.0,0.8,FWD,1.5,1.0
extratrees,PHASE1__Ma6_Kn0.8_FWD_hphs1.5_Tw1,full,Cq,0.2593817483302691,6.0,0.8,FWD,1.5,1.0
extratrees,PHASE1__Ma6_Kn0.8_FWD_hphs1.5_Tw1,full,tau_abs,0.32264632941213667,6.0,0.8,FWD,1.5,1.0
extratrees,PHASE1__Ma6_Kn0.8_ISO_hphs1.5_Tw1,full,Cp,0.2815251215564057,6.0,0.8,ISO,1.5,1.0
extratrees,PHASE1__Ma6_Kn0.8_ISO_hphs1.5_Tw1,full,Cq,0.12510279419790798,6.0,0.8,ISO,1.5,1.0
extratrees,PHASE1__Ma6_Kn0.8_ISO_hphs1.5_Tw1,full,tau_abs,0.37278911955581134,6.0,0.8,ISO,1.5,1.0
extratrees,PHASE1__Ma8_Kn0.1_BWD_hphs1.5_Tw1,full,Cp,0.2144520367985457,8.0,0.1,BWD,1.5,1.0
extratrees,PHASE1__Ma8_Kn0.1_BWD_hphs1.5_Tw1,full,Cq,0.17262480719591677,8.0,0.1,BWD,1.5,1.0
extratrees,PHASE1__Ma8_Kn0.1_BWD_hphs1.5_Tw1,full,tau_abs,0.41315147569865907,8.0,0.1,BWD,1.5,1.0
extratrees,PHASE1__Ma8_Kn0.1_FWD_hphs1.5_Tw1,full,Cp,0.29167605773059113,8.0,0.1,FWD,1.5,1.0
extratrees,PHASE1__Ma8_Kn0.1_FWD_hphs1.5_Tw1,full,Cq,0.40135320637227456,8.0,0.1,FWD,1.5,1.0
extratrees,PHASE1__Ma8_Kn0.1_FWD_hphs1.5_Tw1,full,tau_abs,0.573955975848993,8.0,0.1,FWD,1.5,1.0
extratrees,PHASE1__Ma8_Kn0.1_ISO_hphs1.5_Tw1,full,Cp,0.18218109633697563,8.0,0.1,ISO,1.5,1.0
extratrees,PHASE1__Ma8_Kn0.1_ISO_hphs1.5_Tw1,full,Cq,0.2319215424122685,8.0,0.1,ISO,1.5,1.0
extratrees,PHASE1__Ma8_Kn0.1_ISO_hphs1.5_Tw1,full,tau_abs,0.5372747803522179,8.0,0.1,ISO,1.5,1.0
extratrees,PHASE1__Ma8_Kn0.33_BWD_hphs1.5_Tw1,full,Cp,0.23133093511622466,8.0,0.33,BWD,1.5,1.0
extratrees,PHASE1__Ma8_Kn0.33_BWD_hphs1.5_Tw1,full,Cq,0.07623782757162403,8.0,0.33,BWD,1.5,1.0
extratrees,PHASE1__Ma8_Kn0.33_BWD_hphs1.5_Tw1,full,tau_abs,0.22634846697707753,8.0,0.33,BWD,1.5,1.0
extratrees,PHASE1__Ma8_Kn0.33_FWD_hphs1.5_Tw1,full,Cp,0.10611927094413293,8.0,0.33,FWD,1.5,1.0
extratrees,PHASE1__Ma8_Kn0.33_FWD_hphs1.5_Tw1,full,Cq,0.18185956978490905,8.0,0.33,FWD,1.5,1.0
extratrees,PHASE1__Ma8_Kn0.33_FWD_hphs1.5_Tw1,full,tau_abs,0.4902986582616076,8.0,0.33,FWD,1.5,1.0
extratrees,PHASE1__Ma8_Kn0.33_ISO_hphs1.5_Tw1,full,Cp,0.051190727864706444,8.0,0.33,ISO,1.5,1.0
extratrees,PHASE1__Ma8_Kn0.33_ISO_hphs1.5_Tw1,full,Cq,0.20259660636434867,8.0,0.33,ISO,1.5,1.0
extratrees,PHASE1__Ma8_Kn0.33_ISO_hphs1.5_Tw1,full,tau_abs,0.32001858518968185,8.0,0.33,ISO,1.5,1.0
extratrees,PHASE1__Ma8_Kn0.8_BWD_hphs1.5_Tw1,full,Cp,0.6115749175000815,8.0,0.8,BWD,1.5,1.0
extratrees,PHASE1__Ma8_Kn0.8_BWD_hphs1.5_Tw1,full,Cq,0.14890980864146233,8.0,0.8,BWD,1.5,1.0
extratrees,PHASE1__Ma8_Kn0.8_BWD_hphs1.5_Tw1,full,tau_abs,0.1549411567148171,8.0,0.8,BWD,1.5,1.0
extratrees,PHASE1__Ma8_Kn0.8_FWD_hphs1.5_Tw1,full,Cp,0.30672717928349175,8.0,0.8,FWD,1.5,1.0
extratrees,PHASE1__Ma8_Kn0.8_FWD_hphs1.5_Tw1,full,Cq,0.09560500472925995,8.0,0.8,FWD,1.5,1.0
extratrees,PHASE1__Ma8_Kn0.8_FWD_hphs1.5_Tw1,full,tau_abs,0.3249116600233846,8.0,0.8,FWD,1.5,1.0
extratrees,PHASE1__Ma8_Kn0.8_ISO_hphs1.5_Tw1,full,Cp,0.29780250129570596,8.0,0.8,ISO,1.5,1.0
extratrees,PHASE1__Ma8_Kn0.8_ISO_hphs1.5_Tw1,full,Cq,0.11386353527469427,8.0,0.8,ISO,1.5,1.0
extratrees,PHASE1__Ma8_Kn0.8_ISO_hphs1.5_Tw1,full,tau_abs,0.2735796747657412,8.0,0.8,ISO,1.5,1.0
ridge,PHASE1__Ma4_Kn0.1_BWD_hphs1.5_Tw1,parameter_only,Cp,0.47039686517680473,4.0,0.1,BWD,1.5,1.0
ridge,PHASE1__Ma4_Kn0.1_BWD_hphs1.5_Tw1,parameter_only,Cq,2.4381235766888754,4.0,0.1,BWD,1.5,1.0
ridge,PHASE1__Ma4_Kn0.1_BWD_hphs1.5_Tw1,parameter_only,tau_abs,1.052161707600921,4.0,0.1,BWD,1.5,1.0
ridge,PHASE1__Ma4_Kn0.1_FWD_hphs1.5_Tw1,parameter_only,Cp,0.5452110736468048,4.0,0.1,FWD,1.5,1.0
ridge,PHASE1__Ma4_Kn0.1_FWD_hphs1.5_Tw1,parameter_only,Cq,2.4803265204667264,4.0,0.1,FWD,1.5,1.0
ridge,PHASE1__Ma4_Kn0.1_FWD_hphs1.5_Tw1,parameter_only,tau_abs,1.0175458793733232,4.0,0.1,FWD,1.5,1.0
ridge,PHASE1__Ma4_Kn0.1_ISO_hphs1.5_Tw1,parameter_only,Cp,0.5758091618245933,4.0,0.1,ISO,1.5,1.0
ridge,PHASE1__Ma4_Kn0.1_ISO_hphs1.5_Tw1,parameter_only,Cq,2.660231405909517,4.0,0.1,ISO,1.5,1.0
ridge,PHASE1__Ma4_Kn0.1_ISO_hphs1.5_Tw1,parameter_only,tau_abs,1.1720367040443473,4.0,0.1,ISO,1.5,1.0
ridge,PHASE1__Ma4_Kn0.33_BWD_hphs1.5_Tw1,parameter_only,Cp,1.9394225822945512,4.0,0.33,BWD,1.5,1.0
ridge,PHASE1__Ma4_Kn0.33_BWD_hphs1.5_Tw1,parameter_only,Cq,3.8833077843206674,4.0,0.33,BWD,1.5,1.0
ridge,PHASE1__Ma4_Kn0.33_BWD_hphs1.5_Tw1,parameter_only,tau_abs,1.6350908072796875,4.0,0.33,BWD,1.5,1.0
ridge,PHASE1__Ma4_Kn0.33_FWD_hphs1.5_Tw1,parameter_only,Cp,1.751835950026586,4.0,0.33,FWD,1.5,1.0
ridge,PHASE1__Ma4_Kn0.33_FWD_hphs1.5_Tw1,parameter_only,Cq,4.396633707684831,4.0,0.33,FWD,1.5,1.0
ridge,PHASE1__Ma4_Kn0.33_FWD_hphs1.5_Tw1,parameter_only,tau_abs,2.130534482637427,4.0,0.33,FWD,1.5,1.0
ridge,PHASE1__Ma4_Kn0.33_ISO_hphs1.5_Tw1,parameter_only,Cp,1.915408953283607,4.0,0.33,ISO,1.5,1.0
ridge,PHASE1__Ma4_Kn0.33_ISO_hphs1.5_Tw1,parameter_only,Cq,4.107893023192472,4.0,0.33,ISO,1.5,1.0
ridge,PHASE1__Ma4_Kn0.33_ISO_hphs1.5_Tw1,parameter_only,tau_abs,2.289816947982699,4.0,0.33,ISO,1.5,1.0
ridge,PHASE1__Ma4_Kn0.8_BWD_hphs1.5_Tw1,parameter_only,Cp,6.587886006467653,4.0,0.8,BWD,1.5,1.0
ridge,PHASE1__Ma4_Kn0.8_BWD_hphs1.5_Tw1,parameter_only,Cq,6.089429514693456,4.0,0.8,BWD,1.5,1.0
ridge,PHASE1__Ma4_Kn0.8_BWD_hphs1.5_Tw1,parameter_only,tau_abs,2.429163201441438,4.0,0.8,BWD,1.5,1.0
ridge,PHASE1__Ma4_Kn0.8_FWD_hphs1.5_Tw1,parameter_only,Cp,4.931581932515966,4.0,0.8,FWD,1.5,1.0
ridge,PHASE1__Ma4_Kn0.8_FWD_hphs1.5_Tw1,parameter_only,Cq,7.007911991605259,4.0,0.8,FWD,1.5,1.0
ridge,PHASE1__Ma4_Kn0.8_FWD_hphs1.5_Tw1,parameter_only,tau_abs,2.7882044791493232,4.0,0.8,FWD,1.5,1.0
ridge,PHASE1__Ma4_Kn0.8_ISO_hphs1.5_Tw1,parameter_only,Cp,5.324212918002942,4.0,0.8,ISO,1.5,1.0
ridge,PHASE1__Ma4_Kn0.8_ISO_hphs1.5_Tw1,parameter_only,Cq,6.012789549060716,4.0,0.8,ISO,1.5,1.0
ridge,PHASE1__Ma4_Kn0.8_ISO_hphs1.5_Tw1,parameter_only,tau_abs,4.016967209711983,4.0,0.8,ISO,1.5,1.0
ridge,PHASE1__Ma6_Kn0.1_BWD_hphs1.5_Tw1,parameter_only,Cp,0.35718225934545184,6.0,0.1,BWD,1.5,1.0
ridge,PHASE1__Ma6_Kn0.1_BWD_hphs1.5_Tw1,parameter_only,Cq,0.2646326530117562,6.0,0.1,BWD,1.5,1.0
ridge,PHASE1__Ma6_Kn0.1_BWD_hphs1.5_Tw1,parameter_only,tau_abs,0.4439896019446609,6.0,0.1,BWD,1.5,1.0
ridge,PHASE1__Ma6_Kn0.1_FWD_hphs1.5_Tw1,parameter_only,Cp,0.31233470642206773,6.0,0.1,FWD,1.5,1.0
ridge,PHASE1__Ma6_Kn0.1_FWD_hphs1.5_Tw1,parameter_only,Cq,0.43167576464548374,6.0,0.1,FWD,1.5,1.0
ridge,PHASE1__Ma6_Kn0.1_FWD_hphs1.5_Tw1,parameter_only,tau_abs,0.37868625582174825,6.0,0.1,FWD,1.5,1.0
ridge,PHASE1__Ma6_Kn0.1_ISO_hphs1.5_Tw1,parameter_only,Cp,0.27121396178930474,6.0,0.1,ISO,1.5,1.0
ridge,PHASE1__Ma6_Kn0.1_ISO_hphs1.5_Tw1,parameter_only,Cq,0.31934802202837526,6.0,0.1,ISO,1.5,1.0
ridge,PHASE1__Ma6_Kn0.1_ISO_hphs1.5_Tw1,parameter_only,tau_abs,0.6247719759402309,6.0,0.1,ISO,1.5,1.0
ridge,PHASE1__Ma6_Kn0.33_BWD_hphs1.5_Tw1,parameter_only,Cp,0.3337072185806801,6.0,0.33,BWD,1.5,1.0
ridge,PHASE1__Ma6_Kn0.33_BWD_hphs1.5_Tw1,parameter_only,Cq,0.4628649396134499,6.0,0.33,BWD,1.5,1.0
ridge,PHASE1__Ma6_Kn0.33_BWD_hphs1.5_Tw1,parameter_only,tau_abs,0.17272017286594554,6.0,0.33,BWD,1.5,1.0
ridge,PHASE1__Ma6_Kn0.33_FWD_hphs1.5_Tw1,parameter_only,Cp,0.3098782216192547,6.0,0.33,FWD,1.5,1.0
ridge,PHASE1__Ma6_Kn0.33_FWD_hphs1.5_Tw1,parameter_only,Cq,0.4584065139509822,6.0,0.33,FWD,1.5,1.0
ridge,PHASE1__Ma6_Kn0.33_FWD_hphs1.5_Tw1,parameter_only,tau_abs,0.609198084221612,6.0,0.33,FWD,1.5,1.0
ridge,PHASE1__Ma6_Kn0.33_ISO_hphs1.5_Tw1,parameter_only,Cp,0.37196646962954183,6.0,0.33,ISO,1.5,1.0
ridge,PHASE1__Ma6_Kn0.33_ISO_hphs1.5_Tw1,parameter_only,Cq,0.4550328851490365,6.0,0.33,ISO,1.5,1.0
ridge,PHASE1__Ma6_Kn0.33_ISO_hphs1.5_Tw1,parameter_only,tau_abs,0.6053048138308084,6.0,0.33,ISO,1.5,1.0
ridge,PHASE1__Ma6_Kn0.8_BWD_hphs1.5_Tw1,parameter_only,Cp,1.480461213876545,6.0,0.8,BWD,1.5,1.0
ridge,PHASE1__Ma6_Kn0.8_BWD_hphs1.5_Tw1,parameter_only,Cq,0.9352900654723537,6.0,0.8,BWD,1.5,1.0
ridge,PHASE1__Ma6_Kn0.8_BWD_hphs1.5_Tw1,parameter_only,tau_abs,0.4712404673714059,6.0,0.8,BWD,1.5,1.0
ridge,PHASE1__Ma6_Kn0.8_FWD_hphs1.5_Tw1,parameter_only,Cp,1.340509835210908,6.0,0.8,FWD,1.5,1.0
ridge,PHASE1__Ma6_Kn0.8_FWD_hphs1.5_Tw1,parameter_only,Cq,0.8289567451873567,6.0,0.8,FWD,1.5,1.0
ridge,PHASE1__Ma6_Kn0.8_FWD_hphs1.5_Tw1,parameter_only,tau_abs,0.6530414788218021,6.0,0.8,FWD,1.5,1.0
ridge,PHASE1__Ma6_Kn0.8_ISO_hphs1.5_Tw1,parameter_only,Cp,1.4000294642824551,6.0,0.8,ISO,1.5,1.0
ridge,PHASE1__Ma6_Kn0.8_ISO_hphs1.5_Tw1,parameter_only,Cq,0.8676518126915144,6.0,0.8,ISO,1.5,1.0
ridge,PHASE1__Ma6_Kn0.8_ISO_hphs1.5_Tw1,parameter_only,tau_abs,0.8066160137270245,6.0,0.8,ISO,1.5,1.0
ridge,PHASE1__Ma8_Kn0.1_BWD_hphs1.5_Tw1,parameter_only,Cp,0.5399434800819071,8.0,0.1,BWD,1.5,1.0
ridge,PHASE1__Ma8_Kn0.1_BWD_hphs1.5_Tw1,parameter_only,Cq,0.5659713493394457,8.0,0.1,BWD,1.5,1.0
ridge,PHASE1__Ma8_Kn0.1_BWD_hphs1.5_Tw1,parameter_only,tau_abs,0.6368928372145588,8.0,0.1,BWD,1.5,1.0
ridge,PHASE1__Ma8_Kn0.1_FWD_hphs1.5_Tw1,parameter_only,Cp,0.5727911039829566,8.0,0.1,FWD,1.5,1.0
ridge,PHASE1__Ma8_Kn0.1_FWD_hphs1.5_Tw1,parameter_only,Cq,0.669589940905231,8.0,0.1,FWD,1.5,1.0
ridge,PHASE1__Ma8_Kn0.1_FWD_hphs1.5_Tw1,parameter_only,tau_abs,0.5476517044051976,8.0,0.1,FWD,1.5,1.0
ridge,PHASE1__Ma8_Kn0.1_ISO_hphs1.5_Tw1,parameter_only,Cp,0.5192223768260612,8.0,0.1,ISO,1.5,1.0
ridge,PHASE1__Ma8_Kn0.1_ISO_hphs1.5_Tw1,parameter_only,Cq,0.5722190963414828,8.0,0.1,ISO,1.5,1.0
ridge,PHASE1__Ma8_Kn0.1_ISO_hphs1.5_Tw1,parameter_only,tau_abs,0.6930252064466098,8.0,0.1,ISO,1.5,1.0
ridge,PHASE1__Ma8_Kn0.33_BWD_hphs1.5_Tw1,parameter_only,Cp,0.29074092773833143,8.0,0.33,BWD,1.5,1.0
ridge,PHASE1__Ma8_Kn0.33_BWD_hphs1.5_Tw1,parameter_only,Cq,0.4096986371976114,8.0,0.33,BWD,1.5,1.0
ridge,PHASE1__Ma8_Kn0.33_BWD_hphs1.5_Tw1,parameter_only,tau_abs,0.4880660591642427,8.0,0.33,BWD,1.5,1.0
ridge,PHASE1__Ma8_Kn0.33_FWD_hphs1.5_Tw1,parameter_only,Cp,0.2603278712748509,8.0,0.33,FWD,1.5,1.0
ridge,PHASE1__Ma8_Kn0.33_FWD_hphs1.5_Tw1,parameter_only,Cq,0.5097768044870877,8.0,0.33,FWD,1.5,1.0
ridge,PHASE1__Ma8_Kn0.33_FWD_hphs1.5_Tw1,parameter_only,tau_abs,0.5655630076703517,8.0,0.33,FWD,1.5,1.0
ridge,PHASE1__Ma8_Kn0.33_ISO_hphs1.5_Tw1,parameter_only,Cp,0.21152118038875325,8.0,0.33,ISO,1.5,1.0
ridge,PHASE1__Ma8_Kn0.33_ISO_hphs1.5_Tw1,parameter_only,Cq,0.4234480167438633,8.0,0.33,ISO,1.5,1.0
ridge,PHASE1__Ma8_Kn0.33_ISO_hphs1.5_Tw1,parameter_only,tau_abs,0.583904277778387,8.0,0.33,ISO,1.5,1.0
ridge,PHASE1__Ma8_Kn0.8_BWD_hphs1.5_Tw1,parameter_only,Cp,0.6996481909174536,8.0,0.8,BWD,1.5,1.0
ridge,PHASE1__Ma8_Kn0.8_BWD_hphs1.5_Tw1,parameter_only,Cq,0.285178833772524,8.0,0.8,BWD,1.5,1.0
ridge,PHASE1__Ma8_Kn0.8_BWD_hphs1.5_Tw1,parameter_only,tau_abs,0.32550848989139275,8.0,0.8,BWD,1.5,1.0
ridge,PHASE1__Ma8_Kn0.8_FWD_hphs1.5_Tw1,parameter_only,Cp,0.5478938791019557,8.0,0.8,FWD,1.5,1.0
ridge,PHASE1__Ma8_Kn0.8_FWD_hphs1.5_Tw1,parameter_only,Cq,0.3337650870107759,8.0,0.8,FWD,1.5,1.0
ridge,PHASE1__Ma8_Kn0.8_FWD_hphs1.5_Tw1,parameter_only,tau_abs,0.6291735091020701,8.0,0.8,FWD,1.5,1.0
ridge,PHASE1__Ma8_Kn0.8_ISO_hphs1.5_Tw1,parameter_only,Cp,0.5531525751195676,8.0,0.8,ISO,1.5,1.0
ridge,PHASE1__Ma8_Kn0.8_ISO_hphs1.5_Tw1,parameter_only,Cq,0.230863955134309,8.0,0.8,ISO,1.5,1.0
ridge,PHASE1__Ma8_Kn0.8_ISO_hphs1.5_Tw1,parameter_only,tau_abs,0.4404401398883817,8.0,0.8,ISO,1.5,1.0
ridge,PHASE1__Ma4_Kn0.1_BWD_hphs1.5_Tw1,local,Cp,0.30472939898297824,4.0,0.1,BWD,1.5,1.0
ridge,PHASE1__Ma4_Kn0.1_BWD_hphs1.5_Tw1,local,Cq,1.042623004852805,4.0,0.1,BWD,1.5,1.0
ridge,PHASE1__Ma4_Kn0.1_BWD_hphs1.5_Tw1,local,tau_abs,0.3441517578631778,4.0,0.1,BWD,1.5,1.0
ridge,PHASE1__Ma4_Kn0.1_FWD_hphs1.5_Tw1,local,Cp,0.5968180065558287,4.0,0.1,FWD,1.5,1.0
ridge,PHASE1__Ma4_Kn0.1_FWD_hphs1.5_Tw1,local,Cq,1.6927175317321768,4.0,0.1,FWD,1.5,1.0
ridge,PHASE1__Ma4_Kn0.1_FWD_hphs1.5_Tw1,local,tau_abs,0.9903169616565953,4.0,0.1,FWD,1.5,1.0
ridge,PHASE1__Ma4_Kn0.1_ISO_hphs1.5_Tw1,local,Cp,0.24621198770027206,4.0,0.1,ISO,1.5,1.0
ridge,PHASE1__Ma4_Kn0.1_ISO_hphs1.5_Tw1,local,Cq,0.7541617046567565,4.0,0.1,ISO,1.5,1.0
ridge,PHASE1__Ma4_Kn0.1_ISO_hphs1.5_Tw1,local,tau_abs,0.6843858839387899,4.0,0.1,ISO,1.5,1.0
ridge,PHASE1__Ma4_Kn0.33_BWD_hphs1.5_Tw1,local,Cp,1.2591674358787477,4.0,0.33,BWD,1.5,1.0
ridge,PHASE1__Ma4_Kn0.33_BWD_hphs1.5_Tw1,local,Cq,0.8886313304403302,4.0,0.33,BWD,1.5,1.0
ridge,PHASE1__Ma4_Kn0.33_BWD_hphs1.5_Tw1,local,tau_abs,0.6369893981460889,4.0,0.33,BWD,1.5,1.0
ridge,PHASE1__Ma4_Kn0.33_FWD_hphs1.5_Tw1,local,Cp,1.1480378618520652,4.0,0.33,FWD,1.5,1.0
ridge,PHASE1__Ma4_Kn0.33_FWD_hphs1.5_Tw1,local,Cq,2.2003990160669393,4.0,0.33,FWD,1.5,1.0
ridge,PHASE1__Ma4_Kn0.33_FWD_hphs1.5_Tw1,local,tau_abs,1.3278301541971351,4.0,0.33,FWD,1.5,1.0
ridge,PHASE1__Ma4_Kn0.33_ISO_hphs1.5_Tw1,local,Cp,0.8139624270927961,4.0,0.33,ISO,1.5,1.0
ridge,PHASE1__Ma4_Kn0.33_ISO_hphs1.5_Tw1,local,Cq,1.0953058545520862,4.0,0.33,ISO,1.5,1.0
ridge,PHASE1__Ma4_Kn0.33_ISO_hphs1.5_Tw1,local,tau_abs,1.5420912885393172,4.0,0.33,ISO,1.5,1.0
ridge,PHASE1__Ma4_Kn0.8_BWD_hphs1.5_Tw1,local,Cp,3.4537715126160764,4.0,0.8,BWD,1.5,1.0
ridge,PHASE1__Ma4_Kn0.8_BWD_hphs1.5_Tw1,local,Cq,1.5140191408000045,4.0,0.8,BWD,1.5,1.0
ridge,PHASE1__Ma4_Kn0.8_BWD_hphs1.5_Tw1,local,tau_abs,1.3992245552122846,4.0,0.8,BWD,1.5,1.0
ridge,PHASE1__Ma4_Kn0.8_FWD_hphs1.5_Tw1,local,Cp,2.0204694868644015,4.0,0.8,FWD,1.5,1.0
ridge,PHASE1__Ma4_Kn0.8_FWD_hphs1.5_Tw1,local,Cq,2.2810428955969537,4.0,0.8,FWD,1.5,1.0
ridge,PHASE1__Ma4_Kn0.8_FWD_hphs1.5_Tw1,local,tau_abs,1.0187131079856178,4.0,0.8,FWD,1.5,1.0
ridge,PHASE1__Ma4_Kn0.8_ISO_hphs1.5_Tw1,local,Cp,1.9231541291276608,4.0,0.8,ISO,1.5,1.0
ridge,PHASE1__Ma4_Kn0.8_ISO_hphs1.5_Tw1,local,Cq,1.1554262382274565,4.0,0.8,ISO,1.5,1.0
ridge,PHASE1__Ma4_Kn0.8_ISO_hphs1.5_Tw1,local,tau_abs,1.9775040774519106,4.0,0.8,ISO,1.5,1.0
ridge,PHASE1__Ma6_Kn0.1_BWD_hphs1.5_Tw1,local,Cp,0.22784299816951079,6.0,0.1,BWD,1.5,1.0
ridge,PHASE1__Ma6_Kn0.1_BWD_hphs1.5_Tw1,local,Cq,0.34513131754547444,6.0,0.1,BWD,1.5,1.0
ridge,PHASE1__Ma6_Kn0.1_BWD_hphs1.5_Tw1,local,tau_abs,0.3822818981729587,6.0,0.1,BWD,1.5,1.0
ridge,PHASE1__Ma6_Kn0.1_FWD_hphs1.5_Tw1,local,Cp,0.30594263404719957,6.0,0.1,FWD,1.5,1.0
ridge,PHASE1__Ma6_Kn0.1_FWD_hphs1.5_Tw1,local,Cq,0.29966653245129093,6.0,0.1,FWD,1.5,1.0
ridge,PHASE1__Ma6_Kn0.1_FWD_hphs1.5_Tw1,local,tau_abs,0.5345293928690994,6.0,0.1,FWD,1.5,1.0
ridge,PHASE1__Ma6_Kn0.1_ISO_hphs1.5_Tw1,local,Cp,0.16852509584986444,6.0,0.1,ISO,1.5,1.0
ridge,PHASE1__Ma6_Kn0.1_ISO_hphs1.5_Tw1,local,Cq,0.2502302523711851,6.0,0.1,ISO,1.5,1.0
ridge,PHASE1__Ma6_Kn0.1_ISO_hphs1.5_Tw1,local,tau_abs,0.42874962457947274,6.0,0.1,ISO,1.5,1.0
ridge,PHASE1__Ma6_Kn0.33_BWD_hphs1.5_Tw1,local,Cp,0.27321278824405776,6.0,0.33,BWD,1.5,1.0
ridge,PHASE1__Ma6_Kn0.33_BWD_hphs1.5_Tw1,local,Cq,0.2049627222159198,6.0,0.33,BWD,1.5,1.0
ridge,PHASE1__Ma6_Kn0.33_BWD_hphs1.5_Tw1,local,tau_abs,0.09539978524675681,6.0,0.33,BWD,1.5,1.0
ridge,PHASE1__Ma6_Kn0.33_FWD_hphs1.5_Tw1,local,Cp,0.35477292197290544,6.0,0.33,FWD,1.5,1.0
ridge,PHASE1__Ma6_Kn0.33_FWD_hphs1.5_Tw1,local,Cq,0.4506999993943675,6.0,0.33,FWD,1.5,1.0
ridge,PHASE1__Ma6_Kn0.33_FWD_hphs1.5_Tw1,local,tau_abs,0.5319659901407698,6.0,0.33,FWD,1.5,1.0
ridge,PHASE1__Ma6_Kn0.33_ISO_hphs1.5_Tw1,local,Cp,0.2812437583684741,6.0,0.33,ISO,1.5,1.0
ridge,PHASE1__Ma6_Kn0.33_ISO_hphs1.5_Tw1,local,Cq,0.2979133269386351,6.0,0.33,ISO,1.5,1.0
ridge,PHASE1__Ma6_Kn0.33_ISO_hphs1.5_Tw1,local,tau_abs,0.47609728063207746,6.0,0.33,ISO,1.5,1.0
ridge,PHASE1__Ma6_Kn0.8_BWD_hphs1.5_Tw1,local,Cp,1.0188308471823564,6.0,0.8,BWD,1.5,1.0
ridge,PHASE1__Ma6_Kn0.8_BWD_hphs1.5_Tw1,local,Cq,0.5164027857012791,6.0,0.8,BWD,1.5,1.0
ridge,PHASE1__Ma6_Kn0.8_BWD_hphs1.5_Tw1,local,tau_abs,0.48027300332384215,6.0,0.8,BWD,1.5,1.0
ridge,PHASE1__Ma6_Kn0.8_FWD_hphs1.5_Tw1,local,Cp,0.9822043367578531,6.0,0.8,FWD,1.5,1.0
ridge,PHASE1__Ma6_Kn0.8_FWD_hphs1.5_Tw1,local,Cq,0.6336814812774249,6.0,0.8,FWD,1.5,1.0
ridge,PHASE1__Ma6_Kn0.8_FWD_hphs1.5_Tw1,local,tau_abs,0.7173060224472798,6.0,0.8,FWD,1.5,1.0
ridge,PHASE1__Ma6_Kn0.8_ISO_hphs1.5_Tw1,local,Cp,0.6007283034624648,6.0,0.8,ISO,1.5,1.0
ridge,PHASE1__Ma6_Kn0.8_ISO_hphs1.5_Tw1,local,Cq,0.5427242182017009,6.0,0.8,ISO,1.5,1.0
ridge,PHASE1__Ma6_Kn0.8_ISO_hphs1.5_Tw1,local,tau_abs,0.9637508105698884,6.0,0.8,ISO,1.5,1.0
ridge,PHASE1__Ma8_Kn0.1_BWD_hphs1.5_Tw1,local,Cp,0.21936700987839697,8.0,0.1,BWD,1.5,1.0
ridge,PHASE1__Ma8_Kn0.1_BWD_hphs1.5_Tw1,local,Cq,0.23818021097535907,8.0,0.1,BWD,1.5,1.0
ridge,PHASE1__Ma8_Kn0.1_BWD_hphs1.5_Tw1,local,tau_abs,0.49411001759111367,8.0,0.1,BWD,1.5,1.0
ridge,PHASE1__Ma8_Kn0.1_FWD_hphs1.5_Tw1,local,Cp,0.4398482736785027,8.0,0.1,FWD,1.5,1.0
ridge,PHASE1__Ma8_Kn0.1_FWD_hphs1.5_Tw1,local,Cq,0.37111801278109346,8.0,0.1,FWD,1.5,1.0
ridge,PHASE1__Ma8_Kn0.1_FWD_hphs1.5_Tw1,local,tau_abs,0.5587469896146395,8.0,0.1,FWD,1.5,1.0
ridge,PHASE1__Ma8_Kn0.1_ISO_hphs1.5_Tw1,local,Cp,0.2603440628763017,8.0,0.1,ISO,1.5,1.0
ridge,PHASE1__Ma8_Kn0.1_ISO_hphs1.5_Tw1,local,Cq,0.2360987809025604,8.0,0.1,ISO,1.5,1.0
ridge,PHASE1__Ma8_Kn0.1_ISO_hphs1.5_Tw1,local,tau_abs,0.5563203414389101,8.0,0.1,ISO,1.5,1.0
ridge,PHASE1__Ma8_Kn0.33_BWD_hphs1.5_Tw1,local,Cp,0.3536095432493286,8.0,0.33,BWD,1.5,1.0
ridge,PHASE1__Ma8_Kn0.33_BWD_hphs1.5_Tw1,local,Cq,0.09296285763653818,8.0,0.33,BWD,1.5,1.0
ridge,PHASE1__Ma8_Kn0.33_BWD_hphs1.5_Tw1,local,tau_abs,0.2680575490343933,8.0,0.33,BWD,1.5,1.0
ridge,PHASE1__Ma8_Kn0.33_FWD_hphs1.5_Tw1,local,Cp,0.3167145412839204,8.0,0.33,FWD,1.5,1.0
ridge,PHASE1__Ma8_Kn0.33_FWD_hphs1.5_Tw1,local,Cq,0.23768035797836556,8.0,0.33,FWD,1.5,1.0
ridge,PHASE1__Ma8_Kn0.33_FWD_hphs1.5_Tw1,local,tau_abs,0.857763711483774,8.0,0.33,FWD,1.5,1.0
ridge,PHASE1__Ma8_Kn0.33_ISO_hphs1.5_Tw1,local,Cp,0.23500797203911897,8.0,0.33,ISO,1.5,1.0
ridge,PHASE1__Ma8_Kn0.33_ISO_hphs1.5_Tw1,local,Cq,0.10131512891583695,8.0,0.33,ISO,1.5,1.0
ridge,PHASE1__Ma8_Kn0.33_ISO_hphs1.5_Tw1,local,tau_abs,0.32921925749139147,8.0,0.33,ISO,1.5,1.0
ridge,PHASE1__Ma8_Kn0.8_BWD_hphs1.5_Tw1,local,Cp,1.0299876103401995,8.0,0.8,BWD,1.5,1.0
ridge,PHASE1__Ma8_Kn0.8_BWD_hphs1.5_Tw1,local,Cq,0.5090416348720261,8.0,0.8,BWD,1.5,1.0
ridge,PHASE1__Ma8_Kn0.8_BWD_hphs1.5_Tw1,local,tau_abs,0.34331270774906636,8.0,0.8,BWD,1.5,1.0
ridge,PHASE1__Ma8_Kn0.8_FWD_hphs1.5_Tw1,local,Cp,0.8436692787290301,8.0,0.8,FWD,1.5,1.0
ridge,PHASE1__Ma8_Kn0.8_FWD_hphs1.5_Tw1,local,Cq,0.5464730579148944,8.0,0.8,FWD,1.5,1.0
ridge,PHASE1__Ma8_Kn0.8_FWD_hphs1.5_Tw1,local,tau_abs,0.7884909763938359,8.0,0.8,FWD,1.5,1.0
ridge,PHASE1__Ma8_Kn0.8_ISO_hphs1.5_Tw1,local,Cp,0.5646236374825683,8.0,0.8,ISO,1.5,1.0
ridge,PHASE1__Ma8_Kn0.8_ISO_hphs1.5_Tw1,local,Cq,0.32543040254245836,8.0,0.8,ISO,1.5,1.0
ridge,PHASE1__Ma8_Kn0.8_ISO_hphs1.5_Tw1,local,tau_abs,0.3984980875380334,8.0,0.8,ISO,1.5,1.0
ridge,PHASE1__Ma4_Kn0.1_BWD_hphs1.5_Tw1,R0p05,Cp,0.36162737423018676,4.0,0.1,BWD,1.5,1.0
ridge,PHASE1__Ma4_Kn0.1_BWD_hphs1.5_Tw1,R0p05,Cq,1.0568080035449758,4.0,0.1,BWD,1.5,1.0
ridge,PHASE1__Ma4_Kn0.1_BWD_hphs1.5_Tw1,R0p05,tau_abs,0.36775637129820393,4.0,0.1,BWD,1.5,1.0
ridge,PHASE1__Ma4_Kn0.1_FWD_hphs1.5_Tw1,R0p05,Cp,0.5842742151819488,4.0,0.1,FWD,1.5,1.0
ridge,PHASE1__Ma4_Kn0.1_FWD_hphs1.5_Tw1,R0p05,Cq,1.6067097824204795,4.0,0.1,FWD,1.5,1.0
ridge,PHASE1__Ma4_Kn0.1_FWD_hphs1.5_Tw1,R0p05,tau_abs,0.9536086763122433,4.0,0.1,FWD,1.5,1.0
ridge,PHASE1__Ma4_Kn0.1_ISO_hphs1.5_Tw1,R0p05,Cp,0.3031061078185014,4.0,0.1,ISO,1.5,1.0
ridge,PHASE1__Ma4_Kn0.1_ISO_hphs1.5_Tw1,R0p05,Cq,0.9113318568180336,4.0,0.1,ISO,1.5,1.0
ridge,PHASE1__Ma4_Kn0.1_ISO_hphs1.5_Tw1,R0p05,tau_abs,0.6753858802871902,4.0,0.1,ISO,1.5,1.0
ridge,PHASE1__Ma4_Kn0.33_BWD_hphs1.5_Tw1,R0p05,Cp,1.3292271119058865,4.0,0.33,BWD,1.5,1.0
ridge,PHASE1__Ma4_Kn0.33_BWD_hphs1.5_Tw1,R0p05,Cq,1.0731815331153607,4.0,0.33,BWD,1.5,1.0
ridge,PHASE1__Ma4_Kn0.33_BWD_hphs1.5_Tw1,R0p05,tau_abs,0.7490311474987286,4.0,0.33,BWD,1.5,1.0
ridge,PHASE1__Ma4_Kn0.33_FWD_hphs1.5_Tw1,R0p05,Cp,0.927691349033708,4.0,0.33,FWD,1.5,1.0
ridge,PHASE1__Ma4_Kn0.33_FWD_hphs1.5_Tw1,R0p05,Cq,2.40768870385712,4.0,0.33,FWD,1.5,1.0
ridge,PHASE1__Ma4_Kn0.33_FWD_hphs1.5_Tw1,R0p05,tau_abs,1.792742271541199,4.0,0.33,FWD,1.5,1.0
ridge,PHASE1__Ma4_Kn0.33_ISO_hphs1.5_Tw1,R0p05,Cp,0.9125933628124036,4.0,0.33,ISO,1.5,1.0
ridge,PHASE1__Ma4_Kn0.33_ISO_hphs1.5_Tw1,R0p05,Cq,1.3460570255829036,4.0,0.33,ISO,1.5,1.0
ridge,PHASE1__Ma4_Kn0.33_ISO_hphs1.5_Tw1,R0p05,tau_abs,1.5528636054230553,4.0,0.33,ISO,1.5,1.0
ridge,PHASE1__Ma4_Kn0.8_BWD_hphs1.5_Tw1,R0p05,Cp,3.8885080593438253,4.0,0.8,BWD,1.5,1.0
ridge,PHASE1__Ma4_Kn0.8_BWD_hphs1.5_Tw1,R0p05,Cq,1.5579543685904336,4.0,0.8,BWD,1.5,1.0
ridge,PHASE1__Ma4_Kn0.8_BWD_hphs1.5_Tw1,R0p05,tau_abs,1.5584594901243614,4.0,0.8,BWD,1.5,1.0
ridge,PHASE1__Ma4_Kn0.8_FWD_hphs1.5_Tw1,R0p05,Cp,2.1933024250324284,4.0,0.8,FWD,1.5,1.0
ridge,PHASE1__Ma4_Kn0.8_FWD_hphs1.5_Tw1,R0p05,Cq,2.80103763413022,4.0,0.8,FWD,1.5,1.0
ridge,PHASE1__Ma4_Kn0.8_FWD_hphs1.5_Tw1,R0p05,tau_abs,1.3375037079266272,4.0,0.8,FWD,1.5,1.0
ridge,PHASE1__Ma4_Kn0.8_ISO_hphs1.5_Tw1,R0p05,Cp,2.230619366662903,4.0,0.8,ISO,1.5,1.0
ridge,PHASE1__Ma4_Kn0.8_ISO_hphs1.5_Tw1,R0p05,Cq,1.756724144761116,4.0,0.8,ISO,1.5,1.0
ridge,PHASE1__Ma4_Kn0.8_ISO_hphs1.5_Tw1,R0p05,tau_abs,2.201279009024747,4.0,0.8,ISO,1.5,1.0
ridge,PHASE1__Ma6_Kn0.1_BWD_hphs1.5_Tw1,R0p05,Cp,0.2529777384283179,6.0,0.1,BWD,1.5,1.0
ridge,PHASE1__Ma6_Kn0.1_BWD_hphs1.5_Tw1,R0p05,Cq,0.3256059212124632,6.0,0.1,BWD,1.5,1.0
ridge,PHASE1__Ma6_Kn0.1_BWD_hphs1.5_Tw1,R0p05,tau_abs,0.38021075321539977,6.0,0.1,BWD,1.5,1.0
ridge,PHASE1__Ma6_Kn0.1_FWD_hphs1.5_Tw1,R0p05,Cp,0.31770279394862416,6.0,0.1,FWD,1.5,1.0
ridge,PHASE1__Ma6_Kn0.1_FWD_hphs1.5_Tw1,R0p05,Cq,0.31775478824232245,6.0,0.1,FWD,1.5,1.0
ridge,PHASE1__Ma6_Kn0.1_FWD_hphs1.5_Tw1,R0p05,tau_abs,0.5263918862640201,6.0,0.1,FWD,1.5,1.0
ridge,PHASE1__Ma6_Kn0.1_ISO_hphs1.5_Tw1,R0p05,Cp,0.1837395722855328,6.0,0.1,ISO,1.5,1.0
ridge,PHASE1__Ma6_Kn0.1_ISO_hphs1.5_Tw1,R0p05,Cq,0.2518726396062882,6.0,0.1,ISO,1.5,1.0
ridge,PHASE1__Ma6_Kn0.1_ISO_hphs1.5_Tw1,R0p05,tau_abs,0.4401648489379634,6.0,0.1,ISO,1.5,1.0
ridge,PHASE1__Ma6_Kn0.33_BWD_hphs1.5_Tw1,R0p05,Cp,0.26974480773385257,6.0,0.33,BWD,1.5,1.0
ridge,PHASE1__Ma6_Kn0.33_BWD_hphs1.5_Tw1,R0p05,Cq,0.21968909859106303,6.0,0.33,BWD,1.5,1.0
ridge,PHASE1__Ma6_Kn0.33_BWD_hphs1.5_Tw1,R0p05,tau_abs,0.11895654389162924,6.0,0.33,BWD,1.5,1.0
ridge,PHASE1__Ma6_Kn0.33_FWD_hphs1.5_Tw1,R0p05,Cp,0.3021556688476345,6.0,0.33,FWD,1.5,1.0
ridge,PHASE1__Ma6_Kn0.33_FWD_hphs1.5_Tw1,R0p05,Cq,0.3473078350078607,6.0,0.33,FWD,1.5,1.0
ridge,PHASE1__Ma6_Kn0.33_FWD_hphs1.5_Tw1,R0p05,tau_abs,0.5657114143014043,6.0,0.33,FWD,1.5,1.0
ridge,PHASE1__Ma6_Kn0.33_ISO_hphs1.5_Tw1,R0p05,Cp,0.3143509312228297,6.0,0.33,ISO,1.5,1.0
ridge,PHASE1__Ma6_Kn0.33_ISO_hphs1.5_Tw1,R0p05,Cq,0.34068882769380726,6.0,0.33,ISO,1.5,1.0
ridge,PHASE1__Ma6_Kn0.33_ISO_hphs1.5_Tw1,R0p05,tau_abs,0.44963920303877364,6.0,0.33,ISO,1.5,1.0
ridge,PHASE1__Ma6_Kn0.8_BWD_hphs1.5_Tw1,R0p05,Cp,1.0063041540573434,6.0,0.8,BWD,1.5,1.0
ridge,PHASE1__Ma6_Kn0.8_BWD_hphs1.5_Tw1,R0p05,Cq,0.5962907206413943,6.0,0.8,BWD,1.5,1.0
ridge,PHASE1__Ma6_Kn0.8_BWD_hphs1.5_Tw1,R0p05,tau_abs,0.5492892773642942,6.0,0.8,BWD,1.5,1.0
ridge,PHASE1__Ma6_Kn0.8_FWD_hphs1.5_Tw1,R0p05,Cp,1.1047897703246992,6.0,0.8,FWD,1.5,1.0
ridge,PHASE1__Ma6_Kn0.8_FWD_hphs1.5_Tw1,R0p05,Cq,0.8208215043295007,6.0,0.8,FWD,1.5,1.0
ridge,PHASE1__Ma6_Kn0.8_FWD_hphs1.5_Tw1,R0p05,tau_abs,0.6590160498621818,6.0,0.8,FWD,1.5,1.0
ridge,PHASE1__Ma6_Kn0.8_ISO_hphs1.5_Tw1,R0p05,Cp,0.7505199529983709,6.0,0.8,ISO,1.5,1.0
ridge,PHASE1__Ma6_Kn0.8_ISO_hphs1.5_Tw1,R0p05,Cq,0.5394590321085574,6.0,0.8,ISO,1.5,1.0
ridge,PHASE1__Ma6_Kn0.8_ISO_hphs1.5_Tw1,R0p05,tau_abs,0.7911960701082583,6.0,0.8,ISO,1.5,1.0
ridge,PHASE1__Ma8_Kn0.1_BWD_hphs1.5_Tw1,R0p05,Cp,0.22753912918365515,8.0,0.1,BWD,1.5,1.0
ridge,PHASE1__Ma8_Kn0.1_BWD_hphs1.5_Tw1,R0p05,Cq,0.246025706112105,8.0,0.1,BWD,1.5,1.0
ridge,PHASE1__Ma8_Kn0.1_BWD_hphs1.5_Tw1,R0p05,tau_abs,0.5007919760329704,8.0,0.1,BWD,1.5,1.0
ridge,PHASE1__Ma8_Kn0.1_FWD_hphs1.5_Tw1,R0p05,Cp,0.455902607954455,8.0,0.1,FWD,1.5,1.0
ridge,PHASE1__Ma8_Kn0.1_FWD_hphs1.5_Tw1,R0p05,Cq,0.4173813365003478,8.0,0.1,FWD,1.5,1.0
ridge,PHASE1__Ma8_Kn0.1_FWD_hphs1.5_Tw1,R0p05,tau_abs,0.5648939384997966,8.0,0.1,FWD,1.5,1.0
ridge,PHASE1__Ma8_Kn0.1_ISO_hphs1.5_Tw1,R0p05,Cp,0.28055468212713947,8.0,0.1,ISO,1.5,1.0
ridge,PHASE1__Ma8_Kn0.1_ISO_hphs1.5_Tw1,R0p05,Cq,0.24986250709055816,8.0,0.1,ISO,1.5,1.0
ridge,PHASE1__Ma8_Kn0.1_ISO_hphs1.5_Tw1,R0p05,tau_abs,0.5541976557457173,8.0,0.1,ISO,1.5,1.0
ridge,PHASE1__Ma8_Kn0.33_BWD_hphs1.5_Tw1,R0p05,Cp,0.3576322316632107,8.0,0.33,BWD,1.5,1.0
ridge,PHASE1__Ma8_Kn0.33_BWD_hphs1.5_Tw1,R0p05,Cq,0.13282568611340362,8.0,0.33,BWD,1.5,1.0
ridge,PHASE1__Ma8_Kn0.33_BWD_hphs1.5_Tw1,R0p05,tau_abs,0.2808875417423553,8.0,0.33,BWD,1.5,1.0
ridge,PHASE1__Ma8_Kn0.33_FWD_hphs1.5_Tw1,R0p05,Cp,0.34106900101086257,8.0,0.33,FWD,1.5,1.0
ridge,PHASE1__Ma8_Kn0.33_FWD_hphs1.5_Tw1,R0p05,Cq,0.2889115240277266,8.0,0.33,FWD,1.5,1.0
ridge,PHASE1__Ma8_Kn0.33_FWD_hphs1.5_Tw1,R0p05,tau_abs,0.6510205273128227,8.0,0.33,FWD,1.5,1.0
ridge,PHASE1__Ma8_Kn0.33_ISO_hphs1.5_Tw1,R0p05,Cp,0.29445658545791636,8.0,0.33,ISO,1.5,1.0
ridge,PHASE1__Ma8_Kn0.33_ISO_hphs1.5_Tw1,R0p05,Cq,0.1819496575403996,8.0,0.33,ISO,1.5,1.0
ridge,PHASE1__Ma8_Kn0.33_ISO_hphs1.5_Tw1,R0p05,tau_abs,0.45486748352798917,8.0,0.33,ISO,1.5,1.0
ridge,PHASE1__Ma8_Kn0.8_BWD_hphs1.5_Tw1,R0p05,Cp,1.171899922531529,8.0,0.8,BWD,1.5,1.0
ridge,PHASE1__Ma8_Kn0.8_BWD_hphs1.5_Tw1,R0p05,Cq,0.6122371792771426,8.0,0.8,BWD,1.5,1.0
ridge,PHASE1__Ma8_Kn0.8_BWD_hphs1.5_Tw1,R0p05,tau_abs,0.3898246310070569,8.0,0.8,BWD,1.5,1.0
ridge,PHASE1__Ma8_Kn0.8_FWD_hphs1.5_Tw1,R0p05,Cp,0.9693335403782886,8.0,0.8,FWD,1.5,1.0
ridge,PHASE1__Ma8_Kn0.8_FWD_hphs1.5_Tw1,R0p05,Cq,0.6106089327548904,8.0,0.8,FWD,1.5,1.0
ridge,PHASE1__Ma8_Kn0.8_FWD_hphs1.5_Tw1,R0p05,tau_abs,0.7133358242862319,8.0,0.8,FWD,1.5,1.0
ridge,PHASE1__Ma8_Kn0.8_ISO_hphs1.5_Tw1,R0p05,Cp,0.5217256595646773,8.0,0.8,ISO,1.5,1.0
ridge,PHASE1__Ma8_Kn0.8_ISO_hphs1.5_Tw1,R0p05,Cq,0.3012069126821228,8.0,0.8,ISO,1.5,1.0
ridge,PHASE1__Ma8_Kn0.8_ISO_hphs1.5_Tw1,R0p05,tau_abs,0.3442890950095853,8.0,0.8,ISO,1.5,1.0
ridge,PHASE1__Ma4_Kn0.1_BWD_hphs1.5_Tw1,R0p10,Cp,0.30082813688997856,4.0,0.1,BWD,1.5,1.0
ridge,PHASE1__Ma4_Kn0.1_BWD_hphs1.5_Tw1,R0p10,Cq,0.8737861701907921,4.0,0.1,BWD,1.5,1.0
ridge,PHASE1__Ma4_Kn0.1_BWD_hphs1.5_Tw1,R0p10,tau_abs,0.33220577503895965,4.0,0.1,BWD,1.5,1.0
ridge,PHASE1__Ma4_Kn0.1_FWD_hphs1.5_Tw1,R0p10,Cp,0.5598773274342193,4.0,0.1,FWD,1.5,1.0
ridge,PHASE1__Ma4_Kn0.1_FWD_hphs1.5_Tw1,R0p10,Cq,1.4695796888576276,4.0,0.1,FWD,1.5,1.0
ridge,PHASE1__Ma4_Kn0.1_FWD_hphs1.5_Tw1,R0p10,tau_abs,0.9005146558806703,4.0,0.1,FWD,1.5,1.0
ridge,PHASE1__Ma4_Kn0.1_ISO_hphs1.5_Tw1,R0p10,Cp,0.271206219654583,4.0,0.1,ISO,1.5,1.0
ridge,PHASE1__Ma4_Kn0.1_ISO_hphs1.5_Tw1,R0p10,Cq,0.8029705872626107,4.0,0.1,ISO,1.5,1.0
ridge,PHASE1__Ma4_Kn0.1_ISO_hphs1.5_Tw1,R0p10,tau_abs,0.7196354559827414,4.0,0.1,ISO,1.5,1.0
ridge,PHASE1__Ma4_Kn0.33_BWD_hphs1.5_Tw1,R0p10,Cp,1.248668842070093,4.0,0.33,BWD,1.5,1.0
ridge,PHASE1__Ma4_Kn0.33_BWD_hphs1.5_Tw1,R0p10,Cq,0.9882108128714869,4.0,0.33,BWD,1.5,1.0
ridge,PHASE1__Ma4_Kn0.33_BWD_hphs1.5_Tw1,R0p10,tau_abs,0.6454431961348609,4.0,0.33,BWD,1.5,1.0
ridge,PHASE1__Ma4_Kn0.33_FWD_hphs1.5_Tw1,R0p10,Cp,1.010037638182829,4.0,0.33,FWD,1.5,1.0
ridge,PHASE1__Ma4_Kn0.33_FWD_hphs1.5_Tw1,R0p10,Cq,1.7608331103782717,4.0,0.33,FWD,1.5,1.0
ridge,PHASE1__Ma4_Kn0.33_FWD_hphs1.5_Tw1,R0p10,tau_abs,1.1231079266435113,4.0,0.33,FWD,1.5,1.0
ridge,PHASE1__Ma4_Kn0.33_ISO_hphs1.5_Tw1,R0p10,Cp,0.8207912490735374,4.0,0.33,ISO,1.5,1.0
ridge,PHASE1__Ma4_Kn0.33_ISO_hphs1.5_Tw1,R0p10,Cq,1.1745994453207356,4.0,0.33,ISO,1.5,1.0
ridge,PHASE1__Ma4_Kn0.33_ISO_hphs1.5_Tw1,R0p10,tau_abs,1.553906124988931,4.0,0.33,ISO,1.5,1.0
ridge,PHASE1__Ma4_Kn0.8_BWD_hphs1.5_Tw1,R0p10,Cp,3.457906216090917,4.0,0.8,BWD,1.5,1.0
ridge,PHASE1__Ma4_Kn0.8_BWD_hphs1.5_Tw1,R0p10,Cq,1.4444466929228772,4.0,0.8,BWD,1.5,1.0
ridge,PHASE1__Ma4_Kn0.8_BWD_hphs1.5_Tw1,R0p10,tau_abs,1.3840170565828072,4.0,0.8,BWD,1.5,1.0
ridge,PHASE1__Ma4_Kn0.8_FWD_hphs1.5_Tw1,R0p10,Cp,1.878750330225732,4.0,0.8,FWD,1.5,1.0
ridge,PHASE1__Ma4_Kn0.8_FWD_hphs1.5_Tw1,R0p10,Cq,1.747433653722164,4.0,0.8,FWD,1.5,1.0
ridge,PHASE1__Ma4_Kn0.8_FWD_hphs1.5_Tw1,R0p10,tau_abs,1.2270134411017766,4.0,0.8,FWD,1.5,1.0
ridge,PHASE1__Ma4_Kn0.8_ISO_hphs1.5_Tw1,R0p10,Cp,1.9524810469677059,4.0,0.8,ISO,1.5,1.0
ridge,PHASE1__Ma4_Kn0.8_ISO_hphs1.5_Tw1,R0p10,Cq,1.187175965574288,4.0,0.8,ISO,1.5,1.0
ridge,PHASE1__Ma4_Kn0.8_ISO_hphs1.5_Tw1,R0p10,tau_abs,1.8545084785667059,4.0,0.8,ISO,1.5,1.0
ridge,PHASE1__Ma6_Kn0.1_BWD_hphs1.5_Tw1,R0p10,Cp,0.20752812912311464,6.0,0.1,BWD,1.5,1.0
ridge,PHASE1__Ma6_Kn0.1_BWD_hphs1.5_Tw1,R0p10,Cq,0.3163319144080986,6.0,0.1,BWD,1.5,1.0
ridge,PHASE1__Ma6_Kn0.1_BWD_hphs1.5_Tw1,R0p10,tau_abs,0.35297402741472045,6.0,0.1,BWD,1.5,1.0
ridge,PHASE1__Ma6_Kn0.1_FWD_hphs1.5_Tw1,R0p10,Cp,0.30384860026339744,6.0,0.1,FWD,1.5,1.0
ridge,PHASE1__Ma6_Kn0.1_FWD_hphs1.5_Tw1,R0p10,Cq,0.29893001386591445,6.0,0.1,FWD,1.5,1.0
ridge,PHASE1__Ma6_Kn0.1_FWD_hphs1.5_Tw1,R0p10,tau_abs,0.5795979074903248,6.0,0.1,FWD,1.5,1.0
ridge,PHASE1__Ma6_Kn0.1_ISO_hphs1.5_Tw1,R0p10,Cp,0.17334436733313374,6.0,0.1,ISO,1.5,1.0
ridge,PHASE1__Ma6_Kn0.1_ISO_hphs1.5_Tw1,R0p10,Cq,0.20714365049004266,6.0,0.1,ISO,1.5,1.0
ridge,PHASE1__Ma6_Kn0.1_ISO_hphs1.5_Tw1,R0p10,tau_abs,0.42717943243494116,6.0,0.1,ISO,1.5,1.0
ridge,PHASE1__Ma6_Kn0.33_BWD_hphs1.5_Tw1,R0p10,Cp,0.27347342797986407,6.0,0.33,BWD,1.5,1.0
ridge,PHASE1__Ma6_Kn0.33_BWD_hphs1.5_Tw1,R0p10,Cq,0.20638197649381135,6.0,0.33,BWD,1.5,1.0
ridge,PHASE1__Ma6_Kn0.33_BWD_hphs1.5_Tw1,R0p10,tau_abs,0.125136556265445,6.0,0.33,BWD,1.5,1.0
ridge,PHASE1__Ma6_Kn0.33_FWD_hphs1.5_Tw1,R0p10,Cp,0.28927356633003587,6.0,0.33,FWD,1.5,1.0
ridge,PHASE1__Ma6_Kn0.33_FWD_hphs1.5_Tw1,R0p10,Cq,0.358678925498344,6.0,0.33,FWD,1.5,1.0
ridge,PHASE1__Ma6_Kn0.33_FWD_hphs1.5_Tw1,R0p10,tau_abs,0.5415616189262631,6.0,0.33,FWD,1.5,1.0
ridge,PHASE1__Ma6_Kn0.33_ISO_hphs1.5_Tw1,R0p10,Cp,0.2788414909388648,6.0,0.33,ISO,1.5,1.0
ridge,PHASE1__Ma6_Kn0.33_ISO_hphs1.5_Tw1,R0p10,Cq,0.24694158781852513,6.0,0.33,ISO,1.5,1.0
ridge,PHASE1__Ma6_Kn0.33_ISO_hphs1.5_Tw1,R0p10,tau_abs,0.4248942139174019,6.0,0.33,ISO,1.5,1.0
ridge,PHASE1__Ma6_Kn0.8_BWD_hphs1.5_Tw1,R0p10,Cp,1.0263067096042335,6.0,0.8,BWD,1.5,1.0
ridge,PHASE1__Ma6_Kn0.8_BWD_hphs1.5_Tw1,R0p10,Cq,0.5174420422243827,6.0,0.8,BWD,1.5,1.0
ridge,PHASE1__Ma6_Kn0.8_BWD_hphs1.5_Tw1,R0p10,tau_abs,0.5079510222895663,6.0,0.8,BWD,1.5,1.0
ridge,PHASE1__Ma6_Kn0.8_FWD_hphs1.5_Tw1,R0p10,Cp,0.9812847691100928,6.0,0.8,FWD,1.5,1.0
ridge,PHASE1__Ma6_Kn0.8_FWD_hphs1.5_Tw1,R0p10,Cq,0.6014263622453878,6.0,0.8,FWD,1.5,1.0
ridge,PHASE1__Ma6_Kn0.8_FWD_hphs1.5_Tw1,R0p10,tau_abs,0.6809291425237253,6.0,0.8,FWD,1.5,1.0
ridge,PHASE1__Ma6_Kn0.8_ISO_hphs1.5_Tw1,R0p10,Cp,0.6125331765507414,6.0,0.8,ISO,1.5,1.0
ridge,PHASE1__Ma6_Kn0.8_ISO_hphs1.5_Tw1,R0p10,Cq,0.47132532490649465,6.0,0.8,ISO,1.5,1.0
ridge,PHASE1__Ma6_Kn0.8_ISO_hphs1.5_Tw1,R0p10,tau_abs,0.7975080071778922,6.0,0.8,ISO,1.5,1.0
ridge,PHASE1__Ma8_Kn0.1_BWD_hphs1.5_Tw1,R0p10,Cp,0.20586236129627308,8.0,0.1,BWD,1.5,1.0
ridge,PHASE1__Ma8_Kn0.1_BWD_hphs1.5_Tw1,R0p10,Cq,0.2212546201298575,8.0,0.1,BWD,1.5,1.0
ridge,PHASE1__Ma8_Kn0.1_BWD_hphs1.5_Tw1,R0p10,tau_abs,0.48539518796042974,8.0,0.1,BWD,1.5,1.0
ridge,PHASE1__Ma8_Kn0.1_FWD_hphs1.5_Tw1,R0p10,Cp,0.4404888257380087,8.0,0.1,FWD,1.5,1.0
ridge,PHASE1__Ma8_Kn0.1_FWD_hphs1.5_Tw1,R0p10,Cq,0.3572218407419259,8.0,0.1,FWD,1.5,1.0
ridge,PHASE1__Ma8_Kn0.1_FWD_hphs1.5_Tw1,R0p10,tau_abs,0.584629522082108,8.0,0.1,FWD,1.5,1.0
ridge,PHASE1__Ma8_Kn0.1_ISO_hphs1.5_Tw1,R0p10,Cp,0.2571593602829728,8.0,0.1,ISO,1.5,1.0
ridge,PHASE1__Ma8_Kn0.1_ISO_hphs1.5_Tw1,R0p10,Cq,0.22851028389580869,8.0,0.1,ISO,1.5,1.0
ridge,PHASE1__Ma8_Kn0.1_ISO_hphs1.5_Tw1,R0p10,tau_abs,0.5523741466851908,8.0,0.1,ISO,1.5,1.0
ridge,PHASE1__Ma8_Kn0.33_BWD_hphs1.5_Tw1,R0p10,Cp,0.3466046040884782,8.0,0.33,BWD,1.5,1.0
ridge,PHASE1__Ma8_Kn0.33_BWD_hphs1.5_Tw1,R0p10,Cq,0.08589689192535645,8.0,0.33,BWD,1.5,1.0
ridge,PHASE1__Ma8_Kn0.33_BWD_hphs1.5_Tw1,R0p10,tau_abs,0.2729722508254835,8.0,0.33,BWD,1.5,1.0
ridge,PHASE1__Ma8_Kn0.33_FWD_hphs1.5_Tw1,R0p10,Cp,0.35674851920846146,8.0,0.33,FWD,1.5,1.0
ridge,PHASE1__Ma8_Kn0.33_FWD_hphs1.5_Tw1,R0p10,Cq,0.2125669070781479,8.0,0.33,FWD,1.5,1.0
ridge,PHASE1__Ma8_Kn0.33_FWD_hphs1.5_Tw1,R0p10,tau_abs,0.7379061441407804,8.0,0.33,FWD,1.5,1.0
ridge,PHASE1__Ma8_Kn0.33_ISO_hphs1.5_Tw1,R0p10,Cp,0.2328917237799162,8.0,0.33,ISO,1.5,1.0
ridge,PHASE1__Ma8_Kn0.33_ISO_hphs1.5_Tw1,R0p10,Cq,0.1055977329835454,8.0,0.33,ISO,1.5,1.0
ridge,PHASE1__Ma8_Kn0.33_ISO_hphs1.5_Tw1,R0p10,tau_abs,0.32342926578100417,8.0,0.33,ISO,1.5,1.0
ridge,PHASE1__Ma8_Kn0.8_BWD_hphs1.5_Tw1,R0p10,Cp,0.9833577748797675,8.0,0.8,BWD,1.5,1.0
ridge,PHASE1__Ma8_Kn0.8_BWD_hphs1.5_Tw1,R0p10,Cq,0.4592703515174635,8.0,0.8,BWD,1.5,1.0
ridge,PHASE1__Ma8_Kn0.8_BWD_hphs1.5_Tw1,R0p10,tau_abs,0.34241653466426986,8.0,0.8,BWD,1.5,1.0
ridge,PHASE1__Ma8_Kn0.8_FWD_hphs1.5_Tw1,R0p10,Cp,0.817585247436459,8.0,0.8,FWD,1.5,1.0
ridge,PHASE1__Ma8_Kn0.8_FWD_hphs1.5_Tw1,R0p10,Cq,0.5118071125377356,8.0,0.8,FWD,1.5,1.0
ridge,PHASE1__Ma8_Kn0.8_FWD_hphs1.5_Tw1,R0p10,tau_abs,0.7215550986398208,8.0,0.8,FWD,1.5,1.0
ridge,PHASE1__Ma8_Kn0.8_ISO_hphs1.5_Tw1,R0p10,Cp,0.5891495806739248,8.0,0.8,ISO,1.5,1.0
ridge,PHASE1__Ma8_Kn0.8_ISO_hphs1.5_Tw1,R0p10,Cq,0.36069067478616884,8.0,0.8,ISO,1.5,1.0
ridge,PHASE1__Ma8_Kn0.8_ISO_hphs1.5_Tw1,R0p10,tau_abs,0.4303712621274381,8.0,0.8,ISO,1.5,1.0
ridge,PHASE1__Ma4_Kn0.1_BWD_hphs1.5_Tw1,R0p20,Cp,0.333488725483916,4.0,0.1,BWD,1.5,1.0
ridge,PHASE1__Ma4_Kn0.1_BWD_hphs1.5_Tw1,R0p20,Cq,0.8907973339427954,4.0,0.1,BWD,1.5,1.0
ridge,PHASE1__Ma4_Kn0.1_BWD_hphs1.5_Tw1,R0p20,tau_abs,0.3568446129419513,4.0,0.1,BWD,1.5,1.0
ridge,PHASE1__Ma4_Kn0.1_FWD_hphs1.5_Tw1,R0p20,Cp,0.5267988895665208,4.0,0.1,FWD,1.5,1.0
ridge,PHASE1__Ma4_Kn0.1_FWD_hphs1.5_Tw1,R0p20,Cq,0.854014474139845,4.0,0.1,FWD,1.5,1.0
ridge,PHASE1__Ma4_Kn0.1_FWD_hphs1.5_Tw1,R0p20,tau_abs,0.7593424503069107,4.0,0.1,FWD,1.5,1.0
ridge,PHASE1__Ma4_Kn0.1_ISO_hphs1.5_Tw1,R0p20,Cp,0.28496502568658505,4.0,0.1,ISO,1.5,1.0
ridge,PHASE1__Ma4_Kn0.1_ISO_hphs1.5_Tw1,R0p20,Cq,0.6332315300704145,4.0,0.1,ISO,1.5,1.0
ridge,PHASE1__Ma4_Kn0.1_ISO_hphs1.5_Tw1,R0p20,tau_abs,0.6958085483609762,4.0,0.1,ISO,1.5,1.0
ridge,PHASE1__Ma4_Kn0.33_BWD_hphs1.5_Tw1,R0p20,Cp,1.0218855880521898,4.0,0.33,BWD,1.5,1.0
ridge,PHASE1__Ma4_Kn0.33_BWD_hphs1.5_Tw1,R0p20,Cq,1.038486586920775,4.0,0.33,BWD,1.5,1.0
ridge,PHASE1__Ma4_Kn0.33_BWD_hphs1.5_Tw1,R0p20,tau_abs,0.6823771953100929,4.0,0.33,BWD,1.5,1.0
ridge,PHASE1__Ma4_Kn0.33_FWD_hphs1.5_Tw1,R0p20,Cp,0.8632082707576426,4.0,0.33,FWD,1.5,1.0
ridge,PHASE1__Ma4_Kn0.33_FWD_hphs1.5_Tw1,R0p20,Cq,0.8937731460169003,4.0,0.33,FWD,1.5,1.0
ridge,PHASE1__Ma4_Kn0.33_FWD_hphs1.5_Tw1,R0p20,tau_abs,1.4734563287826736,4.0,0.33,FWD,1.5,1.0
ridge,PHASE1__Ma4_Kn0.33_ISO_hphs1.5_Tw1,R0p20,Cp,0.6619804165846586,4.0,0.33,ISO,1.5,1.0
ridge,PHASE1__Ma4_Kn0.33_ISO_hphs1.5_Tw1,R0p20,Cq,0.701561434507918,4.0,0.33,ISO,1.5,1.0
ridge,PHASE1__Ma4_Kn0.33_ISO_hphs1.5_Tw1,R0p20,tau_abs,1.275746062226427,4.0,0.33,ISO,1.5,1.0
ridge,PHASE1__Ma4_Kn0.8_BWD_hphs1.5_Tw1,R0p20,Cp,3.0257248034395237,4.0,0.8,BWD,1.5,1.0
ridge,PHASE1__Ma4_Kn0.8_BWD_hphs1.5_Tw1,R0p20,Cq,1.4288867424161495,4.0,0.8,BWD,1.5,1.0
ridge,PHASE1__Ma4_Kn0.8_BWD_hphs1.5_Tw1,R0p20,tau_abs,1.3164872118189006,4.0,0.8,BWD,1.5,1.0
ridge,PHASE1__Ma4_Kn0.8_FWD_hphs1.5_Tw1,R0p20,Cp,1.9124920502555725,4.0,0.8,FWD,1.5,1.0
ridge,PHASE1__Ma4_Kn0.8_FWD_hphs1.5_Tw1,R0p20,Cq,1.3322676770892397,4.0,0.8,FWD,1.5,1.0
ridge,PHASE1__Ma4_Kn0.8_FWD_hphs1.5_Tw1,R0p20,tau_abs,1.5542710747604251,4.0,0.8,FWD,1.5,1.0
ridge,PHASE1__Ma4_Kn0.8_ISO_hphs1.5_Tw1,R0p20,Cp,1.64895860512164,4.0,0.8,ISO,1.5,1.0
ridge,PHASE1__Ma4_Kn0.8_ISO_hphs1.5_Tw1,R0p20,Cq,1.0925136301904046,4.0,0.8,ISO,1.5,1.0
ridge,PHASE1__Ma4_Kn0.8_ISO_hphs1.5_Tw1,R0p20,tau_abs,1.9824203201670194,4.0,0.8,ISO,1.5,1.0
ridge,PHASE1__Ma6_Kn0.1_BWD_hphs1.5_Tw1,R0p20,Cp,0.2245048211175891,6.0,0.1,BWD,1.5,1.0
ridge,PHASE1__Ma6_Kn0.1_BWD_hphs1.5_Tw1,R0p20,Cq,0.2651125451415509,6.0,0.1,BWD,1.5,1.0
ridge,PHASE1__Ma6_Kn0.1_BWD_hphs1.5_Tw1,R0p20,tau_abs,0.34409732512971947,6.0,0.1,BWD,1.5,1.0
ridge,PHASE1__Ma6_Kn0.1_FWD_hphs1.5_Tw1,R0p20,Cp,0.2894471981212634,6.0,0.1,FWD,1.5,1.0
ridge,PHASE1__Ma6_Kn0.1_FWD_hphs1.5_Tw1,R0p20,Cq,0.21787000500909878,6.0,0.1,FWD,1.5,1.0
ridge,PHASE1__Ma6_Kn0.1_FWD_hphs1.5_Tw1,R0p20,tau_abs,0.5144777321230128,6.0,0.1,FWD,1.5,1.0
ridge,PHASE1__Ma6_Kn0.1_ISO_hphs1.5_Tw1,R0p20,Cp,0.13974797945489492,6.0,0.1,ISO,1.5,1.0
ridge,PHASE1__Ma6_Kn0.1_ISO_hphs1.5_Tw1,R0p20,Cq,0.23813340829068477,6.0,0.1,ISO,1.5,1.0
ridge,PHASE1__Ma6_Kn0.1_ISO_hphs1.5_Tw1,R0p20,tau_abs,0.49046387014649534,6.0,0.1,ISO,1.5,1.0
ridge,PHASE1__Ma6_Kn0.33_BWD_hphs1.5_Tw1,R0p20,Cp,0.28750740975334993,6.0,0.33,BWD,1.5,1.0
ridge,PHASE1__Ma6_Kn0.33_BWD_hphs1.5_Tw1,R0p20,Cq,0.18073569467030248,6.0,0.33,BWD,1.5,1.0
ridge,PHASE1__Ma6_Kn0.33_BWD_hphs1.5_Tw1,R0p20,tau_abs,0.15852037992828416,6.0,0.33,BWD,1.5,1.0
ridge,PHASE1__Ma6_Kn0.33_FWD_hphs1.5_Tw1,R0p20,Cp,0.24864504283133174,6.0,0.33,FWD,1.5,1.0
ridge,PHASE1__Ma6_Kn0.33_FWD_hphs1.5_Tw1,R0p20,Cq,0.28309751308352854,6.0,0.33,FWD,1.5,1.0
ridge,PHASE1__Ma6_Kn0.33_FWD_hphs1.5_Tw1,R0p20,tau_abs,0.6103125685461666,6.0,0.33,FWD,1.5,1.0
ridge,PHASE1__Ma6_Kn0.33_ISO_hphs1.5_Tw1,R0p20,Cp,0.29766392996106056,6.0,0.33,ISO,1.5,1.0
ridge,PHASE1__Ma6_Kn0.33_ISO_hphs1.5_Tw1,R0p20,Cq,0.3637364372029351,6.0,0.33,ISO,1.5,1.0
ridge,PHASE1__Ma6_Kn0.33_ISO_hphs1.5_Tw1,R0p20,tau_abs,0.504098082344533,6.0,0.33,ISO,1.5,1.0
ridge,PHASE1__Ma6_Kn0.8_BWD_hphs1.5_Tw1,R0p20,Cp,0.942289350934848,6.0,0.8,BWD,1.5,1.0
ridge,PHASE1__Ma6_Kn0.8_BWD_hphs1.5_Tw1,R0p20,Cq,0.3435714394001253,6.0,0.8,BWD,1.5,1.0
ridge,PHASE1__Ma6_Kn0.8_BWD_hphs1.5_Tw1,R0p20,tau_abs,0.5359614951673722,6.0,0.8,BWD,1.5,1.0
ridge,PHASE1__Ma6_Kn0.8_FWD_hphs1.5_Tw1,R0p20,Cp,0.8587206342929867,6.0,0.8,FWD,1.5,1.0
ridge,PHASE1__Ma6_Kn0.8_FWD_hphs1.5_Tw1,R0p20,Cq,0.5320820427390286,6.0,0.8,FWD,1.5,1.0
ridge,PHASE1__Ma6_Kn0.8_FWD_hphs1.5_Tw1,R0p20,tau_abs,0.6529686934978182,6.0,0.8,FWD,1.5,1.0
ridge,PHASE1__Ma6_Kn0.8_ISO_hphs1.5_Tw1,R0p20,Cp,0.5426709634271577,6.0,0.8,ISO,1.5,1.0
ridge,PHASE1__Ma6_Kn0.8_ISO_hphs1.5_Tw1,R0p20,Cq,0.40901232222806727,6.0,0.8,ISO,1.5,1.0
ridge,PHASE1__Ma6_Kn0.8_ISO_hphs1.5_Tw1,R0p20,tau_abs,0.7114056653484017,6.0,0.8,ISO,1.5,1.0
ridge,PHASE1__Ma8_Kn0.1_BWD_hphs1.5_Tw1,R0p20,Cp,0.18199018494101768,8.0,0.1,BWD,1.5,1.0
ridge,PHASE1__Ma8_Kn0.1_BWD_hphs1.5_Tw1,R0p20,Cq,0.1912817410579079,8.0,0.1,BWD,1.5,1.0
ridge,PHASE1__Ma8_Kn0.1_BWD_hphs1.5_Tw1,R0p20,tau_abs,0.4737115081319505,8.0,0.1,BWD,1.5,1.0
ridge,PHASE1__Ma8_Kn0.1_FWD_hphs1.5_Tw1,R0p20,Cp,0.4364036590588214,8.0,0.1,FWD,1.5,1.0
ridge,PHASE1__Ma8_Kn0.1_FWD_hphs1.5_Tw1,R0p20,Cq,0.34951669685458653,8.0,0.1,FWD,1.5,1.0
ridge,PHASE1__Ma8_Kn0.1_FWD_hphs1.5_Tw1,R0p20,tau_abs,0.5642745914156082,8.0,0.1,FWD,1.5,1.0
ridge,PHASE1__Ma8_Kn0.1_ISO_hphs1.5_Tw1,R0p20,Cp,0.21163249640850115,8.0,0.1,ISO,1.5,1.0
ridge,PHASE1__Ma8_Kn0.1_ISO_hphs1.5_Tw1,R0p20,Cq,0.2059448111633242,8.0,0.1,ISO,1.5,1.0
ridge,PHASE1__Ma8_Kn0.1_ISO_hphs1.5_Tw1,R0p20,tau_abs,0.5388918350711518,8.0,0.1,ISO,1.5,1.0
ridge,PHASE1__Ma8_Kn0.33_BWD_hphs1.5_Tw1,R0p20,Cp,0.3679459127927051,8.0,0.33,BWD,1.5,1.0
ridge,PHASE1__Ma8_Kn0.33_BWD_hphs1.5_Tw1,R0p20,Cq,0.10847968139111061,8.0,0.33,BWD,1.5,1.0
ridge,PHASE1__Ma8_Kn0.33_BWD_hphs1.5_Tw1,R0p20,tau_abs,0.29072248530558825,8.0,0.33,BWD,1.5,1.0
ridge,PHASE1__Ma8_Kn0.33_FWD_hphs1.5_Tw1,R0p20,Cp,0.2780601954032997,8.0,0.33,FWD,1.5,1.0
ridge,PHASE1__Ma8_Kn0.33_FWD_hphs1.5_Tw1,R0p20,Cq,0.16138782729987777,8.0,0.33,FWD,1.5,1.0
ridge,PHASE1__Ma8_Kn0.33_FWD_hphs1.5_Tw1,R0p20,tau_abs,0.9914946286167978,8.0,0.33,FWD,1.5,1.0
ridge,PHASE1__Ma8_Kn0.33_ISO_hphs1.5_Tw1,R0p20,Cp,0.31204281402382916,8.0,0.33,ISO,1.5,1.0
ridge,PHASE1__Ma8_Kn0.33_ISO_hphs1.5_Tw1,R0p20,Cq,0.09153183498936049,8.0,0.33,ISO,1.5,1.0
ridge,PHASE1__Ma8_Kn0.33_ISO_hphs1.5_Tw1,R0p20,tau_abs,0.35721388800193105,8.0,0.33,ISO,1.5,1.0
ridge,PHASE1__Ma8_Kn0.8_BWD_hphs1.5_Tw1,R0p20,Cp,0.8624773787544232,8.0,0.8,BWD,1.5,1.0
ridge,PHASE1__Ma8_Kn0.8_BWD_hphs1.5_Tw1,R0p20,Cq,0.36259909183457995,8.0,0.8,BWD,1.5,1.0
ridge,PHASE1__Ma8_Kn0.8_BWD_hphs1.5_Tw1,R0p20,tau_abs,0.40081250489839576,8.0,0.8,BWD,1.5,1.0
ridge,PHASE1__Ma8_Kn0.8_FWD_hphs1.5_Tw1,R0p20,Cp,0.7001825287132436,8.0,0.8,FWD,1.5,1.0
ridge,PHASE1__Ma8_Kn0.8_FWD_hphs1.5_Tw1,R0p20,Cq,0.43415528105899404,8.0,0.8,FWD,1.5,1.0
ridge,PHASE1__Ma8_Kn0.8_FWD_hphs1.5_Tw1,R0p20,tau_abs,0.6775968017219598,8.0,0.8,FWD,1.5,1.0
ridge,PHASE1__Ma8_Kn0.8_ISO_hphs1.5_Tw1,R0p20,Cp,0.6532125148302351,8.0,0.8,ISO,1.5,1.0
ridge,PHASE1__Ma8_Kn0.8_ISO_hphs1.5_Tw1,R0p20,Cq,0.35877557892532175,8.0,0.8,ISO,1.5,1.0
ridge,PHASE1__Ma8_Kn0.8_ISO_hphs1.5_Tw1,R0p20,tau_abs,0.38105359423875673,8.0,0.8,ISO,1.5,1.0
ridge,PHASE1__Ma4_Kn0.1_BWD_hphs1.5_Tw1,R0p35,Cp,0.3919442995367389,4.0,0.1,BWD,1.5,1.0
ridge,PHASE1__Ma4_Kn0.1_BWD_hphs1.5_Tw1,R0p35,Cq,0.8989373745840857,4.0,0.1,BWD,1.5,1.0
ridge,PHASE1__Ma4_Kn0.1_BWD_hphs1.5_Tw1,R0p35,tau_abs,0.28007701997083884,4.0,0.1,BWD,1.5,1.0
ridge,PHASE1__Ma4_Kn0.1_FWD_hphs1.5_Tw1,R0p35,Cp,0.5268987013553976,4.0,0.1,FWD,1.5,1.0
ridge,PHASE1__Ma4_Kn0.1_FWD_hphs1.5_Tw1,R0p35,Cq,0.7611960751637222,4.0,0.1,FWD,1.5,1.0
ridge,PHASE1__Ma4_Kn0.1_FWD_hphs1.5_Tw1,R0p35,tau_abs,0.787788015861799,4.0,0.1,FWD,1.5,1.0
ridge,PHASE1__Ma4_Kn0.1_ISO_hphs1.5_Tw1,R0p35,Cp,0.381304215463785,4.0,0.1,ISO,1.5,1.0
ridge,PHASE1__Ma4_Kn0.1_ISO_hphs1.5_Tw1,R0p35,Cq,0.5784599852024015,4.0,0.1,ISO,1.5,1.0
ridge,PHASE1__Ma4_Kn0.1_ISO_hphs1.5_Tw1,R0p35,tau_abs,0.5745719375652449,4.0,0.1,ISO,1.5,1.0
ridge,PHASE1__Ma4_Kn0.33_BWD_hphs1.5_Tw1,R0p35,Cp,0.8603448555554111,4.0,0.33,BWD,1.5,1.0
ridge,PHASE1__Ma4_Kn0.33_BWD_hphs1.5_Tw1,R0p35,Cq,1.1830633702902917,4.0,0.33,BWD,1.5,1.0
ridge,PHASE1__Ma4_Kn0.33_BWD_hphs1.5_Tw1,R0p35,tau_abs,0.5237900566204282,4.0,0.33,BWD,1.5,1.0
ridge,PHASE1__Ma4_Kn0.33_FWD_hphs1.5_Tw1,R0p35,Cp,0.7931490522216457,4.0,0.33,FWD,1.5,1.0
ridge,PHASE1__Ma4_Kn0.33_FWD_hphs1.5_Tw1,R0p35,Cq,0.9550471369218041,4.0,0.33,FWD,1.5,1.0
ridge,PHASE1__Ma4_Kn0.33_FWD_hphs1.5_Tw1,R0p35,tau_abs,1.779151875899908,4.0,0.33,FWD,1.5,1.0
ridge,PHASE1__Ma4_Kn0.33_ISO_hphs1.5_Tw1,R0p35,Cp,0.5384127838747887,4.0,0.33,ISO,1.5,1.0
ridge,PHASE1__Ma4_Kn0.33_ISO_hphs1.5_Tw1,R0p35,Cq,0.6779968190537691,4.0,0.33,ISO,1.5,1.0
ridge,PHASE1__Ma4_Kn0.33_ISO_hphs1.5_Tw1,R0p35,tau_abs,1.1722836712043117,4.0,0.33,ISO,1.5,1.0
ridge,PHASE1__Ma4_Kn0.8_BWD_hphs1.5_Tw1,R0p35,Cp,3.0722355403808503,4.0,0.8,BWD,1.5,1.0
ridge,PHASE1__Ma4_Kn0.8_BWD_hphs1.5_Tw1,R0p35,Cq,1.7589546094590367,4.0,0.8,BWD,1.5,1.0
ridge,PHASE1__Ma4_Kn0.8_BWD_hphs1.5_Tw1,R0p35,tau_abs,1.1519721534235223,4.0,0.8,BWD,1.5,1.0
ridge,PHASE1__Ma4_Kn0.8_FWD_hphs1.5_Tw1,R0p35,Cp,1.6481329339997322,4.0,0.8,FWD,1.5,1.0
ridge,PHASE1__Ma4_Kn0.8_FWD_hphs1.5_Tw1,R0p35,Cq,1.3248529945551224,4.0,0.8,FWD,1.5,1.0
ridge,PHASE1__Ma4_Kn0.8_FWD_hphs1.5_Tw1,R0p35,tau_abs,2.1097645021258553,4.0,0.8,FWD,1.5,1.0
ridge,PHASE1__Ma4_Kn0.8_ISO_hphs1.5_Tw1,R0p35,Cp,1.6276566703147821,4.0,0.8,ISO,1.5,1.0
ridge,PHASE1__Ma4_Kn0.8_ISO_hphs1.5_Tw1,R0p35,Cq,1.0442301233574853,4.0,0.8,ISO,1.5,1.0
ridge,PHASE1__Ma4_Kn0.8_ISO_hphs1.5_Tw1,R0p35,tau_abs,1.8247367292306147,4.0,0.8,ISO,1.5,1.0
ridge,PHASE1__Ma6_Kn0.1_BWD_hphs1.5_Tw1,R0p35,Cp,0.22339618860019597,6.0,0.1,BWD,1.5,1.0
ridge,PHASE1__Ma6_Kn0.1_BWD_hphs1.5_Tw1,R0p35,Cq,0.20517354632621101,6.0,0.1,BWD,1.5,1.0
ridge,PHASE1__Ma6_Kn0.1_BWD_hphs1.5_Tw1,R0p35,tau_abs,0.3164345366058066,6.0,0.1,BWD,1.5,1.0
ridge,PHASE1__Ma6_Kn0.1_FWD_hphs1.5_Tw1,R0p35,Cp,0.2610024440279458,6.0,0.1,FWD,1.5,1.0
ridge,PHASE1__Ma6_Kn0.1_FWD_hphs1.5_Tw1,R0p35,Cq,0.20370046733505595,6.0,0.1,FWD,1.5,1.0
ridge,PHASE1__Ma6_Kn0.1_FWD_hphs1.5_Tw1,R0p35,tau_abs,0.4242593368861325,6.0,0.1,FWD,1.5,1.0
ridge,PHASE1__Ma6_Kn0.1_ISO_hphs1.5_Tw1,R0p35,Cp,0.12463641609662031,6.0,0.1,ISO,1.5,1.0
ridge,PHASE1__Ma6_Kn0.1_ISO_hphs1.5_Tw1,R0p35,Cq,0.21173805334187906,6.0,0.1,ISO,1.5,1.0
ridge,PHASE1__Ma6_Kn0.1_ISO_hphs1.5_Tw1,R0p35,tau_abs,0.4957867420568955,6.0,0.1,ISO,1.5,1.0
ridge,PHASE1__Ma6_Kn0.33_BWD_hphs1.5_Tw1,R0p35,Cp,0.22486304779232835,6.0,0.33,BWD,1.5,1.0
ridge,PHASE1__Ma6_Kn0.33_BWD_hphs1.5_Tw1,R0p35,Cq,0.2070648535336169,6.0,0.33,BWD,1.5,1.0
ridge,PHASE1__Ma6_Kn0.33_BWD_hphs1.5_Tw1,R0p35,tau_abs,0.1622745414880996,6.0,0.33,BWD,1.5,1.0
ridge,PHASE1__Ma6_Kn0.33_FWD_hphs1.5_Tw1,R0p35,Cp,0.2640701025713594,6.0,0.33,FWD,1.5,1.0
ridge,PHASE1__Ma6_Kn0.33_FWD_hphs1.5_Tw1,R0p35,Cq,0.3398437279068669,6.0,0.33,FWD,1.5,1.0
ridge,PHASE1__Ma6_Kn0.33_FWD_hphs1.5_Tw1,R0p35,tau_abs,0.641419895862777,6.0,0.33,FWD,1.5,1.0
ridge,PHASE1__Ma6_Kn0.33_ISO_hphs1.5_Tw1,R0p35,Cp,0.2938697696414702,6.0,0.33,ISO,1.5,1.0
ridge,PHASE1__Ma6_Kn0.33_ISO_hphs1.5_Tw1,R0p35,Cq,0.36591717993605166,6.0,0.33,ISO,1.5,1.0
ridge,PHASE1__Ma6_Kn0.33_ISO_hphs1.5_Tw1,R0p35,tau_abs,0.4647824755464794,6.0,0.33,ISO,1.5,1.0
ridge,PHASE1__Ma6_Kn0.8_BWD_hphs1.5_Tw1,R0p35,Cp,1.121821608974366,6.0,0.8,BWD,1.5,1.0
ridge,PHASE1__Ma6_Kn0.8_BWD_hphs1.5_Tw1,R0p35,Cq,0.3526428153287098,6.0,0.8,BWD,1.5,1.0
ridge,PHASE1__Ma6_Kn0.8_BWD_hphs1.5_Tw1,R0p35,tau_abs,0.5399593976508954,6.0,0.8,BWD,1.5,1.0
ridge,PHASE1__Ma6_Kn0.8_FWD_hphs1.5_Tw1,R0p35,Cp,0.7076550735401,6.0,0.8,FWD,1.5,1.0
ridge,PHASE1__Ma6_Kn0.8_FWD_hphs1.5_Tw1,R0p35,Cq,0.5288968080003879,6.0,0.8,FWD,1.5,1.0
ridge,PHASE1__Ma6_Kn0.8_FWD_hphs1.5_Tw1,R0p35,tau_abs,0.6857819407265798,6.0,0.8,FWD,1.5,1.0
ridge,PHASE1__Ma6_Kn0.8_ISO_hphs1.5_Tw1,R0p35,Cp,0.4758905689045057,6.0,0.8,ISO,1.5,1.0
ridge,PHASE1__Ma6_Kn0.8_ISO_hphs1.5_Tw1,R0p35,Cq,0.44217079362348927,6.0,0.8,ISO,1.5,1.0
ridge,PHASE1__Ma6_Kn0.8_ISO_hphs1.5_Tw1,R0p35,tau_abs,0.6869949195818492,6.0,0.8,ISO,1.5,1.0
ridge,PHASE1__Ma8_Kn0.1_BWD_hphs1.5_Tw1,R0p35,Cp,0.20169796885593458,8.0,0.1,BWD,1.5,1.0
ridge,PHASE1__Ma8_Kn0.1_BWD_hphs1.5_Tw1,R0p35,Cq,0.22930395074098125,8.0,0.1,BWD,1.5,1.0
ridge,PHASE1__Ma8_Kn0.1_BWD_hphs1.5_Tw1,R0p35,tau_abs,0.45887243316786674,8.0,0.1,BWD,1.5,1.0
ridge,PHASE1__Ma8_Kn0.1_FWD_hphs1.5_Tw1,R0p35,Cp,0.4200714513372794,8.0,0.1,FWD,1.5,1.0
ridge,PHASE1__Ma8_Kn0.1_FWD_hphs1.5_Tw1,R0p35,Cq,0.36236166984153423,8.0,0.1,FWD,1.5,1.0
ridge,PHASE1__Ma8_Kn0.1_FWD_hphs1.5_Tw1,R0p35,tau_abs,0.4956475450606603,8.0,0.1,FWD,1.5,1.0
ridge,PHASE1__Ma8_Kn0.1_ISO_hphs1.5_Tw1,R0p35,Cp,0.2194469281516093,8.0,0.1,ISO,1.5,1.0
ridge,PHASE1__Ma8_Kn0.1_ISO_hphs1.5_Tw1,R0p35,Cq,0.23715213292499443,8.0,0.1,ISO,1.5,1.0
ridge,PHASE1__Ma8_Kn0.1_ISO_hphs1.5_Tw1,R0p35,tau_abs,0.5223756723560425,8.0,0.1,ISO,1.5,1.0
ridge,PHASE1__Ma8_Kn0.33_BWD_hphs1.5_Tw1,R0p35,Cp,0.4260050785206588,8.0,0.33,BWD,1.5,1.0
ridge,PHASE1__Ma8_Kn0.33_BWD_hphs1.5_Tw1,R0p35,Cq,0.13407694221797822,8.0,0.33,BWD,1.5,1.0
ridge,PHASE1__Ma8_Kn0.33_BWD_hphs1.5_Tw1,R0p35,tau_abs,0.25571133177742394,8.0,0.33,BWD,1.5,1.0
ridge,PHASE1__Ma8_Kn0.33_FWD_hphs1.5_Tw1,R0p35,Cp,0.22872725359772286,8.0,0.33,FWD,1.5,1.0
ridge,PHASE1__Ma8_Kn0.33_FWD_hphs1.5_Tw1,R0p35,Cq,0.14225438254069456,8.0,0.33,FWD,1.5,1.0
ridge,PHASE1__Ma8_Kn0.33_FWD_hphs1.5_Tw1,R0p35,tau_abs,0.924377178502936,8.0,0.33,FWD,1.5,1.0
ridge,PHASE1__Ma8_Kn0.33_ISO_hphs1.5_Tw1,R0p35,Cp,0.36571697767541417,8.0,0.33,ISO,1.5,1.0
ridge,PHASE1__Ma8_Kn0.33_ISO_hphs1.5_Tw1,R0p35,Cq,0.09078608824613178,8.0,0.33,ISO,1.5,1.0
ridge,PHASE1__Ma8_Kn0.33_ISO_hphs1.5_Tw1,R0p35,tau_abs,0.3527056264920367,8.0,0.33,ISO,1.5,1.0
ridge,PHASE1__Ma8_Kn0.8_BWD_hphs1.5_Tw1,R0p35,Cp,0.8569062404566146,8.0,0.8,BWD,1.5,1.0
ridge,PHASE1__Ma8_Kn0.8_BWD_hphs1.5_Tw1,R0p35,Cq,0.33858374579286105,8.0,0.8,BWD,1.5,1.0
ridge,PHASE1__Ma8_Kn0.8_BWD_hphs1.5_Tw1,R0p35,tau_abs,0.40679413543038434,8.0,0.8,BWD,1.5,1.0
ridge,PHASE1__Ma8_Kn0.8_FWD_hphs1.5_Tw1,R0p35,Cp,0.6899942857484687,8.0,0.8,FWD,1.5,1.0
ridge,PHASE1__Ma8_Kn0.8_FWD_hphs1.5_Tw1,R0p35,Cq,0.37368534735498865,8.0,0.8,FWD,1.5,1.0
ridge,PHASE1__Ma8_Kn0.8_FWD_hphs1.5_Tw1,R0p35,tau_abs,0.5877052771469069,8.0,0.8,FWD,1.5,1.0
ridge,PHASE1__Ma8_Kn0.8_ISO_hphs1.5_Tw1,R0p35,Cp,0.6542251153639551,8.0,0.8,ISO,1.5,1.0
ridge,PHASE1__Ma8_Kn0.8_ISO_hphs1.5_Tw1,R0p35,Cq,0.27906890135249146,8.0,0.8,ISO,1.5,1.0
ridge,PHASE1__Ma8_Kn0.8_ISO_hphs1.5_Tw1,R0p35,tau_abs,0.33546214262287294,8.0,0.8,ISO,1.5,1.0
ridge,PHASE1__Ma4_Kn0.1_BWD_hphs1.5_Tw1,R0p50,Cp,0.4573769436499801,4.0,0.1,BWD,1.5,1.0
ridge,PHASE1__Ma4_Kn0.1_BWD_hphs1.5_Tw1,R0p50,Cq,0.8487025421152737,4.0,0.1,BWD,1.5,1.0
ridge,PHASE1__Ma4_Kn0.1_BWD_hphs1.5_Tw1,R0p50,tau_abs,0.22056794842556512,4.0,0.1,BWD,1.5,1.0
ridge,PHASE1__Ma4_Kn0.1_FWD_hphs1.5_Tw1,R0p50,Cp,0.5332445741702666,4.0,0.1,FWD,1.5,1.0
ridge,PHASE1__Ma4_Kn0.1_FWD_hphs1.5_Tw1,R0p50,Cq,0.8589932520526185,4.0,0.1,FWD,1.5,1.0
ridge,PHASE1__Ma4_Kn0.1_FWD_hphs1.5_Tw1,R0p50,tau_abs,0.6321698445679563,4.0,0.1,FWD,1.5,1.0
ridge,PHASE1__Ma4_Kn0.1_ISO_hphs1.5_Tw1,R0p50,Cp,0.3815557954402842,4.0,0.1,ISO,1.5,1.0
ridge,PHASE1__Ma4_Kn0.1_ISO_hphs1.5_Tw1,R0p50,Cq,0.7165798623635907,4.0,0.1,ISO,1.5,1.0
ridge,PHASE1__Ma4_Kn0.1_ISO_hphs1.5_Tw1,R0p50,tau_abs,0.5375789553310962,4.0,0.1,ISO,1.5,1.0
ridge,PHASE1__Ma4_Kn0.33_BWD_hphs1.5_Tw1,R0p50,Cp,0.7154629902198563,4.0,0.33,BWD,1.5,1.0
ridge,PHASE1__Ma4_Kn0.33_BWD_hphs1.5_Tw1,R0p50,Cq,1.3602925369425545,4.0,0.33,BWD,1.5,1.0
ridge,PHASE1__Ma4_Kn0.33_BWD_hphs1.5_Tw1,R0p50,tau_abs,0.4159778841153844,4.0,0.33,BWD,1.5,1.0
ridge,PHASE1__Ma4_Kn0.33_FWD_hphs1.5_Tw1,R0p50,Cp,0.6644604761885692,4.0,0.33,FWD,1.5,1.0
ridge,PHASE1__Ma4_Kn0.33_FWD_hphs1.5_Tw1,R0p50,Cq,1.0784300074675628,4.0,0.33,FWD,1.5,1.0
ridge,PHASE1__Ma4_Kn0.33_FWD_hphs1.5_Tw1,R0p50,tau_abs,1.4533366728421067,4.0,0.33,FWD,1.5,1.0
ridge,PHASE1__Ma4_Kn0.33_ISO_hphs1.5_Tw1,R0p50,Cp,0.5065742350361178,4.0,0.33,ISO,1.5,1.0
ridge,PHASE1__Ma4_Kn0.33_ISO_hphs1.5_Tw1,R0p50,Cq,0.5935037812937625,4.0,0.33,ISO,1.5,1.0
ridge,PHASE1__Ma4_Kn0.33_ISO_hphs1.5_Tw1,R0p50,tau_abs,0.8990276313877006,4.0,0.33,ISO,1.5,1.0
ridge,PHASE1__Ma4_Kn0.8_BWD_hphs1.5_Tw1,R0p50,Cp,2.9353398427305866,4.0,0.8,BWD,1.5,1.0
ridge,PHASE1__Ma4_Kn0.8_BWD_hphs1.5_Tw1,R0p50,Cq,2.053663771385253,4.0,0.8,BWD,1.5,1.0
ridge,PHASE1__Ma4_Kn0.8_BWD_hphs1.5_Tw1,R0p50,tau_abs,0.9671951844059664,4.0,0.8,BWD,1.5,1.0
ridge,PHASE1__Ma4_Kn0.8_FWD_hphs1.5_Tw1,R0p50,Cp,1.368659676665175,4.0,0.8,FWD,1.5,1.0
ridge,PHASE1__Ma4_Kn0.8_FWD_hphs1.5_Tw1,R0p50,Cq,1.5897473894716767,4.0,0.8,FWD,1.5,1.0
ridge,PHASE1__Ma4_Kn0.8_FWD_hphs1.5_Tw1,R0p50,tau_abs,2.2480181486499595,4.0,0.8,FWD,1.5,1.0
ridge,PHASE1__Ma4_Kn0.8_ISO_hphs1.5_Tw1,R0p50,Cp,1.742868678170624,4.0,0.8,ISO,1.5,1.0
ridge,PHASE1__Ma4_Kn0.8_ISO_hphs1.5_Tw1,R0p50,Cq,1.2300847673417703,4.0,0.8,ISO,1.5,1.0
ridge,PHASE1__Ma4_Kn0.8_ISO_hphs1.5_Tw1,R0p50,tau_abs,1.5807258747236486,4.0,0.8,ISO,1.5,1.0
ridge,PHASE1__Ma6_Kn0.1_BWD_hphs1.5_Tw1,R0p50,Cp,0.24207629169168954,6.0,0.1,BWD,1.5,1.0
ridge,PHASE1__Ma6_Kn0.1_BWD_hphs1.5_Tw1,R0p50,Cq,0.18747809141874774,6.0,0.1,BWD,1.5,1.0
ridge,PHASE1__Ma6_Kn0.1_BWD_hphs1.5_Tw1,R0p50,tau_abs,0.29830853596954765,6.0,0.1,BWD,1.5,1.0
ridge,PHASE1__Ma6_Kn0.1_FWD_hphs1.5_Tw1,R0p50,Cp,0.23704027588910148,6.0,0.1,FWD,1.5,1.0
ridge,PHASE1__Ma6_Kn0.1_FWD_hphs1.5_Tw1,R0p50,Cq,0.22234530442402398,6.0,0.1,FWD,1.5,1.0
ridge,PHASE1__Ma6_Kn0.1_FWD_hphs1.5_Tw1,R0p50,tau_abs,0.3614381378121902,6.0,0.1,FWD,1.5,1.0
ridge,PHASE1__Ma6_Kn0.1_ISO_hphs1.5_Tw1,R0p50,Cp,0.10913971638815104,6.0,0.1,ISO,1.5,1.0
ridge,PHASE1__Ma6_Kn0.1_ISO_hphs1.5_Tw1,R0p50,Cq,0.1954150287236003,6.0,0.1,ISO,1.5,1.0
ridge,PHASE1__Ma6_Kn0.1_ISO_hphs1.5_Tw1,R0p50,tau_abs,0.5157848611430769,6.0,0.1,ISO,1.5,1.0
ridge,PHASE1__Ma6_Kn0.33_BWD_hphs1.5_Tw1,R0p50,Cp,0.21373156661736406,6.0,0.33,BWD,1.5,1.0
ridge,PHASE1__Ma6_Kn0.33_BWD_hphs1.5_Tw1,R0p50,Cq,0.2118314988089627,6.0,0.33,BWD,1.5,1.0
ridge,PHASE1__Ma6_Kn0.33_BWD_hphs1.5_Tw1,R0p50,tau_abs,0.16235596318057027,6.0,0.33,BWD,1.5,1.0
ridge,PHASE1__Ma6_Kn0.33_FWD_hphs1.5_Tw1,R0p50,Cp,0.2705336418772762,6.0,0.33,FWD,1.5,1.0
ridge,PHASE1__Ma6_Kn0.33_FWD_hphs1.5_Tw1,R0p50,Cq,0.39079991159412925,6.0,0.33,FWD,1.5,1.0
ridge,PHASE1__Ma6_Kn0.33_FWD_hphs1.5_Tw1,R0p50,tau_abs,0.47925926383892165,6.0,0.33,FWD,1.5,1.0
ridge,PHASE1__Ma6_Kn0.33_ISO_hphs1.5_Tw1,R0p50,Cp,0.29156901562822424,6.0,0.33,ISO,1.5,1.0
ridge,PHASE1__Ma6_Kn0.33_ISO_hphs1.5_Tw1,R0p50,Cq,0.34000621266192343,6.0,0.33,ISO,1.5,1.0
ridge,PHASE1__Ma6_Kn0.33_ISO_hphs1.5_Tw1,R0p50,tau_abs,0.40368724881119344,6.0,0.33,ISO,1.5,1.0
ridge,PHASE1__Ma6_Kn0.8_BWD_hphs1.5_Tw1,R0p50,Cp,1.1931701599270323,6.0,0.8,BWD,1.5,1.0
ridge,PHASE1__Ma6_Kn0.8_BWD_hphs1.5_Tw1,R0p50,Cq,0.38753809483051804,6.0,0.8,BWD,1.5,1.0
ridge,PHASE1__Ma6_Kn0.8_BWD_hphs1.5_Tw1,R0p50,tau_abs,0.5532871673612331,6.0,0.8,BWD,1.5,1.0
ridge,PHASE1__Ma6_Kn0.8_FWD_hphs1.5_Tw1,R0p50,Cp,0.6052138670716741,6.0,0.8,FWD,1.5,1.0
ridge,PHASE1__Ma6_Kn0.8_FWD_hphs1.5_Tw1,R0p50,Cq,0.5393744282679956,6.0,0.8,FWD,1.5,1.0
ridge,PHASE1__Ma6_Kn0.8_FWD_hphs1.5_Tw1,R0p50,tau_abs,0.5017164467810636,6.0,0.8,FWD,1.5,1.0
ridge,PHASE1__Ma6_Kn0.8_ISO_hphs1.5_Tw1,R0p50,Cp,0.5231669537123882,6.0,0.8,ISO,1.5,1.0
ridge,PHASE1__Ma6_Kn0.8_ISO_hphs1.5_Tw1,R0p50,Cq,0.46019760878234683,6.0,0.8,ISO,1.5,1.0
ridge,PHASE1__Ma6_Kn0.8_ISO_hphs1.5_Tw1,R0p50,tau_abs,0.614652696534119,6.0,0.8,ISO,1.5,1.0
ridge,PHASE1__Ma8_Kn0.1_BWD_hphs1.5_Tw1,R0p50,Cp,0.23814019658859686,8.0,0.1,BWD,1.5,1.0
ridge,PHASE1__Ma8_Kn0.1_BWD_hphs1.5_Tw1,R0p50,Cq,0.2431356519806597,8.0,0.1,BWD,1.5,1.0
ridge,PHASE1__Ma8_Kn0.1_BWD_hphs1.5_Tw1,R0p50,tau_abs,0.4382132579808378,8.0,0.1,BWD,1.5,1.0
ridge,PHASE1__Ma8_Kn0.1_FWD_hphs1.5_Tw1,R0p50,Cp,0.40828643474006504,8.0,0.1,FWD,1.5,1.0
ridge,PHASE1__Ma8_Kn0.1_FWD_hphs1.5_Tw1,R0p50,Cq,0.378388608554315,8.0,0.1,FWD,1.5,1.0
ridge,PHASE1__Ma8_Kn0.1_FWD_hphs1.5_Tw1,R0p50,tau_abs,0.42612045609411775,8.0,0.1,FWD,1.5,1.0
ridge,PHASE1__Ma8_Kn0.1_ISO_hphs1.5_Tw1,R0p50,Cp,0.2035010878051657,8.0,0.1,ISO,1.5,1.0
ridge,PHASE1__Ma8_Kn0.1_ISO_hphs1.5_Tw1,R0p50,Cq,0.2556621370838628,8.0,0.1,ISO,1.5,1.0
ridge,PHASE1__Ma8_Kn0.1_ISO_hphs1.5_Tw1,R0p50,tau_abs,0.5349702584435878,8.0,0.1,ISO,1.5,1.0
ridge,PHASE1__Ma8_Kn0.33_BWD_hphs1.5_Tw1,R0p50,Cp,0.42101439408607527,8.0,0.33,BWD,1.5,1.0
ridge,PHASE1__Ma8_Kn0.33_BWD_hphs1.5_Tw1,R0p50,Cq,0.13372718407865858,8.0,0.33,BWD,1.5,1.0
ridge,PHASE1__Ma8_Kn0.33_BWD_hphs1.5_Tw1,R0p50,tau_abs,0.2274284044422092,8.0,0.33,BWD,1.5,1.0
ridge,PHASE1__Ma8_Kn0.33_FWD_hphs1.5_Tw1,R0p50,Cp,0.24611411746583883,8.0,0.33,FWD,1.5,1.0
ridge,PHASE1__Ma8_Kn0.33_FWD_hphs1.5_Tw1,R0p50,Cq,0.1303594161742027,8.0,0.33,FWD,1.5,1.0
ridge,PHASE1__Ma8_Kn0.33_FWD_hphs1.5_Tw1,R0p50,tau_abs,0.9090265288263982,8.0,0.33,FWD,1.5,1.0
ridge,PHASE1__Ma8_Kn0.33_ISO_hphs1.5_Tw1,R0p50,Cp,0.3920112565560747,8.0,0.33,ISO,1.5,1.0
ridge,PHASE1__Ma8_Kn0.33_ISO_hphs1.5_Tw1,R0p50,Cq,0.08094697333831544,8.0,0.33,ISO,1.5,1.0
ridge,PHASE1__Ma8_Kn0.33_ISO_hphs1.5_Tw1,R0p50,tau_abs,0.3585446464013818,8.0,0.33,ISO,1.5,1.0
ridge,PHASE1__Ma8_Kn0.8_BWD_hphs1.5_Tw1,R0p50,Cp,0.8258679283508336,8.0,0.8,BWD,1.5,1.0
ridge,PHASE1__Ma8_Kn0.8_BWD_hphs1.5_Tw1,R0p50,Cq,0.34406366254754805,8.0,0.8,BWD,1.5,1.0
ridge,PHASE1__Ma8_Kn0.8_BWD_hphs1.5_Tw1,R0p50,tau_abs,0.3661652745175102,8.0,0.8,BWD,1.5,1.0
ridge,PHASE1__Ma8_Kn0.8_FWD_hphs1.5_Tw1,R0p50,Cp,0.7302080404601617,8.0,0.8,FWD,1.5,1.0
ridge,PHASE1__Ma8_Kn0.8_FWD_hphs1.5_Tw1,R0p50,Cq,0.3238581539884862,8.0,0.8,FWD,1.5,1.0
ridge,PHASE1__Ma8_Kn0.8_FWD_hphs1.5_Tw1,R0p50,tau_abs,0.5239439025545606,8.0,0.8,FWD,1.5,1.0
ridge,PHASE1__Ma8_Kn0.8_ISO_hphs1.5_Tw1,R0p50,Cp,0.6770697497951382,8.0,0.8,ISO,1.5,1.0
ridge,PHASE1__Ma8_Kn0.8_ISO_hphs1.5_Tw1,R0p50,Cq,0.2822132450362214,8.0,0.8,ISO,1.5,1.0
ridge,PHASE1__Ma8_Kn0.8_ISO_hphs1.5_Tw1,R0p50,tau_abs,0.29417788430454717,8.0,0.8,ISO,1.5,1.0
ridge,PHASE1__Ma4_Kn0.1_BWD_hphs1.5_Tw1,R0p75,Cp,0.4788776654507311,4.0,0.1,BWD,1.5,1.0
ridge,PHASE1__Ma4_Kn0.1_BWD_hphs1.5_Tw1,R0p75,Cq,0.6016518830177159,4.0,0.1,BWD,1.5,1.0
ridge,PHASE1__Ma4_Kn0.1_BWD_hphs1.5_Tw1,R0p75,tau_abs,0.23722421929307133,4.0,0.1,BWD,1.5,1.0
ridge,PHASE1__Ma4_Kn0.1_FWD_hphs1.5_Tw1,R0p75,Cp,0.5229948962710298,4.0,0.1,FWD,1.5,1.0
ridge,PHASE1__Ma4_Kn0.1_FWD_hphs1.5_Tw1,R0p75,Cq,0.9244255538596197,4.0,0.1,FWD,1.5,1.0
ridge,PHASE1__Ma4_Kn0.1_FWD_hphs1.5_Tw1,R0p75,tau_abs,0.592245443265156,4.0,0.1,FWD,1.5,1.0
ridge,PHASE1__Ma4_Kn0.1_ISO_hphs1.5_Tw1,R0p75,Cp,0.3009012736768425,4.0,0.1,ISO,1.5,1.0
ridge,PHASE1__Ma4_Kn0.1_ISO_hphs1.5_Tw1,R0p75,Cq,0.7223475403173949,4.0,0.1,ISO,1.5,1.0
ridge,PHASE1__Ma4_Kn0.1_ISO_hphs1.5_Tw1,R0p75,tau_abs,0.5793104952540958,4.0,0.1,ISO,1.5,1.0
ridge,PHASE1__Ma4_Kn0.33_BWD_hphs1.5_Tw1,R0p75,Cp,0.6144822675572281,4.0,0.33,BWD,1.5,1.0
ridge,PHASE1__Ma4_Kn0.33_BWD_hphs1.5_Tw1,R0p75,Cq,1.4802678931293587,4.0,0.33,BWD,1.5,1.0
ridge,PHASE1__Ma4_Kn0.33_BWD_hphs1.5_Tw1,R0p75,tau_abs,0.4923690519437946,4.0,0.33,BWD,1.5,1.0
ridge,PHASE1__Ma4_Kn0.33_FWD_hphs1.5_Tw1,R0p75,Cp,0.517833269605915,4.0,0.33,FWD,1.5,1.0
ridge,PHASE1__Ma4_Kn0.33_FWD_hphs1.5_Tw1,R0p75,Cq,0.8117054534735413,4.0,0.33,FWD,1.5,1.0
ridge,PHASE1__Ma4_Kn0.33_FWD_hphs1.5_Tw1,R0p75,tau_abs,1.0245614831464362,4.0,0.33,FWD,1.5,1.0
ridge,PHASE1__Ma4_Kn0.33_ISO_hphs1.5_Tw1,R0p75,Cp,0.5359793072695227,4.0,0.33,ISO,1.5,1.0
ridge,PHASE1__Ma4_Kn0.33_ISO_hphs1.5_Tw1,R0p75,Cq,0.7554861514044817,4.0,0.33,ISO,1.5,1.0
ridge,PHASE1__Ma4_Kn0.33_ISO_hphs1.5_Tw1,R0p75,tau_abs,0.7786270144054991,4.0,0.33,ISO,1.5,1.0
ridge,PHASE1__Ma4_Kn0.8_BWD_hphs1.5_Tw1,R0p75,Cp,2.45128531414946,4.0,0.8,BWD,1.5,1.0
ridge,PHASE1__Ma4_Kn0.8_BWD_hphs1.5_Tw1,R0p75,Cq,2.2287171108460813,4.0,0.8,BWD,1.5,1.0
ridge,PHASE1__Ma4_Kn0.8_BWD_hphs1.5_Tw1,R0p75,tau_abs,1.066020734482429,4.0,0.8,BWD,1.5,1.0
ridge,PHASE1__Ma4_Kn0.8_FWD_hphs1.5_Tw1,R0p75,Cp,1.423988800406066,4.0,0.8,FWD,1.5,1.0
ridge,PHASE1__Ma4_Kn0.8_FWD_hphs1.5_Tw1,R0p75,Cq,1.6792342640019278,4.0,0.8,FWD,1.5,1.0
ridge,PHASE1__Ma4_Kn0.8_FWD_hphs1.5_Tw1,R0p75,tau_abs,2.0406420972212143,4.0,0.8,FWD,1.5,1.0
ridge,PHASE1__Ma4_Kn0.8_ISO_hphs1.5_Tw1,R0p75,Cp,1.8629568221413588,4.0,0.8,ISO,1.5,1.0
ridge,PHASE1__Ma4_Kn0.8_ISO_hphs1.5_Tw1,R0p75,Cq,1.7079031813090126,4.0,0.8,ISO,1.5,1.0
ridge,PHASE1__Ma4_Kn0.8_ISO_hphs1.5_Tw1,R0p75,tau_abs,1.44444119439628,4.0,0.8,ISO,1.5,1.0
ridge,PHASE1__Ma6_Kn0.1_BWD_hphs1.5_Tw1,R0p75,Cp,0.26679608802936544,6.0,0.1,BWD,1.5,1.0
ridge,PHASE1__Ma6_Kn0.1_BWD_hphs1.5_Tw1,R0p75,Cq,0.16382473183141058,6.0,0.1,BWD,1.5,1.0
ridge,PHASE1__Ma6_Kn0.1_BWD_hphs1.5_Tw1,R0p75,tau_abs,0.28004064520216104,6.0,0.1,BWD,1.5,1.0
ridge,PHASE1__Ma6_Kn0.1_FWD_hphs1.5_Tw1,R0p75,Cp,0.19074672642615392,6.0,0.1,FWD,1.5,1.0
ridge,PHASE1__Ma6_Kn0.1_FWD_hphs1.5_Tw1,R0p75,Cq,0.265739189901628,6.0,0.1,FWD,1.5,1.0
ridge,PHASE1__Ma6_Kn0.1_FWD_hphs1.5_Tw1,R0p75,tau_abs,0.41422385539836587,6.0,0.1,FWD,1.5,1.0
ridge,PHASE1__Ma6_Kn0.1_ISO_hphs1.5_Tw1,R0p75,Cp,0.10458973485664035,6.0,0.1,ISO,1.5,1.0
ridge,PHASE1__Ma6_Kn0.1_ISO_hphs1.5_Tw1,R0p75,Cq,0.2378955735517181,6.0,0.1,ISO,1.5,1.0
ridge,PHASE1__Ma6_Kn0.1_ISO_hphs1.5_Tw1,R0p75,tau_abs,0.5757361326294942,6.0,0.1,ISO,1.5,1.0
ridge,PHASE1__Ma6_Kn0.33_BWD_hphs1.5_Tw1,R0p75,Cp,0.21226076790424783,6.0,0.33,BWD,1.5,1.0
ridge,PHASE1__Ma6_Kn0.33_BWD_hphs1.5_Tw1,R0p75,Cq,0.2565784870801803,6.0,0.33,BWD,1.5,1.0
ridge,PHASE1__Ma6_Kn0.33_BWD_hphs1.5_Tw1,R0p75,tau_abs,0.17309778942005033,6.0,0.33,BWD,1.5,1.0
ridge,PHASE1__Ma6_Kn0.33_FWD_hphs1.5_Tw1,R0p75,Cp,0.2842865117541235,6.0,0.33,FWD,1.5,1.0
ridge,PHASE1__Ma6_Kn0.33_FWD_hphs1.5_Tw1,R0p75,Cq,0.4598238887824406,6.0,0.33,FWD,1.5,1.0
ridge,PHASE1__Ma6_Kn0.33_FWD_hphs1.5_Tw1,R0p75,tau_abs,0.4774293575051262,6.0,0.33,FWD,1.5,1.0
ridge,PHASE1__Ma6_Kn0.33_ISO_hphs1.5_Tw1,R0p75,Cp,0.22792437351901032,6.0,0.33,ISO,1.5,1.0
ridge,PHASE1__Ma6_Kn0.33_ISO_hphs1.5_Tw1,R0p75,Cq,0.3478274286348461,6.0,0.33,ISO,1.5,1.0
ridge,PHASE1__Ma6_Kn0.33_ISO_hphs1.5_Tw1,R0p75,tau_abs,0.42157419109147537,6.0,0.33,ISO,1.5,1.0
ridge,PHASE1__Ma6_Kn0.8_BWD_hphs1.5_Tw1,R0p75,Cp,0.9554504199204297,6.0,0.8,BWD,1.5,1.0
ridge,PHASE1__Ma6_Kn0.8_BWD_hphs1.5_Tw1,R0p75,Cq,0.44246912221078544,6.0,0.8,BWD,1.5,1.0
ridge,PHASE1__Ma6_Kn0.8_BWD_hphs1.5_Tw1,R0p75,tau_abs,0.5376422774777609,6.0,0.8,BWD,1.5,1.0
ridge,PHASE1__Ma6_Kn0.8_FWD_hphs1.5_Tw1,R0p75,Cp,0.5957837558028243,6.0,0.8,FWD,1.5,1.0
ridge,PHASE1__Ma6_Kn0.8_FWD_hphs1.5_Tw1,R0p75,Cq,0.5953559433959722,6.0,0.8,FWD,1.5,1.0
ridge,PHASE1__Ma6_Kn0.8_FWD_hphs1.5_Tw1,R0p75,tau_abs,0.434420558208355,6.0,0.8,FWD,1.5,1.0
ridge,PHASE1__Ma6_Kn0.8_ISO_hphs1.5_Tw1,R0p75,Cp,0.5869543968242174,6.0,0.8,ISO,1.5,1.0
ridge,PHASE1__Ma6_Kn0.8_ISO_hphs1.5_Tw1,R0p75,Cq,0.47144338583681394,6.0,0.8,ISO,1.5,1.0
ridge,PHASE1__Ma6_Kn0.8_ISO_hphs1.5_Tw1,R0p75,tau_abs,0.5365500996628522,6.0,0.8,ISO,1.5,1.0
ridge,PHASE1__Ma8_Kn0.1_BWD_hphs1.5_Tw1,R0p75,Cp,0.3221611325617085,8.0,0.1,BWD,1.5,1.0
ridge,PHASE1__Ma8_Kn0.1_BWD_hphs1.5_Tw1,R0p75,Cq,0.2749534468440705,8.0,0.1,BWD,1.5,1.0
ridge,PHASE1__Ma8_Kn0.1_BWD_hphs1.5_Tw1,R0p75,tau_abs,0.4338022688086246,8.0,0.1,BWD,1.5,1.0
ridge,PHASE1__Ma8_Kn0.1_FWD_hphs1.5_Tw1,R0p75,Cp,0.365752639543762,8.0,0.1,FWD,1.5,1.0
ridge,PHASE1__Ma8_Kn0.1_FWD_hphs1.5_Tw1,R0p75,Cq,0.3840086644101635,8.0,0.1,FWD,1.5,1.0
ridge,PHASE1__Ma8_Kn0.1_FWD_hphs1.5_Tw1,R0p75,tau_abs,0.4012963489360872,8.0,0.1,FWD,1.5,1.0
ridge,PHASE1__Ma8_Kn0.1_ISO_hphs1.5_Tw1,R0p75,Cp,0.1939031570629996,8.0,0.1,ISO,1.5,1.0
ridge,PHASE1__Ma8_Kn0.1_ISO_hphs1.5_Tw1,R0p75,Cq,0.2627327271615909,8.0,0.1,ISO,1.5,1.0
ridge,PHASE1__Ma8_Kn0.1_ISO_hphs1.5_Tw1,R0p75,tau_abs,0.5616305247651808,8.0,0.1,ISO,1.5,1.0
ridge,PHASE1__Ma8_Kn0.33_BWD_hphs1.5_Tw1,R0p75,Cp,0.444683929144244,8.0,0.33,BWD,1.5,1.0
ridge,PHASE1__Ma8_Kn0.33_BWD_hphs1.5_Tw1,R0p75,Cq,0.1200630163796891,8.0,0.33,BWD,1.5,1.0
ridge,PHASE1__Ma8_Kn0.33_BWD_hphs1.5_Tw1,R0p75,tau_abs,0.2086018512401156,8.0,0.33,BWD,1.5,1.0
ridge,PHASE1__Ma8_Kn0.33_FWD_hphs1.5_Tw1,R0p75,Cp,0.31789727170069665,8.0,0.33,FWD,1.5,1.0
ridge,PHASE1__Ma8_Kn0.33_FWD_hphs1.5_Tw1,R0p75,Cq,0.1161057289226279,8.0,0.33,FWD,1.5,1.0
ridge,PHASE1__Ma8_Kn0.33_FWD_hphs1.5_Tw1,R0p75,tau_abs,0.986505613286435,8.0,0.33,FWD,1.5,1.0
ridge,PHASE1__Ma8_Kn0.33_ISO_hphs1.5_Tw1,R0p75,Cp,0.37089233925023746,8.0,0.33,ISO,1.5,1.0
ridge,PHASE1__Ma8_Kn0.33_ISO_hphs1.5_Tw1,R0p75,Cq,0.0779139669299108,8.0,0.33,ISO,1.5,1.0
ridge,PHASE1__Ma8_Kn0.33_ISO_hphs1.5_Tw1,R0p75,tau_abs,0.4042835123879758,8.0,0.33,ISO,1.5,1.0
ridge,PHASE1__Ma8_Kn0.8_BWD_hphs1.5_Tw1,R0p75,Cp,0.9580652681693221,8.0,0.8,BWD,1.5,1.0
ridge,PHASE1__Ma8_Kn0.8_BWD_hphs1.5_Tw1,R0p75,Cq,0.3515258995177574,8.0,0.8,BWD,1.5,1.0
ridge,PHASE1__Ma8_Kn0.8_BWD_hphs1.5_Tw1,R0p75,tau_abs,0.2688966350431109,8.0,0.8,BWD,1.5,1.0
ridge,PHASE1__Ma8_Kn0.8_FWD_hphs1.5_Tw1,R0p75,Cp,0.6654442270353358,8.0,0.8,FWD,1.5,1.0
ridge,PHASE1__Ma8_Kn0.8_FWD_hphs1.5_Tw1,R0p75,Cq,0.29921577892817564,8.0,0.8,FWD,1.5,1.0
ridge,PHASE1__Ma8_Kn0.8_FWD_hphs1.5_Tw1,R0p75,tau_abs,0.6481822232528579,8.0,0.8,FWD,1.5,1.0
ridge,PHASE1__Ma8_Kn0.8_ISO_hphs1.5_Tw1,R0p75,Cp,0.6255089050411426,8.0,0.8,ISO,1.5,1.0
ridge,PHASE1__Ma8_Kn0.8_ISO_hphs1.5_Tw1,R0p75,Cq,0.25530409951526306,8.0,0.8,ISO,1.5,1.0
ridge,PHASE1__Ma8_Kn0.8_ISO_hphs1.5_Tw1,R0p75,tau_abs,0.20852416931800077,8.0,0.8,ISO,1.5,1.0
ridge,PHASE1__Ma4_Kn0.1_BWD_hphs1.5_Tw1,R1,Cp,0.5593611523028132,4.0,0.1,BWD,1.5,1.0
ridge,PHASE1__Ma4_Kn0.1_BWD_hphs1.5_Tw1,R1,Cq,0.7987984415571892,4.0,0.1,BWD,1.5,1.0
ridge,PHASE1__Ma4_Kn0.1_BWD_hphs1.5_Tw1,R1,tau_abs,0.32066749929043487,4.0,0.1,BWD,1.5,1.0
ridge,PHASE1__Ma4_Kn0.1_FWD_hphs1.5_Tw1,R1,Cp,0.4451925107142748,4.0,0.1,FWD,1.5,1.0
ridge,PHASE1__Ma4_Kn0.1_FWD_hphs1.5_Tw1,R1,Cq,0.6618922188098265,4.0,0.1,FWD,1.5,1.0
ridge,PHASE1__Ma4_Kn0.1_FWD_hphs1.5_Tw1,R1,tau_abs,0.6366331229667839,4.0,0.1,FWD,1.5,1.0
ridge,PHASE1__Ma4_Kn0.1_ISO_hphs1.5_Tw1,R1,Cp,0.2105555856046543,4.0,0.1,ISO,1.5,1.0
ridge,PHASE1__Ma4_Kn0.1_ISO_hphs1.5_Tw1,R1,Cq,0.5145039721628754,4.0,0.1,ISO,1.5,1.0
ridge,PHASE1__Ma4_Kn0.1_ISO_hphs1.5_Tw1,R1,tau_abs,0.7706479118965623,4.0,0.1,ISO,1.5,1.0
ridge,PHASE1__Ma4_Kn0.33_BWD_hphs1.5_Tw1,R1,Cp,0.5209426900064756,4.0,0.33,BWD,1.5,1.0
ridge,PHASE1__Ma4_Kn0.33_BWD_hphs1.5_Tw1,R1,Cq,1.2921954303272187,4.0,0.33,BWD,1.5,1.0
ridge,PHASE1__Ma4_Kn0.33_BWD_hphs1.5_Tw1,R1,tau_abs,0.5245053325239647,4.0,0.33,BWD,1.5,1.0
ridge,PHASE1__Ma4_Kn0.33_FWD_hphs1.5_Tw1,R1,Cp,0.587213634786534,4.0,0.33,FWD,1.5,1.0
ridge,PHASE1__Ma4_Kn0.33_FWD_hphs1.5_Tw1,R1,Cq,1.0790418461468159,4.0,0.33,FWD,1.5,1.0
ridge,PHASE1__Ma4_Kn0.33_FWD_hphs1.5_Tw1,R1,tau_abs,1.4563182859136752,4.0,0.33,FWD,1.5,1.0
ridge,PHASE1__Ma4_Kn0.33_ISO_hphs1.5_Tw1,R1,Cp,0.33347868846693784,4.0,0.33,ISO,1.5,1.0
ridge,PHASE1__Ma4_Kn0.33_ISO_hphs1.5_Tw1,R1,Cq,0.924060102754999,4.0,0.33,ISO,1.5,1.0
ridge,PHASE1__Ma4_Kn0.33_ISO_hphs1.5_Tw1,R1,tau_abs,0.9069913451666746,4.0,0.33,ISO,1.5,1.0
ridge,PHASE1__Ma4_Kn0.8_BWD_hphs1.5_Tw1,R1,Cp,2.0171902832749233,4.0,0.8,BWD,1.5,1.0
ridge,PHASE1__Ma4_Kn0.8_BWD_hphs1.5_Tw1,R1,Cq,1.9062689811105866,4.0,0.8,BWD,1.5,1.0
ridge,PHASE1__Ma4_Kn0.8_BWD_hphs1.5_Tw1,R1,tau_abs,1.0900049362619562,4.0,0.8,BWD,1.5,1.0
ridge,PHASE1__Ma4_Kn0.8_FWD_hphs1.5_Tw1,R1,Cp,1.8501393593922235,4.0,0.8,FWD,1.5,1.0
ridge,PHASE1__Ma4_Kn0.8_FWD_hphs1.5_Tw1,R1,Cq,1.9462939567078177,4.0,0.8,FWD,1.5,1.0
ridge,PHASE1__Ma4_Kn0.8_FWD_hphs1.5_Tw1,R1,tau_abs,2.4495262532813395,4.0,0.8,FWD,1.5,1.0
ridge,PHASE1__Ma4_Kn0.8_ISO_hphs1.5_Tw1,R1,Cp,0.742826605294327,4.0,0.8,ISO,1.5,1.0
ridge,PHASE1__Ma4_Kn0.8_ISO_hphs1.5_Tw1,R1,Cq,1.4081428392927062,4.0,0.8,ISO,1.5,1.0
ridge,PHASE1__Ma4_Kn0.8_ISO_hphs1.5_Tw1,R1,tau_abs,1.244808020562988,4.0,0.8,ISO,1.5,1.0
ridge,PHASE1__Ma6_Kn0.1_BWD_hphs1.5_Tw1,R1,Cp,0.2569674627120423,6.0,0.1,BWD,1.5,1.0
ridge,PHASE1__Ma6_Kn0.1_BWD_hphs1.5_Tw1,R1,Cq,0.20933634934018855,6.0,0.1,BWD,1.5,1.0
ridge,PHASE1__Ma6_Kn0.1_BWD_hphs1.5_Tw1,R1,tau_abs,0.2698747389953174,6.0,0.1,BWD,1.5,1.0
ridge,PHASE1__Ma6_Kn0.1_FWD_hphs1.5_Tw1,R1,Cp,0.23688318461716046,6.0,0.1,FWD,1.5,1.0
ridge,PHASE1__Ma6_Kn0.1_FWD_hphs1.5_Tw1,R1,Cq,0.37416188960779995,6.0,0.1,FWD,1.5,1.0
ridge,PHASE1__Ma6_Kn0.1_FWD_hphs1.5_Tw1,R1,tau_abs,0.5447055540581897,6.0,0.1,FWD,1.5,1.0
ridge,PHASE1__Ma6_Kn0.1_ISO_hphs1.5_Tw1,R1,Cp,0.09527870350058473,6.0,0.1,ISO,1.5,1.0
ridge,PHASE1__Ma6_Kn0.1_ISO_hphs1.5_Tw1,R1,Cq,0.28724525742992413,6.0,0.1,ISO,1.5,1.0
ridge,PHASE1__Ma6_Kn0.1_ISO_hphs1.5_Tw1,R1,tau_abs,0.6193456161694988,6.0,0.1,ISO,1.5,1.0
ridge,PHASE1__Ma6_Kn0.33_BWD_hphs1.5_Tw1,R1,Cp,0.21014716757063845,6.0,0.33,BWD,1.5,1.0
ridge,PHASE1__Ma6_Kn0.33_BWD_hphs1.5_Tw1,R1,Cq,0.3179134619307148,6.0,0.33,BWD,1.5,1.0
ridge,PHASE1__Ma6_Kn0.33_BWD_hphs1.5_Tw1,R1,tau_abs,0.19820885214164685,6.0,0.33,BWD,1.5,1.0
ridge,PHASE1__Ma6_Kn0.33_FWD_hphs1.5_Tw1,R1,Cp,0.24133957897814676,6.0,0.33,FWD,1.5,1.0
ridge,PHASE1__Ma6_Kn0.33_FWD_hphs1.5_Tw1,R1,Cq,0.4627018586095218,6.0,0.33,FWD,1.5,1.0
ridge,PHASE1__Ma6_Kn0.33_FWD_hphs1.5_Tw1,R1,tau_abs,0.43920696261800696,6.0,0.33,FWD,1.5,1.0
ridge,PHASE1__Ma6_Kn0.33_ISO_hphs1.5_Tw1,R1,Cp,0.24648287300946373,6.0,0.33,ISO,1.5,1.0
ridge,PHASE1__Ma6_Kn0.33_ISO_hphs1.5_Tw1,R1,Cq,0.376530046363008,6.0,0.33,ISO,1.5,1.0
ridge,PHASE1__Ma6_Kn0.33_ISO_hphs1.5_Tw1,R1,tau_abs,0.44865118295368506,6.0,0.33,ISO,1.5,1.0
ridge,PHASE1__Ma6_Kn0.8_BWD_hphs1.5_Tw1,R1,Cp,0.6300892746871659,6.0,0.8,BWD,1.5,1.0
ridge,PHASE1__Ma6_Kn0.8_BWD_hphs1.5_Tw1,R1,Cq,0.4797960773832807,6.0,0.8,BWD,1.5,1.0
ridge,PHASE1__Ma6_Kn0.8_BWD_hphs1.5_Tw1,R1,tau_abs,0.5087817939896369,6.0,0.8,BWD,1.5,1.0
ridge,PHASE1__Ma6_Kn0.8_FWD_hphs1.5_Tw1,R1,Cp,0.4995326828499346,6.0,0.8,FWD,1.5,1.0
ridge,PHASE1__Ma6_Kn0.8_FWD_hphs1.5_Tw1,R1,Cq,0.6029578796826028,6.0,0.8,FWD,1.5,1.0
ridge,PHASE1__Ma6_Kn0.8_FWD_hphs1.5_Tw1,R1,tau_abs,0.3522668275401344,6.0,0.8,FWD,1.5,1.0
ridge,PHASE1__Ma6_Kn0.8_ISO_hphs1.5_Tw1,R1,Cp,0.566574562946155,6.0,0.8,ISO,1.5,1.0
ridge,PHASE1__Ma6_Kn0.8_ISO_hphs1.5_Tw1,R1,Cq,0.49833414156498523,6.0,0.8,ISO,1.5,1.0
ridge,PHASE1__Ma6_Kn0.8_ISO_hphs1.5_Tw1,R1,tau_abs,0.5095046729797285,6.0,0.8,ISO,1.5,1.0
ridge,PHASE1__Ma8_Kn0.1_BWD_hphs1.5_Tw1,R1,Cp,0.2949552963414299,8.0,0.1,BWD,1.5,1.0
ridge,PHASE1__Ma8_Kn0.1_BWD_hphs1.5_Tw1,R1,Cq,0.2770030332482799,8.0,0.1,BWD,1.5,1.0
ridge,PHASE1__Ma8_Kn0.1_BWD_hphs1.5_Tw1,R1,tau_abs,0.44147770871388464,8.0,0.1,BWD,1.5,1.0
ridge,PHASE1__Ma8_Kn0.1_FWD_hphs1.5_Tw1,R1,Cp,0.3325731402937998,8.0,0.1,FWD,1.5,1.0
ridge,PHASE1__Ma8_Kn0.1_FWD_hphs1.5_Tw1,R1,Cq,0.3778788683635956,8.0,0.1,FWD,1.5,1.0
ridge,PHASE1__Ma8_Kn0.1_FWD_hphs1.5_Tw1,R1,tau_abs,0.4045993598287637,8.0,0.1,FWD,1.5,1.0
ridge,PHASE1__Ma8_Kn0.1_ISO_hphs1.5_Tw1,R1,Cp,0.2136248889203696,8.0,0.1,ISO,1.5,1.0
ridge,PHASE1__Ma8_Kn0.1_ISO_hphs1.5_Tw1,R1,Cq,0.24423132744538037,8.0,0.1,ISO,1.5,1.0
ridge,PHASE1__Ma8_Kn0.1_ISO_hphs1.5_Tw1,R1,tau_abs,0.5794629756859081,8.0,0.1,ISO,1.5,1.0
ridge,PHASE1__Ma8_Kn0.33_BWD_hphs1.5_Tw1,R1,Cp,0.39783816613536593,8.0,0.33,BWD,1.5,1.0
ridge,PHASE1__Ma8_Kn0.33_BWD_hphs1.5_Tw1,R1,Cq,0.09487997895354963,8.0,0.33,BWD,1.5,1.0
ridge,PHASE1__Ma8_Kn0.33_BWD_hphs1.5_Tw1,R1,tau_abs,0.21501933974592816,8.0,0.33,BWD,1.5,1.0
ridge,PHASE1__Ma8_Kn0.33_FWD_hphs1.5_Tw1,R1,Cp,0.35307197466624934,8.0,0.33,FWD,1.5,1.0
ridge,PHASE1__Ma8_Kn0.33_FWD_hphs1.5_Tw1,R1,Cq,0.12901954591590603,8.0,0.33,FWD,1.5,1.0
ridge,PHASE1__Ma8_Kn0.33_FWD_hphs1.5_Tw1,R1,tau_abs,1.0490636841655057,8.0,0.33,FWD,1.5,1.0
ridge,PHASE1__Ma8_Kn0.33_ISO_hphs1.5_Tw1,R1,Cp,0.3397717660356567,8.0,0.33,ISO,1.5,1.0
ridge,PHASE1__Ma8_Kn0.33_ISO_hphs1.5_Tw1,R1,Cq,0.06668618181795032,8.0,0.33,ISO,1.5,1.0
ridge,PHASE1__Ma8_Kn0.33_ISO_hphs1.5_Tw1,R1,tau_abs,0.43912631831365395,8.0,0.33,ISO,1.5,1.0
ridge,PHASE1__Ma8_Kn0.8_BWD_hphs1.5_Tw1,R1,Cp,0.8012343384047783,8.0,0.8,BWD,1.5,1.0
ridge,PHASE1__Ma8_Kn0.8_BWD_hphs1.5_Tw1,R1,Cq,0.2896480490615783,8.0,0.8,BWD,1.5,1.0
ridge,PHASE1__Ma8_Kn0.8_BWD_hphs1.5_Tw1,R1,tau_abs,0.2066674783746988,8.0,0.8,BWD,1.5,1.0
ridge,PHASE1__Ma8_Kn0.8_FWD_hphs1.5_Tw1,R1,Cp,0.6010915926184954,8.0,0.8,FWD,1.5,1.0
ridge,PHASE1__Ma8_Kn0.8_FWD_hphs1.5_Tw1,R1,Cq,0.28765797807958104,8.0,0.8,FWD,1.5,1.0
ridge,PHASE1__Ma8_Kn0.8_FWD_hphs1.5_Tw1,R1,tau_abs,0.6243254906192351,8.0,0.8,FWD,1.5,1.0
ridge,PHASE1__Ma8_Kn0.8_ISO_hphs1.5_Tw1,R1,Cp,0.6073397864077841,8.0,0.8,ISO,1.5,1.0
ridge,PHASE1__Ma8_Kn0.8_ISO_hphs1.5_Tw1,R1,Cq,0.24667813254853801,8.0,0.8,ISO,1.5,1.0
ridge,PHASE1__Ma8_Kn0.8_ISO_hphs1.5_Tw1,R1,tau_abs,0.2552524253927051,8.0,0.8,ISO,1.5,1.0
ridge,PHASE1__Ma4_Kn0.1_BWD_hphs1.5_Tw1,R1p50,Cp,0.3835501597405856,4.0,0.1,BWD,1.5,1.0
ridge,PHASE1__Ma4_Kn0.1_BWD_hphs1.5_Tw1,R1p50,Cq,0.7795090229227737,4.0,0.1,BWD,1.5,1.0
ridge,PHASE1__Ma4_Kn0.1_BWD_hphs1.5_Tw1,R1p50,tau_abs,0.40422819189746806,4.0,0.1,BWD,1.5,1.0
ridge,PHASE1__Ma4_Kn0.1_FWD_hphs1.5_Tw1,R1p50,Cp,0.3521488924414709,4.0,0.1,FWD,1.5,1.0
ridge,PHASE1__Ma4_Kn0.1_FWD_hphs1.5_Tw1,R1p50,Cq,0.8859960663444758,4.0,0.1,FWD,1.5,1.0
ridge,PHASE1__Ma4_Kn0.1_FWD_hphs1.5_Tw1,R1p50,tau_abs,0.8628560776759677,4.0,0.1,FWD,1.5,1.0
ridge,PHASE1__Ma4_Kn0.1_ISO_hphs1.5_Tw1,R1p50,Cp,0.17339410338931943,4.0,0.1,ISO,1.5,1.0
ridge,PHASE1__Ma4_Kn0.1_ISO_hphs1.5_Tw1,R1p50,Cq,0.6498215802049504,4.0,0.1,ISO,1.5,1.0
ridge,PHASE1__Ma4_Kn0.1_ISO_hphs1.5_Tw1,R1p50,tau_abs,0.7786146248306377,4.0,0.1,ISO,1.5,1.0
ridge,PHASE1__Ma4_Kn0.33_BWD_hphs1.5_Tw1,R1p50,Cp,0.4695360991254659,4.0,0.33,BWD,1.5,1.0
ridge,PHASE1__Ma4_Kn0.33_BWD_hphs1.5_Tw1,R1p50,Cq,0.9301400993787177,4.0,0.33,BWD,1.5,1.0
ridge,PHASE1__Ma4_Kn0.33_BWD_hphs1.5_Tw1,R1p50,tau_abs,0.536409715077532,4.0,0.33,BWD,1.5,1.0
ridge,PHASE1__Ma4_Kn0.33_FWD_hphs1.5_Tw1,R1p50,Cp,0.5773415824716331,4.0,0.33,FWD,1.5,1.0
ridge,PHASE1__Ma4_Kn0.33_FWD_hphs1.5_Tw1,R1p50,Cq,0.866029712635064,4.0,0.33,FWD,1.5,1.0
ridge,PHASE1__Ma4_Kn0.33_FWD_hphs1.5_Tw1,R1p50,tau_abs,1.4407985544001802,4.0,0.33,FWD,1.5,1.0
ridge,PHASE1__Ma4_Kn0.33_ISO_hphs1.5_Tw1,R1p50,Cp,0.41139764059892814,4.0,0.33,ISO,1.5,1.0
ridge,PHASE1__Ma4_Kn0.33_ISO_hphs1.5_Tw1,R1p50,Cq,0.7548403199564588,4.0,0.33,ISO,1.5,1.0
ridge,PHASE1__Ma4_Kn0.33_ISO_hphs1.5_Tw1,R1p50,tau_abs,0.9449513352607468,4.0,0.33,ISO,1.5,1.0
ridge,PHASE1__Ma4_Kn0.8_BWD_hphs1.5_Tw1,R1p50,Cp,1.5302805833380912,4.0,0.8,BWD,1.5,1.0
ridge,PHASE1__Ma4_Kn0.8_BWD_hphs1.5_Tw1,R1p50,Cq,2.1884297022865224,4.0,0.8,BWD,1.5,1.0
ridge,PHASE1__Ma4_Kn0.8_BWD_hphs1.5_Tw1,R1p50,tau_abs,1.1220025106046532,4.0,0.8,BWD,1.5,1.0
ridge,PHASE1__Ma4_Kn0.8_FWD_hphs1.5_Tw1,R1p50,Cp,1.713568097519013,4.0,0.8,FWD,1.5,1.0
ridge,PHASE1__Ma4_Kn0.8_FWD_hphs1.5_Tw1,R1p50,Cq,1.86311495493735,4.0,0.8,FWD,1.5,1.0
ridge,PHASE1__Ma4_Kn0.8_FWD_hphs1.5_Tw1,R1p50,tau_abs,2.23444428635529,4.0,0.8,FWD,1.5,1.0
ridge,PHASE1__Ma4_Kn0.8_ISO_hphs1.5_Tw1,R1p50,Cp,0.9268375314516613,4.0,0.8,ISO,1.5,1.0
ridge,PHASE1__Ma4_Kn0.8_ISO_hphs1.5_Tw1,R1p50,Cq,1.0782374911829402,4.0,0.8,ISO,1.5,1.0
ridge,PHASE1__Ma4_Kn0.8_ISO_hphs1.5_Tw1,R1p50,tau_abs,2.0413077707867693,4.0,0.8,ISO,1.5,1.0
ridge,PHASE1__Ma6_Kn0.1_BWD_hphs1.5_Tw1,R1p50,Cp,0.13009553861879575,6.0,0.1,BWD,1.5,1.0
ridge,PHASE1__Ma6_Kn0.1_BWD_hphs1.5_Tw1,R1p50,Cq,0.39811897371372473,6.0,0.1,BWD,1.5,1.0
ridge,PHASE1__Ma6_Kn0.1_BWD_hphs1.5_Tw1,R1p50,tau_abs,0.2995697427713539,6.0,0.1,BWD,1.5,1.0
ridge,PHASE1__Ma6_Kn0.1_FWD_hphs1.5_Tw1,R1p50,Cp,0.21176441333032528,6.0,0.1,FWD,1.5,1.0
ridge,PHASE1__Ma6_Kn0.1_FWD_hphs1.5_Tw1,R1p50,Cq,0.39004707494339486,6.0,0.1,FWD,1.5,1.0
ridge,PHASE1__Ma6_Kn0.1_FWD_hphs1.5_Tw1,R1p50,tau_abs,0.5477110847400917,6.0,0.1,FWD,1.5,1.0
ridge,PHASE1__Ma6_Kn0.1_ISO_hphs1.5_Tw1,R1p50,Cp,0.12556963282731773,6.0,0.1,ISO,1.5,1.0
ridge,PHASE1__Ma6_Kn0.1_ISO_hphs1.5_Tw1,R1p50,Cq,0.339793662765226,6.0,0.1,ISO,1.5,1.0
ridge,PHASE1__Ma6_Kn0.1_ISO_hphs1.5_Tw1,R1p50,tau_abs,0.5926433556795063,6.0,0.1,ISO,1.5,1.0
ridge,PHASE1__Ma6_Kn0.33_BWD_hphs1.5_Tw1,R1p50,Cp,0.2690550751370987,6.0,0.33,BWD,1.5,1.0
ridge,PHASE1__Ma6_Kn0.33_BWD_hphs1.5_Tw1,R1p50,Cq,0.3100676101213533,6.0,0.33,BWD,1.5,1.0
ridge,PHASE1__Ma6_Kn0.33_BWD_hphs1.5_Tw1,R1p50,tau_abs,0.20032756191418954,6.0,0.33,BWD,1.5,1.0
ridge,PHASE1__Ma6_Kn0.33_FWD_hphs1.5_Tw1,R1p50,Cp,0.2545768977027167,6.0,0.33,FWD,1.5,1.0
ridge,PHASE1__Ma6_Kn0.33_FWD_hphs1.5_Tw1,R1p50,Cq,0.409687610736211,6.0,0.33,FWD,1.5,1.0
ridge,PHASE1__Ma6_Kn0.33_FWD_hphs1.5_Tw1,R1p50,tau_abs,0.5581113097252186,6.0,0.33,FWD,1.5,1.0
ridge,PHASE1__Ma6_Kn0.33_ISO_hphs1.5_Tw1,R1p50,Cp,0.3287328132194138,6.0,0.33,ISO,1.5,1.0
ridge,PHASE1__Ma6_Kn0.33_ISO_hphs1.5_Tw1,R1p50,Cq,0.3483801746163011,6.0,0.33,ISO,1.5,1.0
ridge,PHASE1__Ma6_Kn0.33_ISO_hphs1.5_Tw1,R1p50,tau_abs,0.44453233824239397,6.0,0.33,ISO,1.5,1.0
ridge,PHASE1__Ma6_Kn0.8_BWD_hphs1.5_Tw1,R1p50,Cp,0.5637751379964366,6.0,0.8,BWD,1.5,1.0
ridge,PHASE1__Ma6_Kn0.8_BWD_hphs1.5_Tw1,R1p50,Cq,0.4069899714186655,6.0,0.8,BWD,1.5,1.0
ridge,PHASE1__Ma6_Kn0.8_BWD_hphs1.5_Tw1,R1p50,tau_abs,0.48563354888844895,6.0,0.8,BWD,1.5,1.0
ridge,PHASE1__Ma6_Kn0.8_FWD_hphs1.5_Tw1,R1p50,Cp,0.5818404717548266,6.0,0.8,FWD,1.5,1.0
ridge,PHASE1__Ma6_Kn0.8_FWD_hphs1.5_Tw1,R1p50,Cq,0.5214977170830497,6.0,0.8,FWD,1.5,1.0
ridge,PHASE1__Ma6_Kn0.8_FWD_hphs1.5_Tw1,R1p50,tau_abs,0.3966704192090911,6.0,0.8,FWD,1.5,1.0
ridge,PHASE1__Ma6_Kn0.8_ISO_hphs1.5_Tw1,R1p50,Cp,0.550303307821241,6.0,0.8,ISO,1.5,1.0
ridge,PHASE1__Ma6_Kn0.8_ISO_hphs1.5_Tw1,R1p50,Cq,0.45792330418402655,6.0,0.8,ISO,1.5,1.0
ridge,PHASE1__Ma6_Kn0.8_ISO_hphs1.5_Tw1,R1p50,tau_abs,0.4896225916183977,6.0,0.8,ISO,1.5,1.0
ridge,PHASE1__Ma8_Kn0.1_BWD_hphs1.5_Tw1,R1p50,Cp,0.23947730550892815,8.0,0.1,BWD,1.5,1.0
ridge,PHASE1__Ma8_Kn0.1_BWD_hphs1.5_Tw1,R1p50,Cq,0.24790743710989874,8.0,0.1,BWD,1.5,1.0
ridge,PHASE1__Ma8_Kn0.1_BWD_hphs1.5_Tw1,R1p50,tau_abs,0.4488676912199027,8.0,0.1,BWD,1.5,1.0
ridge,PHASE1__Ma8_Kn0.1_FWD_hphs1.5_Tw1,R1p50,Cp,0.325487514547171,8.0,0.1,FWD,1.5,1.0
ridge,PHASE1__Ma8_Kn0.1_FWD_hphs1.5_Tw1,R1p50,Cq,0.36231186949259353,8.0,0.1,FWD,1.5,1.0
ridge,PHASE1__Ma8_Kn0.1_FWD_hphs1.5_Tw1,R1p50,tau_abs,0.49029723662638836,8.0,0.1,FWD,1.5,1.0
ridge,PHASE1__Ma8_Kn0.1_ISO_hphs1.5_Tw1,R1p50,Cp,0.17746270091508143,8.0,0.1,ISO,1.5,1.0
ridge,PHASE1__Ma8_Kn0.1_ISO_hphs1.5_Tw1,R1p50,Cq,0.21355304124204108,8.0,0.1,ISO,1.5,1.0
ridge,PHASE1__Ma8_Kn0.1_ISO_hphs1.5_Tw1,R1p50,tau_abs,0.5555774343789879,8.0,0.1,ISO,1.5,1.0
ridge,PHASE1__Ma8_Kn0.33_BWD_hphs1.5_Tw1,R1p50,Cp,0.29617887782970936,8.0,0.33,BWD,1.5,1.0
ridge,PHASE1__Ma8_Kn0.33_BWD_hphs1.5_Tw1,R1p50,Cq,0.09156037623869975,8.0,0.33,BWD,1.5,1.0
ridge,PHASE1__Ma8_Kn0.33_BWD_hphs1.5_Tw1,R1p50,tau_abs,0.24705074426091472,8.0,0.33,BWD,1.5,1.0
ridge,PHASE1__Ma8_Kn0.33_FWD_hphs1.5_Tw1,R1p50,Cp,0.24494308250141586,8.0,0.33,FWD,1.5,1.0
ridge,PHASE1__Ma8_Kn0.33_FWD_hphs1.5_Tw1,R1p50,Cq,0.2556747659017296,8.0,0.33,FWD,1.5,1.0
ridge,PHASE1__Ma8_Kn0.33_FWD_hphs1.5_Tw1,R1p50,tau_abs,1.2301487985673591,8.0,0.33,FWD,1.5,1.0
ridge,PHASE1__Ma8_Kn0.33_ISO_hphs1.5_Tw1,R1p50,Cp,0.27991979434609027,8.0,0.33,ISO,1.5,1.0
ridge,PHASE1__Ma8_Kn0.33_ISO_hphs1.5_Tw1,R1p50,Cq,0.09890117768437592,8.0,0.33,ISO,1.5,1.0
ridge,PHASE1__Ma8_Kn0.33_ISO_hphs1.5_Tw1,R1p50,tau_abs,0.4228685074367142,8.0,0.33,ISO,1.5,1.0
ridge,PHASE1__Ma8_Kn0.8_BWD_hphs1.5_Tw1,R1p50,Cp,0.33129702171302544,8.0,0.8,BWD,1.5,1.0
ridge,PHASE1__Ma8_Kn0.8_BWD_hphs1.5_Tw1,R1p50,Cq,0.17506264486400264,8.0,0.8,BWD,1.5,1.0
ridge,PHASE1__Ma8_Kn0.8_BWD_hphs1.5_Tw1,R1p50,tau_abs,0.22022300783885504,8.0,0.8,BWD,1.5,1.0
ridge,PHASE1__Ma8_Kn0.8_FWD_hphs1.5_Tw1,R1p50,Cp,0.6775789542578577,8.0,0.8,FWD,1.5,1.0
ridge,PHASE1__Ma8_Kn0.8_FWD_hphs1.5_Tw1,R1p50,Cq,0.2533098401126247,8.0,0.8,FWD,1.5,1.0
ridge,PHASE1__Ma8_Kn0.8_FWD_hphs1.5_Tw1,R1p50,tau_abs,0.5539316245532818,8.0,0.8,FWD,1.5,1.0
ridge,PHASE1__Ma8_Kn0.8_ISO_hphs1.5_Tw1,R1p50,Cp,0.5475700295556766,8.0,0.8,ISO,1.5,1.0
ridge,PHASE1__Ma8_Kn0.8_ISO_hphs1.5_Tw1,R1p50,Cq,0.15957871463700266,8.0,0.8,ISO,1.5,1.0
ridge,PHASE1__Ma8_Kn0.8_ISO_hphs1.5_Tw1,R1p50,tau_abs,0.29011299700994847,8.0,0.8,ISO,1.5,1.0
ridge,PHASE1__Ma4_Kn0.1_BWD_hphs1.5_Tw1,R2,Cp,0.3011163174387091,4.0,0.1,BWD,1.5,1.0
ridge,PHASE1__Ma4_Kn0.1_BWD_hphs1.5_Tw1,R2,Cq,0.9443736804245537,4.0,0.1,BWD,1.5,1.0
ridge,PHASE1__Ma4_Kn0.1_BWD_hphs1.5_Tw1,R2,tau_abs,0.5299497725862814,4.0,0.1,BWD,1.5,1.0
ridge,PHASE1__Ma4_Kn0.1_FWD_hphs1.5_Tw1,R2,Cp,0.24122944610283364,4.0,0.1,FWD,1.5,1.0
ridge,PHASE1__Ma4_Kn0.1_FWD_hphs1.5_Tw1,R2,Cq,1.2259533055988323,4.0,0.1,FWD,1.5,1.0
ridge,PHASE1__Ma4_Kn0.1_FWD_hphs1.5_Tw1,R2,tau_abs,0.9000117415336257,4.0,0.1,FWD,1.5,1.0
ridge,PHASE1__Ma4_Kn0.1_ISO_hphs1.5_Tw1,R2,Cp,0.0952663567393546,4.0,0.1,ISO,1.5,1.0
ridge,PHASE1__Ma4_Kn0.1_ISO_hphs1.5_Tw1,R2,Cq,0.8687494770929984,4.0,0.1,ISO,1.5,1.0
ridge,PHASE1__Ma4_Kn0.1_ISO_hphs1.5_Tw1,R2,tau_abs,0.8484853560338753,4.0,0.1,ISO,1.5,1.0
ridge,PHASE1__Ma4_Kn0.33_BWD_hphs1.5_Tw1,R2,Cp,0.39842659860068963,4.0,0.33,BWD,1.5,1.0
ridge,PHASE1__Ma4_Kn0.33_BWD_hphs1.5_Tw1,R2,Cq,1.0891832180802512,4.0,0.33,BWD,1.5,1.0
ridge,PHASE1__Ma4_Kn0.33_BWD_hphs1.5_Tw1,R2,tau_abs,0.739996577766004,4.0,0.33,BWD,1.5,1.0
ridge,PHASE1__Ma4_Kn0.33_FWD_hphs1.5_Tw1,R2,Cp,0.5151793126247829,4.0,0.33,FWD,1.5,1.0
ridge,PHASE1__Ma4_Kn0.33_FWD_hphs1.5_Tw1,R2,Cq,1.2188176353864704,4.0,0.33,FWD,1.5,1.0
ridge,PHASE1__Ma4_Kn0.33_FWD_hphs1.5_Tw1,R2,tau_abs,1.514575488783643,4.0,0.33,FWD,1.5,1.0
ridge,PHASE1__Ma4_Kn0.33_ISO_hphs1.5_Tw1,R2,Cp,0.28195037442702003,4.0,0.33,ISO,1.5,1.0
ridge,PHASE1__Ma4_Kn0.33_ISO_hphs1.5_Tw1,R2,Cq,0.987129756926474,4.0,0.33,ISO,1.5,1.0
ridge,PHASE1__Ma4_Kn0.33_ISO_hphs1.5_Tw1,R2,tau_abs,1.0908014587752906,4.0,0.33,ISO,1.5,1.0
ridge,PHASE1__Ma4_Kn0.8_BWD_hphs1.5_Tw1,R2,Cp,1.2823346477354913,4.0,0.8,BWD,1.5,1.0
ridge,PHASE1__Ma4_Kn0.8_BWD_hphs1.5_Tw1,R2,Cq,2.464799019048759,4.0,0.8,BWD,1.5,1.0
ridge,PHASE1__Ma4_Kn0.8_BWD_hphs1.5_Tw1,R2,tau_abs,1.3710513361300622,4.0,0.8,BWD,1.5,1.0
ridge,PHASE1__Ma4_Kn0.8_FWD_hphs1.5_Tw1,R2,Cp,1.3425934148727057,4.0,0.8,FWD,1.5,1.0
ridge,PHASE1__Ma4_Kn0.8_FWD_hphs1.5_Tw1,R2,Cq,1.8733609479600366,4.0,0.8,FWD,1.5,1.0
ridge,PHASE1__Ma4_Kn0.8_FWD_hphs1.5_Tw1,R2,tau_abs,1.9461603374105754,4.0,0.8,FWD,1.5,1.0
ridge,PHASE1__Ma4_Kn0.8_ISO_hphs1.5_Tw1,R2,Cp,0.8717930987939193,4.0,0.8,ISO,1.5,1.0
ridge,PHASE1__Ma4_Kn0.8_ISO_hphs1.5_Tw1,R2,Cq,1.5162504167170108,4.0,0.8,ISO,1.5,1.0
ridge,PHASE1__Ma4_Kn0.8_ISO_hphs1.5_Tw1,R2,tau_abs,2.2935629139200953,4.0,0.8,ISO,1.5,1.0
ridge,PHASE1__Ma6_Kn0.1_BWD_hphs1.5_Tw1,R2,Cp,0.13050514961527115,6.0,0.1,BWD,1.5,1.0
ridge,PHASE1__Ma6_Kn0.1_BWD_hphs1.5_Tw1,R2,Cq,0.4318954972297165,6.0,0.1,BWD,1.5,1.0
ridge,PHASE1__Ma6_Kn0.1_BWD_hphs1.5_Tw1,R2,tau_abs,0.33149864152268965,6.0,0.1,BWD,1.5,1.0
ridge,PHASE1__Ma6_Kn0.1_FWD_hphs1.5_Tw1,R2,Cp,0.15440550852102153,6.0,0.1,FWD,1.5,1.0
ridge,PHASE1__Ma6_Kn0.1_FWD_hphs1.5_Tw1,R2,Cq,0.4798814691883897,6.0,0.1,FWD,1.5,1.0
ridge,PHASE1__Ma6_Kn0.1_FWD_hphs1.5_Tw1,R2,tau_abs,0.5552187201438051,6.0,0.1,FWD,1.5,1.0
ridge,PHASE1__Ma6_Kn0.1_ISO_hphs1.5_Tw1,R2,Cp,0.14843060264104443,6.0,0.1,ISO,1.5,1.0
ridge,PHASE1__Ma6_Kn0.1_ISO_hphs1.5_Tw1,R2,Cq,0.416826083995907,6.0,0.1,ISO,1.5,1.0
ridge,PHASE1__Ma6_Kn0.1_ISO_hphs1.5_Tw1,R2,tau_abs,0.5993229250548214,6.0,0.1,ISO,1.5,1.0
ridge,PHASE1__Ma6_Kn0.33_BWD_hphs1.5_Tw1,R2,Cp,0.3460146158486218,6.0,0.33,BWD,1.5,1.0
ridge,PHASE1__Ma6_Kn0.33_BWD_hphs1.5_Tw1,R2,Cq,0.3584011741194968,6.0,0.33,BWD,1.5,1.0
ridge,PHASE1__Ma6_Kn0.33_BWD_hphs1.5_Tw1,R2,tau_abs,0.17863077720415624,6.0,0.33,BWD,1.5,1.0
ridge,PHASE1__Ma6_Kn0.33_FWD_hphs1.5_Tw1,R2,Cp,0.26285688141279007,6.0,0.33,FWD,1.5,1.0
ridge,PHASE1__Ma6_Kn0.33_FWD_hphs1.5_Tw1,R2,Cq,0.3982399022077431,6.0,0.33,FWD,1.5,1.0
ridge,PHASE1__Ma6_Kn0.33_FWD_hphs1.5_Tw1,R2,tau_abs,0.5903388515580685,6.0,0.33,FWD,1.5,1.0
ridge,PHASE1__Ma6_Kn0.33_ISO_hphs1.5_Tw1,R2,Cp,0.3150491171127566,6.0,0.33,ISO,1.5,1.0
ridge,PHASE1__Ma6_Kn0.33_ISO_hphs1.5_Tw1,R2,Cq,0.34225638226851757,6.0,0.33,ISO,1.5,1.0
ridge,PHASE1__Ma6_Kn0.33_ISO_hphs1.5_Tw1,R2,tau_abs,0.4128938602643711,6.0,0.33,ISO,1.5,1.0
ridge,PHASE1__Ma6_Kn0.8_BWD_hphs1.5_Tw1,R2,Cp,0.5364157453813487,6.0,0.8,BWD,1.5,1.0
ridge,PHASE1__Ma6_Kn0.8_BWD_hphs1.5_Tw1,R2,Cq,0.465466983417741,6.0,0.8,BWD,1.5,1.0
ridge,PHASE1__Ma6_Kn0.8_BWD_hphs1.5_Tw1,R2,tau_abs,0.4821347171993942,6.0,0.8,BWD,1.5,1.0
ridge,PHASE1__Ma6_Kn0.8_FWD_hphs1.5_Tw1,R2,Cp,0.5622364756537596,6.0,0.8,FWD,1.5,1.0
ridge,PHASE1__Ma6_Kn0.8_FWD_hphs1.5_Tw1,R2,Cq,0.6133400162467708,6.0,0.8,FWD,1.5,1.0
ridge,PHASE1__Ma6_Kn0.8_FWD_hphs1.5_Tw1,R2,tau_abs,0.45777328305355275,6.0,0.8,FWD,1.5,1.0
ridge,PHASE1__Ma6_Kn0.8_ISO_hphs1.5_Tw1,R2,Cp,0.4254915091474087,6.0,0.8,ISO,1.5,1.0
ridge,PHASE1__Ma6_Kn0.8_ISO_hphs1.5_Tw1,R2,Cq,0.47710640561709,6.0,0.8,ISO,1.5,1.0
ridge,PHASE1__Ma6_Kn0.8_ISO_hphs1.5_Tw1,R2,tau_abs,0.603246312061802,6.0,0.8,ISO,1.5,1.0
ridge,PHASE1__Ma8_Kn0.1_BWD_hphs1.5_Tw1,R2,Cp,0.2524340442716049,8.0,0.1,BWD,1.5,1.0
ridge,PHASE1__Ma8_Kn0.1_BWD_hphs1.5_Tw1,R2,Cq,0.27400948884628373,8.0,0.1,BWD,1.5,1.0
ridge,PHASE1__Ma8_Kn0.1_BWD_hphs1.5_Tw1,R2,tau_abs,0.47227098771026893,8.0,0.1,BWD,1.5,1.0
ridge,PHASE1__Ma8_Kn0.1_FWD_hphs1.5_Tw1,R2,Cp,0.29059371999433653,8.0,0.1,FWD,1.5,1.0
ridge,PHASE1__Ma8_Kn0.1_FWD_hphs1.5_Tw1,R2,Cq,0.3884679443372502,8.0,0.1,FWD,1.5,1.0
ridge,PHASE1__Ma8_Kn0.1_FWD_hphs1.5_Tw1,R2,tau_abs,0.5284676005511487,8.0,0.1,FWD,1.5,1.0
ridge,PHASE1__Ma8_Kn0.1_ISO_hphs1.5_Tw1,R2,Cp,0.1215839542260386,8.0,0.1,ISO,1.5,1.0
ridge,PHASE1__Ma8_Kn0.1_ISO_hphs1.5_Tw1,R2,Cq,0.25791198923686354,8.0,0.1,ISO,1.5,1.0
ridge,PHASE1__Ma8_Kn0.1_ISO_hphs1.5_Tw1,R2,tau_abs,0.5685952682503622,8.0,0.1,ISO,1.5,1.0
ridge,PHASE1__Ma8_Kn0.33_BWD_hphs1.5_Tw1,R2,Cp,0.2091347919762105,8.0,0.33,BWD,1.5,1.0
ridge,PHASE1__Ma8_Kn0.33_BWD_hphs1.5_Tw1,R2,Cq,0.11829460399652378,8.0,0.33,BWD,1.5,1.0
ridge,PHASE1__Ma8_Kn0.33_BWD_hphs1.5_Tw1,R2,tau_abs,0.27804786663887093,8.0,0.33,BWD,1.5,1.0
ridge,PHASE1__Ma8_Kn0.33_FWD_hphs1.5_Tw1,R2,Cp,0.16778891975115395,8.0,0.33,FWD,1.5,1.0
ridge,PHASE1__Ma8_Kn0.33_FWD_hphs1.5_Tw1,R2,Cq,0.340158272172098,8.0,0.33,FWD,1.5,1.0
ridge,PHASE1__Ma8_Kn0.33_FWD_hphs1.5_Tw1,R2,tau_abs,1.38535242799505,8.0,0.33,FWD,1.5,1.0
ridge,PHASE1__Ma8_Kn0.33_ISO_hphs1.5_Tw1,R2,Cp,0.1871623206398693,8.0,0.33,ISO,1.5,1.0
ridge,PHASE1__Ma8_Kn0.33_ISO_hphs1.5_Tw1,R2,Cq,0.14700314594921268,8.0,0.33,ISO,1.5,1.0
ridge,PHASE1__Ma8_Kn0.33_ISO_hphs1.5_Tw1,R2,tau_abs,0.43282676975359247,8.0,0.33,ISO,1.5,1.0
ridge,PHASE1__Ma8_Kn0.8_BWD_hphs1.5_Tw1,R2,Cp,0.29015678985578097,8.0,0.8,BWD,1.5,1.0
ridge,PHASE1__Ma8_Kn0.8_BWD_hphs1.5_Tw1,R2,Cq,0.20576597924562595,8.0,0.8,BWD,1.5,1.0
ridge,PHASE1__Ma8_Kn0.8_BWD_hphs1.5_Tw1,R2,tau_abs,0.2122953492126556,8.0,0.8,BWD,1.5,1.0
ridge,PHASE1__Ma8_Kn0.8_FWD_hphs1.5_Tw1,R2,Cp,0.5158292673487712,8.0,0.8,FWD,1.5,1.0
ridge,PHASE1__Ma8_Kn0.8_FWD_hphs1.5_Tw1,R2,Cq,0.30608985668395156,8.0,0.8,FWD,1.5,1.0
ridge,PHASE1__Ma8_Kn0.8_FWD_hphs1.5_Tw1,R2,tau_abs,0.585354163390538,8.0,0.8,FWD,1.5,1.0
ridge,PHASE1__Ma8_Kn0.8_ISO_hphs1.5_Tw1,R2,Cp,0.36506279195088653,8.0,0.8,ISO,1.5,1.0
ridge,PHASE1__Ma8_Kn0.8_ISO_hphs1.5_Tw1,R2,Cq,0.148160859647754,8.0,0.8,ISO,1.5,1.0
ridge,PHASE1__Ma8_Kn0.8_ISO_hphs1.5_Tw1,R2,tau_abs,0.3286587037571057,8.0,0.8,ISO,1.5,1.0
ridge,PHASE1__Ma4_Kn0.1_BWD_hphs1.5_Tw1,R3,Cp,0.11265417046071016,4.0,0.1,BWD,1.5,1.0
ridge,PHASE1__Ma4_Kn0.1_BWD_hphs1.5_Tw1,R3,Cq,0.7365929707343538,4.0,0.1,BWD,1.5,1.0
ridge,PHASE1__Ma4_Kn0.1_BWD_hphs1.5_Tw1,R3,tau_abs,0.5821551057586523,4.0,0.1,BWD,1.5,1.0
ridge,PHASE1__Ma4_Kn0.1_FWD_hphs1.5_Tw1,R3,Cp,0.1831329466622155,4.0,0.1,FWD,1.5,1.0
ridge,PHASE1__Ma4_Kn0.1_FWD_hphs1.5_Tw1,R3,Cq,1.2385619650417141,4.0,0.1,FWD,1.5,1.0
ridge,PHASE1__Ma4_Kn0.1_FWD_hphs1.5_Tw1,R3,tau_abs,0.8902653734786533,4.0,0.1,FWD,1.5,1.0
ridge,PHASE1__Ma4_Kn0.1_ISO_hphs1.5_Tw1,R3,Cp,0.04681829064006295,4.0,0.1,ISO,1.5,1.0
ridge,PHASE1__Ma4_Kn0.1_ISO_hphs1.5_Tw1,R3,Cq,0.9097535259910741,4.0,0.1,ISO,1.5,1.0
ridge,PHASE1__Ma4_Kn0.1_ISO_hphs1.5_Tw1,R3,tau_abs,0.7267044532771113,4.0,0.1,ISO,1.5,1.0
ridge,PHASE1__Ma4_Kn0.33_BWD_hphs1.5_Tw1,R3,Cp,0.24877107628602338,4.0,0.33,BWD,1.5,1.0
ridge,PHASE1__Ma4_Kn0.33_BWD_hphs1.5_Tw1,R3,Cq,0.947189466319955,4.0,0.33,BWD,1.5,1.0
ridge,PHASE1__Ma4_Kn0.33_BWD_hphs1.5_Tw1,R3,tau_abs,0.9402374739999434,4.0,0.33,BWD,1.5,1.0
ridge,PHASE1__Ma4_Kn0.33_FWD_hphs1.5_Tw1,R3,Cp,0.29803729600767176,4.0,0.33,FWD,1.5,1.0
ridge,PHASE1__Ma4_Kn0.33_FWD_hphs1.5_Tw1,R3,Cq,2.0409354869455356,4.0,0.33,FWD,1.5,1.0
ridge,PHASE1__Ma4_Kn0.33_FWD_hphs1.5_Tw1,R3,tau_abs,1.8572217977515189,4.0,0.33,FWD,1.5,1.0
ridge,PHASE1__Ma4_Kn0.33_ISO_hphs1.5_Tw1,R3,Cp,0.2497693073644165,4.0,0.33,ISO,1.5,1.0
ridge,PHASE1__Ma4_Kn0.33_ISO_hphs1.5_Tw1,R3,Cq,1.2406779644458723,4.0,0.33,ISO,1.5,1.0
ridge,PHASE1__Ma4_Kn0.33_ISO_hphs1.5_Tw1,R3,tau_abs,1.2563211843489066,4.0,0.33,ISO,1.5,1.0
ridge,PHASE1__Ma4_Kn0.8_BWD_hphs1.5_Tw1,R3,Cp,0.7636411529173627,4.0,0.8,BWD,1.5,1.0
ridge,PHASE1__Ma4_Kn0.8_BWD_hphs1.5_Tw1,R3,Cq,2.019332782982275,4.0,0.8,BWD,1.5,1.0
ridge,PHASE1__Ma4_Kn0.8_BWD_hphs1.5_Tw1,R3,tau_abs,1.6527474343700168,4.0,0.8,BWD,1.5,1.0
ridge,PHASE1__Ma4_Kn0.8_FWD_hphs1.5_Tw1,R3,Cp,0.49915943602422896,4.0,0.8,FWD,1.5,1.0
ridge,PHASE1__Ma4_Kn0.8_FWD_hphs1.5_Tw1,R3,Cq,2.848500289459398,4.0,0.8,FWD,1.5,1.0
ridge,PHASE1__Ma4_Kn0.8_FWD_hphs1.5_Tw1,R3,tau_abs,2.3862229035987763,4.0,0.8,FWD,1.5,1.0
ridge,PHASE1__Ma4_Kn0.8_ISO_hphs1.5_Tw1,R3,Cp,0.8268992058095055,4.0,0.8,ISO,1.5,1.0
ridge,PHASE1__Ma4_Kn0.8_ISO_hphs1.5_Tw1,R3,Cq,2.0383633491749866,4.0,0.8,ISO,1.5,1.0
ridge,PHASE1__Ma4_Kn0.8_ISO_hphs1.5_Tw1,R3,tau_abs,2.1361489689222615,4.0,0.8,ISO,1.5,1.0
ridge,PHASE1__Ma6_Kn0.1_BWD_hphs1.5_Tw1,R3,Cp,0.10015387957735158,6.0,0.1,BWD,1.5,1.0
ridge,PHASE1__Ma6_Kn0.1_BWD_hphs1.5_Tw1,R3,Cq,0.39011460324704994,6.0,0.1,BWD,1.5,1.0
ridge,PHASE1__Ma6_Kn0.1_BWD_hphs1.5_Tw1,R3,tau_abs,0.3733652548164512,6.0,0.1,BWD,1.5,1.0
ridge,PHASE1__Ma6_Kn0.1_FWD_hphs1.5_Tw1,R3,Cp,0.14969318621186598,6.0,0.1,FWD,1.5,1.0
ridge,PHASE1__Ma6_Kn0.1_FWD_hphs1.5_Tw1,R3,Cq,0.4212128576196035,6.0,0.1,FWD,1.5,1.0
ridge,PHASE1__Ma6_Kn0.1_FWD_hphs1.5_Tw1,R3,tau_abs,0.5030538124500251,6.0,0.1,FWD,1.5,1.0
ridge,PHASE1__Ma6_Kn0.1_ISO_hphs1.5_Tw1,R3,Cp,0.15577014584078056,6.0,0.1,ISO,1.5,1.0
ridge,PHASE1__Ma6_Kn0.1_ISO_hphs1.5_Tw1,R3,Cq,0.38383076218912504,6.0,0.1,ISO,1.5,1.0
ridge,PHASE1__Ma6_Kn0.1_ISO_hphs1.5_Tw1,R3,tau_abs,0.5880933964555191,6.0,0.1,ISO,1.5,1.0
ridge,PHASE1__Ma6_Kn0.33_BWD_hphs1.5_Tw1,R3,Cp,0.29766166128693444,6.0,0.33,BWD,1.5,1.0
ridge,PHASE1__Ma6_Kn0.33_BWD_hphs1.5_Tw1,R3,Cq,0.2865113957193667,6.0,0.33,BWD,1.5,1.0
ridge,PHASE1__Ma6_Kn0.33_BWD_hphs1.5_Tw1,R3,tau_abs,0.14295175617444458,6.0,0.33,BWD,1.5,1.0
ridge,PHASE1__Ma6_Kn0.33_FWD_hphs1.5_Tw1,R3,Cp,0.2534561694258596,6.0,0.33,FWD,1.5,1.0
ridge,PHASE1__Ma6_Kn0.33_FWD_hphs1.5_Tw1,R3,Cq,0.43043196866385974,6.0,0.33,FWD,1.5,1.0
ridge,PHASE1__Ma6_Kn0.33_FWD_hphs1.5_Tw1,R3,tau_abs,0.655823807626917,6.0,0.33,FWD,1.5,1.0
ridge,PHASE1__Ma6_Kn0.33_ISO_hphs1.5_Tw1,R3,Cp,0.3113042250956649,6.0,0.33,ISO,1.5,1.0
ridge,PHASE1__Ma6_Kn0.33_ISO_hphs1.5_Tw1,R3,Cq,0.3395895785175185,6.0,0.33,ISO,1.5,1.0
ridge,PHASE1__Ma6_Kn0.33_ISO_hphs1.5_Tw1,R3,tau_abs,0.4455930741453655,6.0,0.33,ISO,1.5,1.0
ridge,PHASE1__Ma6_Kn0.8_BWD_hphs1.5_Tw1,R3,Cp,0.4772877068649862,6.0,0.8,BWD,1.5,1.0
ridge,PHASE1__Ma6_Kn0.8_BWD_hphs1.5_Tw1,R3,Cq,0.5309706006540538,6.0,0.8,BWD,1.5,1.0
ridge,PHASE1__Ma6_Kn0.8_BWD_hphs1.5_Tw1,R3,tau_abs,0.4902470790788627,6.0,0.8,BWD,1.5,1.0
ridge,PHASE1__Ma6_Kn0.8_FWD_hphs1.5_Tw1,R3,Cp,0.4157914042058331,6.0,0.8,FWD,1.5,1.0
ridge,PHASE1__Ma6_Kn0.8_FWD_hphs1.5_Tw1,R3,Cq,0.81648932118533,6.0,0.8,FWD,1.5,1.0
ridge,PHASE1__Ma6_Kn0.8_FWD_hphs1.5_Tw1,R3,tau_abs,0.6060223239303286,6.0,0.8,FWD,1.5,1.0
ridge,PHASE1__Ma6_Kn0.8_ISO_hphs1.5_Tw1,R3,Cp,0.3062837155035083,6.0,0.8,ISO,1.5,1.0
ridge,PHASE1__Ma6_Kn0.8_ISO_hphs1.5_Tw1,R3,Cq,0.5903558921082526,6.0,0.8,ISO,1.5,1.0
ridge,PHASE1__Ma6_Kn0.8_ISO_hphs1.5_Tw1,R3,tau_abs,0.5034551234032516,6.0,0.8,ISO,1.5,1.0
ridge,PHASE1__Ma8_Kn0.1_BWD_hphs1.5_Tw1,R3,Cp,0.22890042613050457,8.0,0.1,BWD,1.5,1.0
ridge,PHASE1__Ma8_Kn0.1_BWD_hphs1.5_Tw1,R3,Cq,0.2977981246607709,8.0,0.1,BWD,1.5,1.0
ridge,PHASE1__Ma8_Kn0.1_BWD_hphs1.5_Tw1,R3,tau_abs,0.5196941101826453,8.0,0.1,BWD,1.5,1.0
ridge,PHASE1__Ma8_Kn0.1_FWD_hphs1.5_Tw1,R3,Cp,0.22562763073040956,8.0,0.1,FWD,1.5,1.0
ridge,PHASE1__Ma8_Kn0.1_FWD_hphs1.5_Tw1,R3,Cq,0.4243634738453108,8.0,0.1,FWD,1.5,1.0
ridge,PHASE1__Ma8_Kn0.1_FWD_hphs1.5_Tw1,R3,tau_abs,0.5849208261258338,8.0,0.1,FWD,1.5,1.0
ridge,PHASE1__Ma8_Kn0.1_ISO_hphs1.5_Tw1,R3,Cp,0.10711454752724317,8.0,0.1,ISO,1.5,1.0
ridge,PHASE1__Ma8_Kn0.1_ISO_hphs1.5_Tw1,R3,Cq,0.29086091807014786,8.0,0.1,ISO,1.5,1.0
ridge,PHASE1__Ma8_Kn0.1_ISO_hphs1.5_Tw1,R3,tau_abs,0.6031241432461203,8.0,0.1,ISO,1.5,1.0
ridge,PHASE1__Ma8_Kn0.33_BWD_hphs1.5_Tw1,R3,Cp,0.1512297502600994,8.0,0.33,BWD,1.5,1.0
ridge,PHASE1__Ma8_Kn0.33_BWD_hphs1.5_Tw1,R3,Cq,0.14271701351765306,8.0,0.33,BWD,1.5,1.0
ridge,PHASE1__Ma8_Kn0.33_BWD_hphs1.5_Tw1,R3,tau_abs,0.31097308298137427,8.0,0.33,BWD,1.5,1.0
ridge,PHASE1__Ma8_Kn0.33_FWD_hphs1.5_Tw1,R3,Cp,0.09761921949295088,8.0,0.33,FWD,1.5,1.0
ridge,PHASE1__Ma8_Kn0.33_FWD_hphs1.5_Tw1,R3,Cq,0.3470376952651142,8.0,0.33,FWD,1.5,1.0
ridge,PHASE1__Ma8_Kn0.33_FWD_hphs1.5_Tw1,R3,tau_abs,1.6626039675735038,8.0,0.33,FWD,1.5,1.0
ridge,PHASE1__Ma8_Kn0.33_ISO_hphs1.5_Tw1,R3,Cp,0.08682791379288102,8.0,0.33,ISO,1.5,1.0
ridge,PHASE1__Ma8_Kn0.33_ISO_hphs1.5_Tw1,R3,Cq,0.17788490775139765,8.0,0.33,ISO,1.5,1.0
ridge,PHASE1__Ma8_Kn0.33_ISO_hphs1.5_Tw1,R3,tau_abs,0.4911029952471709,8.0,0.33,ISO,1.5,1.0
ridge,PHASE1__Ma8_Kn0.8_BWD_hphs1.5_Tw1,R3,Cp,0.4129824749256898,8.0,0.8,BWD,1.5,1.0
ridge,PHASE1__Ma8_Kn0.8_BWD_hphs1.5_Tw1,R3,Cq,0.19044506397651959,8.0,0.8,BWD,1.5,1.0
ridge,PHASE1__Ma8_Kn0.8_BWD_hphs1.5_Tw1,R3,tau_abs,0.24350517164733654,8.0,0.8,BWD,1.5,1.0
ridge,PHASE1__Ma8_Kn0.8_FWD_hphs1.5_Tw1,R3,Cp,0.1679384364560497,8.0,0.8,FWD,1.5,1.0
ridge,PHASE1__Ma8_Kn0.8_FWD_hphs1.5_Tw1,R3,Cq,0.3771208264440313,8.0,0.8,FWD,1.5,1.0
ridge,PHASE1__Ma8_Kn0.8_FWD_hphs1.5_Tw1,R3,tau_abs,0.6311162679068827,8.0,0.8,FWD,1.5,1.0
ridge,PHASE1__Ma8_Kn0.8_ISO_hphs1.5_Tw1,R3,Cp,0.2541705183458011,8.0,0.8,ISO,1.5,1.0
ridge,PHASE1__Ma8_Kn0.8_ISO_hphs1.5_Tw1,R3,Cq,0.1494361221267241,8.0,0.8,ISO,1.5,1.0
ridge,PHASE1__Ma8_Kn0.8_ISO_hphs1.5_Tw1,R3,tau_abs,0.3544508503723718,8.0,0.8,ISO,1.5,1.0
ridge,PHASE1__Ma4_Kn0.1_BWD_hphs1.5_Tw1,full,Cp,0.10355991545885992,4.0,0.1,BWD,1.5,1.0
ridge,PHASE1__Ma4_Kn0.1_BWD_hphs1.5_Tw1,full,Cq,0.6280992583788785,4.0,0.1,BWD,1.5,1.0
ridge,PHASE1__Ma4_Kn0.1_BWD_hphs1.5_Tw1,full,tau_abs,0.2621629955167306,4.0,0.1,BWD,1.5,1.0
ridge,PHASE1__Ma4_Kn0.1_FWD_hphs1.5_Tw1,full,Cp,0.12838963394155548,4.0,0.1,FWD,1.5,1.0
ridge,PHASE1__Ma4_Kn0.1_FWD_hphs1.5_Tw1,full,Cq,0.5435586162359718,4.0,0.1,FWD,1.5,1.0
ridge,PHASE1__Ma4_Kn0.1_FWD_hphs1.5_Tw1,full,tau_abs,0.9558499740866796,4.0,0.1,FWD,1.5,1.0
ridge,PHASE1__Ma4_Kn0.1_ISO_hphs1.5_Tw1,full,Cp,0.09229761707677792,4.0,0.1,ISO,1.5,1.0
ridge,PHASE1__Ma4_Kn0.1_ISO_hphs1.5_Tw1,full,Cq,0.3851585787499104,4.0,0.1,ISO,1.5,1.0
ridge,PHASE1__Ma4_Kn0.1_ISO_hphs1.5_Tw1,full,tau_abs,0.5480163224159412,4.0,0.1,ISO,1.5,1.0
ridge,PHASE1__Ma4_Kn0.33_BWD_hphs1.5_Tw1,full,Cp,0.401442214772223,4.0,0.33,BWD,1.5,1.0
ridge,PHASE1__Ma4_Kn0.33_BWD_hphs1.5_Tw1,full,Cq,0.8202966795165213,4.0,0.33,BWD,1.5,1.0
ridge,PHASE1__Ma4_Kn0.33_BWD_hphs1.5_Tw1,full,tau_abs,0.391634554920016,4.0,0.33,BWD,1.5,1.0
ridge,PHASE1__Ma4_Kn0.33_FWD_hphs1.5_Tw1,full,Cp,0.2117452077660257,4.0,0.33,FWD,1.5,1.0
ridge,PHASE1__Ma4_Kn0.33_FWD_hphs1.5_Tw1,full,Cq,0.7203532458004486,4.0,0.33,FWD,1.5,1.0
ridge,PHASE1__Ma4_Kn0.33_FWD_hphs1.5_Tw1,full,tau_abs,1.8218109512622922,4.0,0.33,FWD,1.5,1.0
ridge,PHASE1__Ma4_Kn0.33_ISO_hphs1.5_Tw1,full,Cp,0.13068582787899394,4.0,0.33,ISO,1.5,1.0
ridge,PHASE1__Ma4_Kn0.33_ISO_hphs1.5_Tw1,full,Cq,0.42984108758472594,4.0,0.33,ISO,1.5,1.0
ridge,PHASE1__Ma4_Kn0.33_ISO_hphs1.5_Tw1,full,tau_abs,0.9400470968383345,4.0,0.33,ISO,1.5,1.0
ridge,PHASE1__Ma4_Kn0.8_BWD_hphs1.5_Tw1,full,Cp,0.7046463223950351,4.0,0.8,BWD,1.5,1.0
ridge,PHASE1__Ma4_Kn0.8_BWD_hphs1.5_Tw1,full,Cq,1.2223238499705797,4.0,0.8,BWD,1.5,1.0
ridge,PHASE1__Ma4_Kn0.8_BWD_hphs1.5_Tw1,full,tau_abs,0.7890798013160274,4.0,0.8,BWD,1.5,1.0
ridge,PHASE1__Ma4_Kn0.8_FWD_hphs1.5_Tw1,full,Cp,1.804345349877777,4.0,0.8,FWD,1.5,1.0
ridge,PHASE1__Ma4_Kn0.8_FWD_hphs1.5_Tw1,full,Cq,1.2262369225421683,4.0,0.8,FWD,1.5,1.0
ridge,PHASE1__Ma4_Kn0.8_FWD_hphs1.5_Tw1,full,tau_abs,2.079172694061083,4.0,0.8,FWD,1.5,1.0
ridge,PHASE1__Ma4_Kn0.8_ISO_hphs1.5_Tw1,full,Cp,1.004571329239261,4.0,0.8,ISO,1.5,1.0
ridge,PHASE1__Ma4_Kn0.8_ISO_hphs1.5_Tw1,full,Cq,1.373808851964989,4.0,0.8,ISO,1.5,1.0
ridge,PHASE1__Ma4_Kn0.8_ISO_hphs1.5_Tw1,full,tau_abs,2.45871851032484,4.0,0.8,ISO,1.5,1.0
ridge,PHASE1__Ma6_Kn0.1_BWD_hphs1.5_Tw1,full,Cp,0.09078112631400284,6.0,0.1,BWD,1.5,1.0
ridge,PHASE1__Ma6_Kn0.1_BWD_hphs1.5_Tw1,full,Cq,0.238486091551062,6.0,0.1,BWD,1.5,1.0
ridge,PHASE1__Ma6_Kn0.1_BWD_hphs1.5_Tw1,full,tau_abs,0.1944389479673383,6.0,0.1,BWD,1.5,1.0
ridge,PHASE1__Ma6_Kn0.1_FWD_hphs1.5_Tw1,full,Cp,0.09584566913535558,6.0,0.1,FWD,1.5,1.0
ridge,PHASE1__Ma6_Kn0.1_FWD_hphs1.5_Tw1,full,Cq,0.27216297598616873,6.0,0.1,FWD,1.5,1.0
ridge,PHASE1__Ma6_Kn0.1_FWD_hphs1.5_Tw1,full,tau_abs,0.5055786444130302,6.0,0.1,FWD,1.5,1.0
ridge,PHASE1__Ma6_Kn0.1_ISO_hphs1.5_Tw1,full,Cp,0.10019783929644344,6.0,0.1,ISO,1.5,1.0
ridge,PHASE1__Ma6_Kn0.1_ISO_hphs1.5_Tw1,full,Cq,0.2864808476389248,6.0,0.1,ISO,1.5,1.0
ridge,PHASE1__Ma6_Kn0.1_ISO_hphs1.5_Tw1,full,tau_abs,0.40854407845092783,6.0,0.1,ISO,1.5,1.0
ridge,PHASE1__Ma6_Kn0.33_BWD_hphs1.5_Tw1,full,Cp,0.07006637277698172,6.0,0.33,BWD,1.5,1.0
ridge,PHASE1__Ma6_Kn0.33_BWD_hphs1.5_Tw1,full,Cq,0.1336383256574426,6.0,0.33,BWD,1.5,1.0
ridge,PHASE1__Ma6_Kn0.33_BWD_hphs1.5_Tw1,full,tau_abs,0.1958587485830227,6.0,0.33,BWD,1.5,1.0
ridge,PHASE1__Ma6_Kn0.33_FWD_hphs1.5_Tw1,full,Cp,0.2774230051547542,6.0,0.33,FWD,1.5,1.0
ridge,PHASE1__Ma6_Kn0.33_FWD_hphs1.5_Tw1,full,Cq,0.3251487939902964,6.0,0.33,FWD,1.5,1.0
ridge,PHASE1__Ma6_Kn0.33_FWD_hphs1.5_Tw1,full,tau_abs,0.4580114713721548,6.0,0.33,FWD,1.5,1.0
ridge,PHASE1__Ma6_Kn0.33_ISO_hphs1.5_Tw1,full,Cp,0.2068551033109793,6.0,0.33,ISO,1.5,1.0
ridge,PHASE1__Ma6_Kn0.33_ISO_hphs1.5_Tw1,full,Cq,0.21103950143223982,6.0,0.33,ISO,1.5,1.0
ridge,PHASE1__Ma6_Kn0.33_ISO_hphs1.5_Tw1,full,tau_abs,0.2656386618927963,6.0,0.33,ISO,1.5,1.0
ridge,PHASE1__Ma6_Kn0.8_BWD_hphs1.5_Tw1,full,Cp,0.24815072996749493,6.0,0.8,BWD,1.5,1.0
ridge,PHASE1__Ma6_Kn0.8_BWD_hphs1.5_Tw1,full,Cq,0.2142760380284605,6.0,0.8,BWD,1.5,1.0
ridge,PHASE1__Ma6_Kn0.8_BWD_hphs1.5_Tw1,full,tau_abs,0.4331310760414843,6.0,0.8,BWD,1.5,1.0
ridge,PHASE1__Ma6_Kn0.8_FWD_hphs1.5_Tw1,full,Cp,0.28159533251370916,6.0,0.8,FWD,1.5,1.0
ridge,PHASE1__Ma6_Kn0.8_FWD_hphs1.5_Tw1,full,Cq,0.39984512885176426,6.0,0.8,FWD,1.5,1.0
ridge,PHASE1__Ma6_Kn0.8_FWD_hphs1.5_Tw1,full,tau_abs,0.4397677035929268,6.0,0.8,FWD,1.5,1.0
ridge,PHASE1__Ma6_Kn0.8_ISO_hphs1.5_Tw1,full,Cp,0.19669846829583673,6.0,0.8,ISO,1.5,1.0
ridge,PHASE1__Ma6_Kn0.8_ISO_hphs1.5_Tw1,full,Cq,0.24009287265262247,6.0,0.8,ISO,1.5,1.0
ridge,PHASE1__Ma6_Kn0.8_ISO_hphs1.5_Tw1,full,tau_abs,0.5554046300736293,6.0,0.8,ISO,1.5,1.0
ridge,PHASE1__Ma8_Kn0.1_BWD_hphs1.5_Tw1,full,Cp,0.12600387332986837,8.0,0.1,BWD,1.5,1.0
ridge,PHASE1__Ma8_Kn0.1_BWD_hphs1.5_Tw1,full,Cq,0.16049068077866335,8.0,0.1,BWD,1.5,1.0
ridge,PHASE1__Ma8_Kn0.1_BWD_hphs1.5_Tw1,full,tau_abs,0.36403608955074274,8.0,0.1,BWD,1.5,1.0
ridge,PHASE1__Ma8_Kn0.1_FWD_hphs1.5_Tw1,full,Cp,0.20780923557922273,8.0,0.1,FWD,1.5,1.0
ridge,PHASE1__Ma8_Kn0.1_FWD_hphs1.5_Tw1,full,Cq,0.2805054901044625,8.0,0.1,FWD,1.5,1.0
ridge,PHASE1__Ma8_Kn0.1_FWD_hphs1.5_Tw1,full,tau_abs,0.44149783476437854,8.0,0.1,FWD,1.5,1.0
ridge,PHASE1__Ma8_Kn0.1_ISO_hphs1.5_Tw1,full,Cp,0.087016903528991,8.0,0.1,ISO,1.5,1.0
ridge,PHASE1__Ma8_Kn0.1_ISO_hphs1.5_Tw1,full,Cq,0.1548840210575789,8.0,0.1,ISO,1.5,1.0
ridge,PHASE1__Ma8_Kn0.1_ISO_hphs1.5_Tw1,full,tau_abs,0.44716421453460925,8.0,0.1,ISO,1.5,1.0
ridge,PHASE1__Ma8_Kn0.33_BWD_hphs1.5_Tw1,full,Cp,0.16943914133434154,8.0,0.33,BWD,1.5,1.0
ridge,PHASE1__Ma8_Kn0.33_BWD_hphs1.5_Tw1,full,Cq,0.05450149352588534,8.0,0.33,BWD,1.5,1.0
ridge,PHASE1__Ma8_Kn0.33_BWD_hphs1.5_Tw1,full,tau_abs,0.17816948689834936,8.0,0.33,BWD,1.5,1.0
ridge,PHASE1__Ma8_Kn0.33_FWD_hphs1.5_Tw1,full,Cp,0.19688850802795116,8.0,0.33,FWD,1.5,1.0
ridge,PHASE1__Ma8_Kn0.33_FWD_hphs1.5_Tw1,full,Cq,0.17718745960537946,8.0,0.33,FWD,1.5,1.0
ridge,PHASE1__Ma8_Kn0.33_FWD_hphs1.5_Tw1,full,tau_abs,0.4996794109717486,8.0,0.33,FWD,1.5,1.0
ridge,PHASE1__Ma8_Kn0.33_ISO_hphs1.5_Tw1,full,Cp,0.136828285739568,8.0,0.33,ISO,1.5,1.0
ridge,PHASE1__Ma8_Kn0.33_ISO_hphs1.5_Tw1,full,Cq,0.060055217794191325,8.0,0.33,ISO,1.5,1.0
ridge,PHASE1__Ma8_Kn0.33_ISO_hphs1.5_Tw1,full,tau_abs,0.3568465426550833,8.0,0.33,ISO,1.5,1.0
ridge,PHASE1__Ma8_Kn0.8_BWD_hphs1.5_Tw1,full,Cp,0.3487697510936592,8.0,0.8,BWD,1.5,1.0
ridge,PHASE1__Ma8_Kn0.8_BWD_hphs1.5_Tw1,full,Cq,0.2264423118454791,8.0,0.8,BWD,1.5,1.0
ridge,PHASE1__Ma8_Kn0.8_BWD_hphs1.5_Tw1,full,tau_abs,0.33273466193054435,8.0,0.8,BWD,1.5,1.0
ridge,PHASE1__Ma8_Kn0.8_FWD_hphs1.5_Tw1,full,Cp,0.2617663383430844,8.0,0.8,FWD,1.5,1.0
ridge,PHASE1__Ma8_Kn0.8_FWD_hphs1.5_Tw1,full,Cq,0.3088102942986141,8.0,0.8,FWD,1.5,1.0
ridge,PHASE1__Ma8_Kn0.8_FWD_hphs1.5_Tw1,full,tau_abs,0.6907398873575529,8.0,0.8,FWD,1.5,1.0
ridge,PHASE1__Ma8_Kn0.8_ISO_hphs1.5_Tw1,full,Cp,0.22909148457902961,8.0,0.8,ISO,1.5,1.0
ridge,PHASE1__Ma8_Kn0.8_ISO_hphs1.5_Tw1,full,Cq,0.2240717912825545,8.0,0.8,ISO,1.5,1.0
ridge,PHASE1__Ma8_Kn0.8_ISO_hphs1.5_Tw1,full,tau_abs,0.3605846655890992,8.0,0.8,ISO,1.5,1.0
