model,case_id,target,epsilon,reference_mode,reference_config,reference_error,threshold_error,reached,is_censored,R_epsilon_label,R_epsilon_over_hs,R_epsilon_lower_bound_hs,error_at_R_epsilon,Ma,Kn,geom,hphs,TwTinf
extratrees,PHASE1__Ma4_Kn0.1_BWD_hphs1.5_Tw1,Cp,0.025,full_domain_ring,full,0.059650737992872814,0.06114200644269463,False,True,not_reached,,3.0,,4.0,0.1,BWD,1.5,1.0
extratrees,PHASE1__Ma4_Kn0.1_BWD_hphs1.5_Tw1,Cp,0.025,max_cumulative_patch,R3,0.14061694933498384,0.1441323730683584,True,False,R0p05,0.05,0.05,0.12794469547022283,4.0,0.1,BWD,1.5,1.0
extratrees,PHASE1__Ma4_Kn0.1_BWD_hphs1.5_Tw1,Cp,0.05,full_domain_ring,full,0.059650737992872814,0.06263327489251645,False,True,not_reached,,3.0,,4.0,0.1,BWD,1.5,1.0
extratrees,PHASE1__Ma4_Kn0.1_BWD_hphs1.5_Tw1,Cp,0.05,max_cumulative_patch,R3,0.14061694933498384,0.14764779680173304,True,False,R0p05,0.05,0.05,0.12794469547022283,4.0,0.1,BWD,1.5,1.0
extratrees,PHASE1__Ma4_Kn0.1_BWD_hphs1.5_Tw1,Cp,0.1,full_domain_ring,full,0.059650737992872814,0.0656158117921601,False,True,not_reached,,3.0,,4.0,0.1,BWD,1.5,1.0
extratrees,PHASE1__Ma4_Kn0.1_BWD_hphs1.5_Tw1,Cp,0.1,max_cumulative_patch,R3,0.14061694933498384,0.15467864426848224,True,False,R0p05,0.05,0.05,0.12794469547022283,4.0,0.1,BWD,1.5,1.0
extratrees,PHASE1__Ma4_Kn0.1_BWD_hphs1.5_Tw1,Cq,0.025,full_domain_ring,full,0.28173348459136693,0.2887768217061511,False,True,not_reached,,3.0,,4.0,0.1,BWD,1.5,1.0
extratrees,PHASE1__Ma4_Kn0.1_BWD_hphs1.5_Tw1,Cq,0.025,max_cumulative_patch,R3,0.40168005798278844,0.4117220594323581,True,False,R0p50,0.5,0.5,0.36681494965245937,4.0,0.1,BWD,1.5,1.0
extratrees,PHASE1__Ma4_Kn0.1_BWD_hphs1.5_Tw1,Cq,0.05,full_domain_ring,full,0.28173348459136693,0.2958201588209353,False,True,not_reached,,3.0,,4.0,0.1,BWD,1.5,1.0
extratrees,PHASE1__Ma4_Kn0.1_BWD_hphs1.5_Tw1,Cq,0.05,max_cumulative_patch,R3,0.40168005798278844,0.42176406088192786,True,False,R0p50,0.5,0.5,0.36681494965245937,4.0,0.1,BWD,1.5,1.0
extratrees,PHASE1__Ma4_Kn0.1_BWD_hphs1.5_Tw1,Cq,0.1,full_domain_ring,full,0.28173348459136693,0.30990683305050365,False,True,not_reached,,3.0,,4.0,0.1,BWD,1.5,1.0
extratrees,PHASE1__Ma4_Kn0.1_BWD_hphs1.5_Tw1,Cq,0.1,max_cumulative_patch,R3,0.40168005798278844,0.44184806378106734,True,False,R0p50,0.5,0.5,0.36681494965245937,4.0,0.1,BWD,1.5,1.0
extratrees,PHASE1__Ma4_Kn0.1_BWD_hphs1.5_Tw1,tau_abs,0.025,full_domain_ring,full,0.42135334827440585,0.43188718198126597,True,False,R0p05,0.05,0.05,0.15463666613432514,4.0,0.1,BWD,1.5,1.0
extratrees,PHASE1__Ma4_Kn0.1_BWD_hphs1.5_Tw1,tau_abs,0.025,max_cumulative_patch,R3,0.32870625949788507,0.33692391598533217,True,False,R0p05,0.05,0.05,0.15463666613432514,4.0,0.1,BWD,1.5,1.0
extratrees,PHASE1__Ma4_Kn0.1_BWD_hphs1.5_Tw1,tau_abs,0.05,full_domain_ring,full,0.42135334827440585,0.44242101568812614,True,False,R0p05,0.05,0.05,0.15463666613432514,4.0,0.1,BWD,1.5,1.0
extratrees,PHASE1__Ma4_Kn0.1_BWD_hphs1.5_Tw1,tau_abs,0.05,max_cumulative_patch,R3,0.32870625949788507,0.3451415724727793,True,False,R0p05,0.05,0.05,0.15463666613432514,4.0,0.1,BWD,1.5,1.0
extratrees,PHASE1__Ma4_Kn0.1_BWD_hphs1.5_Tw1,tau_abs,0.1,full_domain_ring,full,0.42135334827440585,0.4634886831018465,True,False,R0p05,0.05,0.05,0.15463666613432514,4.0,0.1,BWD,1.5,1.0
extratrees,PHASE1__Ma4_Kn0.1_BWD_hphs1.5_Tw1,tau_abs,0.1,max_cumulative_patch,R3,0.32870625949788507,0.3615768854476736,True,False,R0p05,0.05,0.05,0.15463666613432514,4.0,0.1,BWD,1.5,1.0
extratrees,PHASE1__Ma4_Kn0.1_FWD_hphs1.5_Tw1,Cp,0.025,full_domain_ring,full,0.11228732620666107,0.1150945093618276,True,False,R0p05,0.05,0.05,0.08074299021044425,4.0,0.1,FWD,1.5,1.0
extratrees,PHASE1__Ma4_Kn0.1_FWD_hphs1.5_Tw1,Cp,0.025,max_cumulative_patch,R3,0.09982482808539433,0.10232044878752919,True,False,R0p05,0.05,0.05,0.08074299021044425,4.0,0.1,FWD,1.5,1.0
extratrees,PHASE1__Ma4_Kn0.1_FWD_hphs1.5_Tw1,Cp,0.05,full_domain_ring,full,0.11228732620666107,0.11790169251699413,True,False,R0p05,0.05,0.05,0.08074299021044425,4.0,0.1,FWD,1.5,1.0
extratrees,PHASE1__Ma4_Kn0.1_FWD_hphs1.5_Tw1,Cp,0.05,max_cumulative_patch,R3,0.09982482808539433,0.10481606948966406,True,False,R0p05,0.05,0.05,0.08074299021044425,4.0,0.1,FWD,1.5,1.0
extratrees,PHASE1__Ma4_Kn0.1_FWD_hphs1.5_Tw1,Cp,0.1,full_domain_ring,full,0.11228732620666107,0.12351605882732719,True,False,R0p05,0.05,0.05,0.08074299021044425,4.0,0.1,FWD,1.5,1.0
extratrees,PHASE1__Ma4_Kn0.1_FWD_hphs1.5_Tw1,Cp,0.1,max_cumulative_patch,R3,0.09982482808539433,0.10980731089393378,True,False,R0p05,0.05,0.05,0.08074299021044425,4.0,0.1,FWD,1.5,1.0
extratrees,PHASE1__Ma4_Kn0.1_FWD_hphs1.5_Tw1,Cq,0.025,full_domain_ring,full,0.5118919105929719,0.5246892083577962,True,False,R0p75,0.75,0.75,0.47044235124315764,4.0,0.1,FWD,1.5,1.0
extratrees,PHASE1__Ma4_Kn0.1_FWD_hphs1.5_Tw1,Cq,0.025,max_cumulative_patch,R3,0.6804053577864748,0.6974154917311366,True,False,R0p05,0.05,0.05,0.6634617677870445,4.0,0.1,FWD,1.5,1.0
extratrees,PHASE1__Ma4_Kn0.1_FWD_hphs1.5_Tw1,Cq,0.05,full_domain_ring,full,0.5118919105929719,0.5374865061226205,True,False,R0p75,0.75,0.75,0.47044235124315764,4.0,0.1,FWD,1.5,1.0
extratrees,PHASE1__Ma4_Kn0.1_FWD_hphs1.5_Tw1,Cq,0.05,max_cumulative_patch,R3,0.6804053577864748,0.7144256256757986,True,False,R0p05,0.05,0.05,0.6634617677870445,4.0,0.1,FWD,1.5,1.0
extratrees,PHASE1__Ma4_Kn0.1_FWD_hphs1.5_Tw1,Cq,0.1,full_domain_ring,full,0.5118919105929719,0.5630811016522691,True,False,R0p75,0.75,0.75,0.47044235124315764,4.0,0.1,FWD,1.5,1.0
extratrees,PHASE1__Ma4_Kn0.1_FWD_hphs1.5_Tw1,Cq,0.1,max_cumulative_patch,R3,0.6804053577864748,0.7484458935651224,True,False,R0p05,0.05,0.05,0.6634617677870445,4.0,0.1,FWD,1.5,1.0
extratrees,PHASE1__Ma4_Kn0.1_FWD_hphs1.5_Tw1,tau_abs,0.025,full_domain_ring,full,0.773492450225574,0.7928297614812133,True,False,R0p05,0.05,0.05,0.6555358838414587,4.0,0.1,FWD,1.5,1.0
extratrees,PHASE1__Ma4_Kn0.1_FWD_hphs1.5_Tw1,tau_abs,0.025,max_cumulative_patch,R3,0.7033360750318841,0.7209194769076811,True,False,R0p05,0.05,0.05,0.6555358838414587,4.0,0.1,FWD,1.5,1.0
extratrees,PHASE1__Ma4_Kn0.1_FWD_hphs1.5_Tw1,tau_abs,0.05,full_domain_ring,full,0.773492450225574,0.8121670727368527,True,False,R0p05,0.05,0.05,0.6555358838414587,4.0,0.1,FWD,1.5,1.0
extratrees,PHASE1__Ma4_Kn0.1_FWD_hphs1.5_Tw1,tau_abs,0.05,max_cumulative_patch,R3,0.7033360750318841,0.7385028787834783,True,False,R0p05,0.05,0.05,0.6555358838414587,4.0,0.1,FWD,1.5,1.0
extratrees,PHASE1__Ma4_Kn0.1_FWD_hphs1.5_Tw1,tau_abs,0.1,full_domain_ring,full,0.773492450225574,0.8508416952481315,True,False,R0p05,0.05,0.05,0.6555358838414587,4.0,0.1,FWD,1.5,1.0
extratrees,PHASE1__Ma4_Kn0.1_FWD_hphs1.5_Tw1,tau_abs,0.1,max_cumulative_patch,R3,0.7033360750318841,0.7736696825350726,True,False,R0p05,0.05,0.05,0.6555358838414587,4.0,0.1,FWD,1.5,1.0
extratrees,PHASE1__Ma4_Kn0.1_ISO_hphs1.5_Tw1,Cp,0.025,full_domain_ring,full,0.064980331793515,0.06660484008835288,True,False,R0p05,0.05,0.05,0.06235432875756642,4.0,0.1,ISO,1.5,1.0
extratrees,PHASE1__Ma4_Kn0.1_ISO_hphs1.5_Tw1,Cp,0.025,max_cumulative_patch,R3,0.08108674862616828,0.08311391734182248,True,False,R0p05,0.05,0.05,0.06235432875756642,4.0,0.1,ISO,1.5,1.0
extratrees,PHASE1__Ma4_Kn0.1_ISO_hphs1.5_Tw1,Cp,0.05,full_domain_ring,full,0.064980331793515,0.06822934838319077,True,False,R0p05,0.05,0.05,0.06235432875756642,4.0,0.1,ISO,1.5,1.0
extratrees,PHASE1__Ma4_Kn0.1_ISO_hphs1.5_Tw1,Cp,0.05,max_cumulative_patch,R3,0.08108674862616828,0.08514108605747671,True,False,R0p05,0.05,0.05,0.06235432875756642,4.0,0.1,ISO,1.5,1.0
extratrees,PHASE1__Ma4_Kn0.1_ISO_hphs1.5_Tw1,Cp,0.1,full_domain_ring,full,0.064980331793515,0.07147836497286651,True,False,R0p05,0.05,0.05,0.06235432875756642,4.0,0.1,ISO,1.5,1.0
extratrees,PHASE1__Ma4_Kn0.1_ISO_hphs1.5_Tw1,Cp,0.1,max_cumulative_patch,R3,0.08108674862616828,0.08919542348878512,True,False,R0p05,0.05,0.05,0.06235432875756642,4.0,0.1,ISO,1.5,1.0
extratrees,PHASE1__Ma4_Kn0.1_ISO_hphs1.5_Tw1,Cq,0.025,full_domain_ring,full,0.1390512032061394,0.14252748328629286,True,False,R0p75,0.75,0.75,0.11449119325280438,4.0,0.1,ISO,1.5,1.0
extratrees,PHASE1__Ma4_Kn0.1_ISO_hphs1.5_Tw1,Cq,0.025,max_cumulative_patch,R3,0.1526451973046928,0.15646132723731013,True,False,R0p50,0.5,0.5,0.14554071901606275,4.0,0.1,ISO,1.5,1.0
extratrees,PHASE1__Ma4_Kn0.1_ISO_hphs1.5_Tw1,Cq,0.05,full_domain_ring,full,0.1390512032061394,0.14600376336644638,True,False,R0p50,0.5,0.5,0.14554071901606275,4.0,0.1,ISO,1.5,1.0
extratrees,PHASE1__Ma4_Kn0.1_ISO_hphs1.5_Tw1,Cq,0.05,max_cumulative_patch,R3,0.1526451973046928,0.16027745716992745,True,False,R0p50,0.5,0.5,0.14554071901606275,4.0,0.1,ISO,1.5,1.0
extratrees,PHASE1__Ma4_Kn0.1_ISO_hphs1.5_Tw1,Cq,0.1,full_domain_ring,full,0.1390512032061394,0.15295632352675334,True,False,R0p50,0.5,0.5,0.14554071901606275,4.0,0.1,ISO,1.5,1.0
extratrees,PHASE1__Ma4_Kn0.1_ISO_hphs1.5_Tw1,Cq,0.1,max_cumulative_patch,R3,0.1526451973046928,0.1679097170351621,True,False,R0p50,0.5,0.5,0.14554071901606275,4.0,0.1,ISO,1.5,1.0
extratrees,PHASE1__Ma4_Kn0.1_ISO_hphs1.5_Tw1,tau_abs,0.025,full_domain_ring,full,0.4739579121619243,0.48580685996597234,True,False,R0p05,0.05,0.05,0.3045662790632554,4.0,0.1,ISO,1.5,1.0
extratrees,PHASE1__Ma4_Kn0.1_ISO_hphs1.5_Tw1,tau_abs,0.025,max_cumulative_patch,R3,0.47685628078803594,0.4887776878077368,True,False,R0p05,0.05,0.05,0.3045662790632554,4.0,0.1,ISO,1.5,1.0
extratrees,PHASE1__Ma4_Kn0.1_ISO_hphs1.5_Tw1,tau_abs,0.05,full_domain_ring,full,0.4739579121619243,0.4976558077700205,True,False,R0p05,0.05,0.05,0.3045662790632554,4.0,0.1,ISO,1.5,1.0
extratrees,PHASE1__Ma4_Kn0.1_ISO_hphs1.5_Tw1,tau_abs,0.05,max_cumulative_patch,R3,0.47685628078803594,0.5006990948274378,True,False,R0p05,0.05,0.05,0.3045662790632554,4.0,0.1,ISO,1.5,1.0
extratrees,PHASE1__Ma4_Kn0.1_ISO_hphs1.5_Tw1,tau_abs,0.1,full_domain_ring,full,0.4739579121619243,0.5213537033781167,True,False,R0p05,0.05,0.05,0.3045662790632554,4.0,0.1,ISO,1.5,1.0
extratrees,PHASE1__Ma4_Kn0.1_ISO_hphs1.5_Tw1,tau_abs,0.1,max_cumulative_patch,R3,0.47685628078803594,0.5245419088668396,True,False,R0p05,0.05,0.05,0.3045662790632554,4.0,0.1,ISO,1.5,1.0
extratrees,PHASE1__Ma4_Kn0.33_BWD_hphs1.5_Tw1,Cp,0.025,full_domain_ring,full,0.13326881444205846,0.1366005348031099,False,True,not_reached,,3.0,,4.0,0.33,BWD,1.5,1.0
extratrees,PHASE1__Ma4_Kn0.33_BWD_hphs1.5_Tw1,Cp,0.025,max_cumulative_patch,R3,0.23215633811649494,0.23796024656940729,True,False,R2,2.0,2.0,0.20717628865707022,4.0,0.33,BWD,1.5,1.0
extratrees,PHASE1__Ma4_Kn0.33_BWD_hphs1.5_Tw1,Cp,0.05,full_domain_ring,full,0.13326881444205846,0.13993225516416138,False,True,not_reached,,3.0,,4.0,0.33,BWD,1.5,1.0
extratrees,PHASE1__Ma4_Kn0.33_BWD_hphs1.5_Tw1,Cp,0.05,max_cumulative_patch,R3,0.23215633811649494,0.2437641550223197,True,False,R2,2.0,2.0,0.20717628865707022,4.0,0.33,BWD,1.5,1.0
extratrees,PHASE1__Ma4_Kn0.33_BWD_hphs1.5_Tw1,Cp,0.1,full_domain_ring,full,0.13326881444205846,0.1465956958862643,False,True,not_reached,,3.0,,4.0,0.33,BWD,1.5,1.0
extratrees,PHASE1__Ma4_Kn0.33_BWD_hphs1.5_Tw1,Cp,0.1,max_cumulative_patch,R3,0.23215633811649494,0.2553719719281445,True,False,R2,2.0,2.0,0.20717628865707022,4.0,0.33,BWD,1.5,1.0
extratrees,PHASE1__Ma4_Kn0.33_BWD_hphs1.5_Tw1,Cq,0.025,full_domain_ring,full,0.22491753122448452,0.2305404695050966,True,False,R1p50,1.5,1.5,0.20824808307288975,4.0,0.33,BWD,1.5,1.0
extratrees,PHASE1__Ma4_Kn0.33_BWD_hphs1.5_Tw1,Cq,0.025,max_cumulative_patch,R3,0.22062165839236492,0.226137199852174,True,False,R1p50,1.5,1.5,0.20824808307288975,4.0,0.33,BWD,1.5,1.0
extratrees,PHASE1__Ma4_Kn0.33_BWD_hphs1.5_Tw1,Cq,0.05,full_domain_ring,full,0.22491753122448452,0.23616340778570877,True,False,R1p50,1.5,1.5,0.20824808307288975,4.0,0.33,BWD,1.5,1.0
extratrees,PHASE1__Ma4_Kn0.33_BWD_hphs1.5_Tw1,Cq,0.05,max_cumulative_patch,R3,0.22062165839236492,0.23165274131198318,True,False,R1p50,1.5,1.5,0.20824808307288975,4.0,0.33,BWD,1.5,1.0
extratrees,PHASE1__Ma4_Kn0.33_BWD_hphs1.5_Tw1,Cq,0.1,full_domain_ring,full,0.22491753122448452,0.247409284346933,True,False,R1p50,1.5,1.5,0.20824808307288975,4.0,0.33,BWD,1.5,1.0
extratrees,PHASE1__Ma4_Kn0.33_BWD_hphs1.5_Tw1,Cq,0.1,max_cumulative_patch,R3,0.22062165839236492,0.24268382423160142,True,False,R1p50,1.5,1.5,0.20824808307288975,4.0,0.33,BWD,1.5,1.0
extratrees,PHASE1__Ma4_Kn0.33_BWD_hphs1.5_Tw1,tau_abs,0.025,full_domain_ring,full,0.14834080096077248,0.1520493209847918,True,False,R0p20,0.2,0.2,0.1234380347105055,4.0,0.33,BWD,1.5,1.0
extratrees,PHASE1__Ma4_Kn0.33_BWD_hphs1.5_Tw1,tau_abs,0.025,max_cumulative_patch,R3,0.1912427040642946,0.19602377166590196,True,False,R0p10,0.1,0.1,0.16783151841133195,4.0,0.33,BWD,1.5,1.0
extratrees,PHASE1__Ma4_Kn0.33_BWD_hphs1.5_Tw1,tau_abs,0.05,full_domain_ring,full,0.14834080096077248,0.15575784100881113,True,False,R0p20,0.2,0.2,0.1234380347105055,4.0,0.33,BWD,1.5,1.0
extratrees,PHASE1__Ma4_Kn0.33_BWD_hphs1.5_Tw1,tau_abs,0.05,max_cumulative_patch,R3,0.1912427040642946,0.20080483926750936,True,False,R0p10,0.1,0.1,0.16783151841133195,4.0,0.33,BWD,1.5,1.0
extratrees,PHASE1__Ma4_Kn0.33_BWD_hphs1.5_Tw1,tau_abs,0.1,full_domain_ring,full,0.14834080096077248,0.16317488105684974,True,False,R0p20,0.2,0.2,0.1234380347105055,4.0,0.33,BWD,1.5,1.0
extratrees,PHASE1__Ma4_Kn0.33_BWD_hphs1.5_Tw1,tau_abs,0.1,max_cumulative_patch,R3,0.1912427040642946,0.21036697447072408,True,False,R0p10,0.1,0.1,0.16783151841133195,4.0,0.33,BWD,1.5,1.0
extratrees,PHASE1__Ma4_Kn0.33_FWD_hphs1.5_Tw1,Cp,0.025,full_domain_ring,full,0.07526967694326726,0.07715141886684894,False,True,not_reached,,3.0,,4.0,0.33,FWD,1.5,1.0
extratrees,PHASE1__Ma4_Kn0.33_FWD_hphs1.5_Tw1,Cp,0.025,max_cumulative_patch,R3,0.15059696557345836,0.1543618897127948,True,False,R2,2.0,2.0,0.14400448820614895,4.0,0.33,FWD,1.5,1.0
extratrees,PHASE1__Ma4_Kn0.33_FWD_hphs1.5_Tw1,Cp,0.05,full_domain_ring,full,0.07526967694326726,0.07903316079043063,False,True,not_reached,,3.0,,4.0,0.33,FWD,1.5,1.0
extratrees,PHASE1__Ma4_Kn0.33_FWD_hphs1.5_Tw1,Cp,0.05,max_cumulative_patch,R3,0.15059696557345836,0.1581268138521313,True,False,R0p35,0.35,0.35,0.15459232627380218,4.0,0.33,FWD,1.5,1.0
extratrees,PHASE1__Ma4_Kn0.33_FWD_hphs1.5_Tw1,Cp,0.1,full_domain_ring,full,0.07526967694326726,0.082796644637594,False,True,not_reached,,3.0,,4.0,0.33,FWD,1.5,1.0
extratrees,PHASE1__Ma4_Kn0.33_FWD_hphs1.5_Tw1,Cp,0.1,max_cumulative_patch,R3,0.15059696557345836,0.1656566621308042,True,False,R0p35,0.35,0.35,0.15459232627380218,4.0,0.33,FWD,1.5,1.0
extratrees,PHASE1__Ma4_Kn0.33_FWD_hphs1.5_Tw1,Cq,0.025,full_domain_ring,full,0.46343660427914657,0.4750225193861252,True,False,R0p35,0.35,0.35,0.43439736122308736,4.0,0.33,FWD,1.5,1.0
extratrees,PHASE1__Ma4_Kn0.33_FWD_hphs1.5_Tw1,Cq,0.025,max_cumulative_patch,R3,0.4628507403047329,0.4744220088123512,True,False,R0p35,0.35,0.35,0.43439736122308736,4.0,0.33,FWD,1.5,1.0
extratrees,PHASE1__Ma4_Kn0.33_FWD_hphs1.5_Tw1,Cq,0.05,full_domain_ring,full,0.46343660427914657,0.4866084344931039,True,False,R0p35,0.35,0.35,0.43439736122308736,4.0,0.33,FWD,1.5,1.0
extratrees,PHASE1__Ma4_Kn0.33_FWD_hphs1.5_Tw1,Cq,0.05,max_cumulative_patch,R3,0.4628507403047329,0.48599327731996955,True,False,R0p35,0.35,0.35,0.43439736122308736,4.0,0.33,FWD,1.5,1.0
extratrees,PHASE1__Ma4_Kn0.33_FWD_hphs1.5_Tw1,Cq,0.1,full_domain_ring,full,0.46343660427914657,0.5097802647070613,True,False,R0p35,0.35,0.35,0.43439736122308736,4.0,0.33,FWD,1.5,1.0
extratrees,PHASE1__Ma4_Kn0.33_FWD_hphs1.5_Tw1,Cq,0.1,max_cumulative_patch,R3,0.4628507403047329,0.5091358143352063,True,False,R0p35,0.35,0.35,0.43439736122308736,4.0,0.33,FWD,1.5,1.0
extratrees,PHASE1__Ma4_Kn0.33_FWD_hphs1.5_Tw1,tau_abs,0.025,full_domain_ring,full,0.7292790400732553,0.7475110160750866,True,False,R0p20,0.2,0.2,0.7156107222736074,4.0,0.33,FWD,1.5,1.0
extratrees,PHASE1__Ma4_Kn0.33_FWD_hphs1.5_Tw1,tau_abs,0.025,max_cumulative_patch,R3,0.7099401348094744,0.7276886381797112,True,False,R0p20,0.2,0.2,0.7156107222736074,4.0,0.33,FWD,1.5,1.0
extratrees,PHASE1__Ma4_Kn0.33_FWD_hphs1.5_Tw1,tau_abs,0.05,full_domain_ring,full,0.7292790400732553,0.7657429920769181,True,False,R0p20,0.2,0.2,0.7156107222736074,4.0,0.33,FWD,1.5,1.0
extratrees,PHASE1__Ma4_Kn0.33_FWD_hphs1.5_Tw1,tau_abs,0.05,max_cumulative_patch,R3,0.7099401348094744,0.7454371415499481,True,False,R0p20,0.2,0.2,0.7156107222736074,4.0,0.33,FWD,1.5,1.0
extratrees,PHASE1__Ma4_Kn0.33_FWD_hphs1.5_Tw1,tau_abs,0.1,full_domain_ring,full,0.7292790400732553,0.8022069440805809,True,False,R0p05,0.05,0.05,0.7853923787228126,4.0,0.33,FWD,1.5,1.0
extratrees,PHASE1__Ma4_Kn0.33_FWD_hphs1.5_Tw1,tau_abs,0.1,max_cumulative_patch,R3,0.7099401348094744,0.7809341482904218,True,False,R0p20,0.2,0.2,0.7156107222736074,4.0,0.33,FWD,1.5,1.0
extratrees,PHASE1__Ma4_Kn0.33_ISO_hphs1.5_Tw1,Cp,0.025,full_domain_ring,full,0.030496907608989557,0.031259330299214294,True,False,R3,3.0,3.0,0.030307207397383986,4.0,0.33,ISO,1.5,1.0
extratrees,PHASE1__Ma4_Kn0.33_ISO_hphs1.5_Tw1,Cp,0.025,max_cumulative_patch,R3,0.030307207397383986,0.03106488758231858,True,False,R3,3.0,3.0,0.030307207397383986,4.0,0.33,ISO,1.5,1.0
extratrees,PHASE1__Ma4_Kn0.33_ISO_hphs1.5_Tw1,Cp,0.05,full_domain_ring,full,0.030496907608989557,0.03202175298943904,True,False,R3,3.0,3.0,0.030307207397383986,4.0,0.33,ISO,1.5,1.0
extratrees,PHASE1__Ma4_Kn0.33_ISO_hphs1.5_Tw1,Cp,0.05,max_cumulative_patch,R3,0.030307207397383986,0.03182256776725319,True,False,R3,3.0,3.0,0.030307207397383986,4.0,0.33,ISO,1.5,1.0
extratrees,PHASE1__Ma4_Kn0.33_ISO_hphs1.5_Tw1,Cp,0.1,full_domain_ring,full,0.030496907608989557,0.03354659836988851,True,False,R3,3.0,3.0,0.030307207397383986,4.0,0.33,ISO,1.5,1.0
extratrees,PHASE1__Ma4_Kn0.33_ISO_hphs1.5_Tw1,Cp,0.1,max_cumulative_patch,R3,0.030307207397383986,0.033337928137122386,True,False,R3,3.0,3.0,0.030307207397383986,4.0,0.33,ISO,1.5,1.0
extratrees,PHASE1__Ma4_Kn0.33_ISO_hphs1.5_Tw1,Cq,0.025,full_domain_ring,full,0.08992023215070083,0.09216823795446834,True,False,R1p50,1.5,1.5,0.07406956654619601,4.0,0.33,ISO,1.5,1.0
extratrees,PHASE1__Ma4_Kn0.33_ISO_hphs1.5_Tw1,Cq,0.025,max_cumulative_patch,R3,0.06316940738559026,0.06474864257023001,True,False,R2,2.0,2.0,0.05991528506232098,4.0,0.33,ISO,1.5,1.0
extratrees,PHASE1__Ma4_Kn0.33_ISO_hphs1.5_Tw1,Cq,0.05,full_domain_ring,full,0.08992023215070083,0.09441624375823587,True,False,R1p50,1.5,1.5,0.07406956654619601,4.0,0.33,ISO,1.5,1.0
extratrees,PHASE1__Ma4_Kn0.33_ISO_hphs1.5_Tw1,Cq,0.05,max_cumulative_patch,R3,0.06316940738559026,0.06632787775486979,True,False,R2,2.0,2.0,0.05991528506232098,4.0,0.33,ISO,1.5,1.0
extratrees,PHASE1__Ma4_Kn0.33_ISO_hphs1.5_Tw1,Cq,0.1,full_domain_ring,full,0.08992023215070083,0.09891225536577092,True,False,R1p50,1.5,1.5,0.07406956654619601,4.0,0.33,ISO,1.5,1.0
extratrees,PHASE1__Ma4_Kn0.33_ISO_hphs1.5_Tw1,Cq,0.1,max_cumulative_patch,R3,0.06316940738559026,0.06948634812414929,True,False,R2,2.0,2.0,0.05991528506232098,4.0,0.33,ISO,1.5,1.0
extratrees,PHASE1__Ma4_Kn0.33_ISO_hphs1.5_Tw1,tau_abs,0.025,full_domain_ring,full,0.31735049955424244,0.32528426204309846,True,False,R0p05,0.05,0.05,0.26651311773285224,4.0,0.33,ISO,1.5,1.0
extratrees,PHASE1__Ma4_Kn0.33_ISO_hphs1.5_Tw1,tau_abs,0.025,max_cumulative_patch,R3,0.3695946937296567,0.3788345610728981,True,False,R0p05,0.05,0.05,0.26651311773285224,4.0,0.33,ISO,1.5,1.0
extratrees,PHASE1__Ma4_Kn0.33_ISO_hphs1.5_Tw1,tau_abs,0.05,full_domain_ring,full,0.31735049955424244,0.3332180245319546,True,False,R0p05,0.05,0.05,0.26651311773285224,4.0,0.33,ISO,1.5,1.0
extratrees,PHASE1__Ma4_Kn0.33_ISO_hphs1.5_Tw1,tau_abs,0.05,max_cumulative_patch,R3,0.3695946937296567,0.38807442841613954,True,False,R0p05,0.05,0.05,0.26651311773285224,4.0,0.33,ISO,1.5,1.0
extratrees,PHASE1__Ma4_Kn0.33_ISO_hphs1.5_Tw1,tau_abs,0.1,full_domain_ring,full,0.31735049955424244,0.3490855495096667,True,False,R0p05,0.05,0.05,0.26651311773285224,4.0,0.33,ISO,1.5,1.0
extratrees,PHASE1__Ma4_Kn0.33_ISO_hphs1.5_Tw1,tau_abs,0.1,max_cumulative_patch,R3,0.3695946937296567,0.4065541631026224,True,False,R0p05,0.05,0.05,0.26651311773285224,4.0,0.33,ISO,1.5,1.0
extratrees,PHASE1__Ma4_Kn0.8_BWD_hphs1.5_Tw1,Cp,0.025,full_domain_ring,full,0.9933323571355733,1.0181656660639626,True,False,R3,3.0,3.0,1.0090157922710137,4.0,0.8,BWD,1.5,1.0
extratrees,PHASE1__Ma4_Kn0.8_BWD_hphs1.5_Tw1,Cp,0.025,max_cumulative_patch,R3,1.0090157922710137,1.034241187077789,True,False,R3,3.0,3.0,1.0090157922710137,4.0,0.8,BWD,1.5,1.0
extratrees,PHASE1__Ma4_Kn0.8_BWD_hphs1.5_Tw1,Cp,0.05,full_domain_ring,full,0.9933323571355733,1.042998974992352,True,False,R3,3.0,3.0,1.0090157922710137,4.0,0.8,BWD,1.5,1.0
extratrees,PHASE1__Ma4_Kn0.8_BWD_hphs1.5_Tw1,Cp,0.05,max_cumulative_patch,R3,1.0090157922710137,1.0594665818845643,True,False,R3,3.0,3.0,1.0090157922710137,4.0,0.8,BWD,1.5,1.0
extratrees,PHASE1__Ma4_Kn0.8_BWD_hphs1.5_Tw1,Cp,0.1,full_domain_ring,full,0.9933323571355733,1.0926655928491307,True,False,R0p35,0.35,0.35,1.0741361401684844,4.0,0.8,BWD,1.5,1.0
extratrees,PHASE1__Ma4_Kn0.8_BWD_hphs1.5_Tw1,Cp,0.1,max_cumulative_patch,R3,1.0090157922710137,1.1099173714981152,True,False,R0p35,0.35,0.35,1.0741361401684844,4.0,0.8,BWD,1.5,1.0
extratrees,PHASE1__Ma4_Kn0.8_BWD_hphs1.5_Tw1,Cq,0.025,full_domain_ring,full,0.5337722743695529,0.5471165812287917,True,False,R3,3.0,3.0,0.49276042753757515,4.0,0.8,BWD,1.5,1.0
extratrees,PHASE1__Ma4_Kn0.8_BWD_hphs1.5_Tw1,Cq,0.025,max_cumulative_patch,R3,0.49276042753757515,0.5050794382260145,True,False,R3,3.0,3.0,0.49276042753757515,4.0,0.8,BWD,1.5,1.0
extratrees,PHASE1__Ma4_Kn0.8_BWD_hphs1.5_Tw1,Cq,0.05,full_domain_ring,full,0.5337722743695529,0.5604608880880305,True,False,R3,3.0,3.0,0.49276042753757515,4.0,0.8,BWD,1.5,1.0
extratrees,PHASE1__Ma4_Kn0.8_BWD_hphs1.5_Tw1,Cq,0.05,max_cumulative_patch,R3,0.49276042753757515,0.517398448914454,True,False,R3,3.0,3.0,0.49276042753757515,4.0,0.8,BWD,1.5,1.0
extratrees,PHASE1__Ma4_Kn0.8_BWD_hphs1.5_Tw1,Cq,0.1,full_domain_ring,full,0.5337722743695529,0.5871495018065083,True,False,R2,2.0,2.0,0.570800857806417,4.0,0.8,BWD,1.5,1.0
extratrees,PHASE1__Ma4_Kn0.8_BWD_hphs1.5_Tw1,Cq,0.1,max_cumulative_patch,R3,0.49276042753757515,0.5420364702913327,True,False,R3,3.0,3.0,0.49276042753757515,4.0,0.8,BWD,1.5,1.0
extratrees,PHASE1__Ma4_Kn0.8_BWD_hphs1.5_Tw1,tau_abs,0.025,full_domain_ring,full,0.212068943692579,0.21737066728489346,True,False,R2,2.0,2.0,0.15974618695134823,4.0,0.8,BWD,1.5,1.0
extratrees,PHASE1__Ma4_Kn0.8_BWD_hphs1.5_Tw1,tau_abs,0.025,max_cumulative_patch,R3,0.10729585006611522,0.10997824631776809,True,False,R3,3.0,3.0,0.10729585006611522,4.0,0.8,BWD,1.5,1.0
extratrees,PHASE1__Ma4_Kn0.8_BWD_hphs1.5_Tw1,tau_abs,0.05,full_domain_ring,full,0.212068943692579,0.22267239087720797,True,False,R2,2.0,2.0,0.15974618695134823,4.0,0.8,BWD,1.5,1.0
extratrees,PHASE1__Ma4_Kn0.8_BWD_hphs1.5_Tw1,tau_abs,0.05,max_cumulative_patch,R3,0.10729585006611522,0.11266064256942099,True,False,R3,3.0,3.0,0.10729585006611522,4.0,0.8,BWD,1.5,1.0
extratrees,PHASE1__Ma4_Kn0.8_BWD_hphs1.5_Tw1,tau_abs,0.1,full_domain_ring,full,0.212068943692579,0.2332758380618369,True,False,R2,2.0,2.0,0.15974618695134823,4.0,0.8,BWD,1.5,1.0
extratrees,PHASE1__Ma4_Kn0.8_BWD_hphs1.5_Tw1,tau_abs,0.1,max_cumulative_patch,R3,0.10729585006611522,0.11802543507272675,True,False,R3,3.0,3.0,0.10729585006611522,4.0,0.8,BWD,1.5,1.0
extratrees,PHASE1__Ma4_Kn0.8_FWD_hphs1.5_Tw1,Cp,0.025,full_domain_ring,full,0.4560002829411827,0.4674002900147122,True,False,R3,3.0,3.0,0.4636695584721862,4.0,0.8,FWD,1.5,1.0
extratrees,PHASE1__Ma4_Kn0.8_FWD_hphs1.5_Tw1,Cp,0.025,max_cumulative_patch,R3,0.4636695584721862,0.4752612974339908,True,False,R3,3.0,3.0,0.4636695584721862,4.0,0.8,FWD,1.5,1.0
extratrees,PHASE1__Ma4_Kn0.8_FWD_hphs1.5_Tw1,Cp,0.05,full_domain_ring,full,0.4560002829411827,0.4788002970882419,True,False,R3,3.0,3.0,0.4636695584721862,4.0,0.8,FWD,1.5,1.0
extratrees,PHASE1__Ma4_Kn0.8_FWD_hphs1.5_Tw1,Cp,0.05,max_cumulative_patch,R3,0.4636695584721862,0.4868530363957955,True,False,R3,3.0,3.0,0.4636695584721862,4.0,0.8,FWD,1.5,1.0
extratrees,PHASE1__Ma4_Kn0.8_FWD_hphs1.5_Tw1,Cp,0.1,full_domain_ring,full,0.4560002829411827,0.501600311235301,True,False,R3,3.0,3.0,0.4636695584721862,4.0,0.8,FWD,1.5,1.0
extratrees,PHASE1__Ma4_Kn0.8_FWD_hphs1.5_Tw1,Cp,0.1,max_cumulative_patch,R3,0.4636695584721862,0.5100365143194049,True,False,R3,3.0,3.0,0.4636695584721862,4.0,0.8,FWD,1.5,1.0
extratrees,PHASE1__Ma4_Kn0.8_FWD_hphs1.5_Tw1,Cq,0.025,full_domain_ring,full,0.3958886710900808,0.4057858878673328,True,False,R1p50,1.5,1.5,0.38209630651027804,4.0,0.8,FWD,1.5,1.0
extratrees,PHASE1__Ma4_Kn0.8_FWD_hphs1.5_Tw1,Cq,0.025,max_cumulative_patch,R3,0.32779662247300745,0.3359915380348326,True,False,R3,3.0,3.0,0.32779662247300745,4.0,0.8,FWD,1.5,1.0
extratrees,PHASE1__Ma4_Kn0.8_FWD_hphs1.5_Tw1,Cq,0.05,full_domain_ring,full,0.3958886710900808,0.41568310464458486,True,False,R1p50,1.5,1.5,0.38209630651027804,4.0,0.8,FWD,1.5,1.0
extratrees,PHASE1__Ma4_Kn0.8_FWD_hphs1.5_Tw1,Cq,0.05,max_cumulative_patch,R3,0.32779662247300745,0.34418645359665784,True,False,R3,3.0,3.0,0.32779662247300745,4.0,0.8,FWD,1.5,1.0
extratrees,PHASE1__Ma4_Kn0.8_FWD_hphs1.5_Tw1,Cq,0.1,full_domain_ring,full,0.3958886710900808,0.4354775381990889,True,False,R1p50,1.5,1.5,0.38209630651027804,4.0,0.8,FWD,1.5,1.0
extratrees,PHASE1__Ma4_Kn0.8_FWD_hphs1.5_Tw1,Cq,0.1,max_cumulative_patch,R3,0.32779662247300745,0.3605762847203082,True,False,R2,2.0,2.0,0.35189987825335456,4.0,0.8,FWD,1.5,1.0
extratrees,PHASE1__Ma4_Kn0.8_FWD_hphs1.5_Tw1,tau_abs,0.025,full_domain_ring,full,0.41485814778300145,0.42522960147757644,True,False,R0p10,0.1,0.1,0.31915894801603456,4.0,0.8,FWD,1.5,1.0
extratrees,PHASE1__Ma4_Kn0.8_FWD_hphs1.5_Tw1,tau_abs,0.025,max_cumulative_patch,R3,0.28305871273564037,0.29013518055403137,True,False,R1p50,1.5,1.5,0.24788312291379302,4.0,0.8,FWD,1.5,1.0
extratrees,PHASE1__Ma4_Kn0.8_FWD_hphs1.5_Tw1,tau_abs,0.05,full_domain_ring,full,0.41485814778300145,0.43560105517215153,True,False,R0p10,0.1,0.1,0.31915894801603456,4.0,0.8,FWD,1.5,1.0
extratrees,PHASE1__Ma4_Kn0.8_FWD_hphs1.5_Tw1,tau_abs,0.05,max_cumulative_patch,R3,0.28305871273564037,0.2972116483724224,True,False,R1p50,1.5,1.5,0.24788312291379302,4.0,0.8,FWD,1.5,1.0
extratrees,PHASE1__Ma4_Kn0.8_FWD_hphs1.5_Tw1,tau_abs,0.1,full_domain_ring,full,0.41485814778300145,0.4563439625613016,True,False,R0p10,0.1,0.1,0.31915894801603456,4.0,0.8,FWD,1.5,1.0
extratrees,PHASE1__Ma4_Kn0.8_FWD_hphs1.5_Tw1,tau_abs,0.1,max_cumulative_patch,R3,0.28305871273564037,0.3113645840092044,True,False,R1p50,1.5,1.5,0.24788312291379302,4.0,0.8,FWD,1.5,1.0
extratrees,PHASE1__Ma4_Kn0.8_ISO_hphs1.5_Tw1,Cp,0.025,full_domain_ring,full,0.35641821715223565,0.3653286725810415,True,False,R3,3.0,3.0,0.319248969092494,4.0,0.8,ISO,1.5,1.0
extratrees,PHASE1__Ma4_Kn0.8_ISO_hphs1.5_Tw1,Cp,0.025,max_cumulative_patch,R3,0.319248969092494,0.32723019331980635,True,False,R3,3.0,3.0,0.319248969092494,4.0,0.8,ISO,1.5,1.0
extratrees,PHASE1__Ma4_Kn0.8_ISO_hphs1.5_Tw1,Cp,0.05,full_domain_ring,full,0.35641821715223565,0.37423912800984743,True,False,R3,3.0,3.0,0.319248969092494,4.0,0.8,ISO,1.5,1.0
extratrees,PHASE1__Ma4_Kn0.8_ISO_hphs1.5_Tw1,Cp,0.05,max_cumulative_patch,R3,0.319248969092494,0.3352114175471187,True,False,R3,3.0,3.0,0.319248969092494,4.0,0.8,ISO,1.5,1.0
extratrees,PHASE1__Ma4_Kn0.8_ISO_hphs1.5_Tw1,Cp,0.1,full_domain_ring,full,0.35641821715223565,0.39206003886745927,True,False,R3,3.0,3.0,0.319248969092494,4.0,0.8,ISO,1.5,1.0
extratrees,PHASE1__Ma4_Kn0.8_ISO_hphs1.5_Tw1,Cp,0.1,max_cumulative_patch,R3,0.319248969092494,0.35117386600174344,True,False,R3,3.0,3.0,0.319248969092494,4.0,0.8,ISO,1.5,1.0
extratrees,PHASE1__Ma4_Kn0.8_ISO_hphs1.5_Tw1,Cq,0.025,full_domain_ring,full,0.15791397257559206,0.16186182188998186,True,False,R2,2.0,2.0,0.11639788559047516,4.0,0.8,ISO,1.5,1.0
extratrees,PHASE1__Ma4_Kn0.8_ISO_hphs1.5_Tw1,Cq,0.025,max_cumulative_patch,R3,0.11503185578304706,0.11790765217762322,True,False,R2,2.0,2.0,0.11639788559047516,4.0,0.8,ISO,1.5,1.0
extratrees,PHASE1__Ma4_Kn0.8_ISO_hphs1.5_Tw1,Cq,0.05,full_domain_ring,full,0.15791397257559206,0.16580967120437168,True,False,R2,2.0,2.0,0.11639788559047516,4.0,0.8,ISO,1.5,1.0
extratrees,PHASE1__Ma4_Kn0.8_ISO_hphs1.5_Tw1,Cq,0.05,max_cumulative_patch,R3,0.11503185578304706,0.12078344857219941,True,False,R2,2.0,2.0,0.11639788559047516,4.0,0.8,ISO,1.5,1.0
extratrees,PHASE1__Ma4_Kn0.8_ISO_hphs1.5_Tw1,Cq,0.1,full_domain_ring,full,0.15791397257559206,0.17370536983315127,True,False,R2,2.0,2.0,0.11639788559047516,4.0,0.8,ISO,1.5,1.0
extratrees,PHASE1__Ma4_Kn0.8_ISO_hphs1.5_Tw1,Cq,0.1,max_cumulative_patch,R3,0.11503185578304706,0.12653504136135177,True,False,R2,2.0,2.0,0.11639788559047516,4.0,0.8,ISO,1.5,1.0
extratrees,PHASE1__Ma4_Kn0.8_ISO_hphs1.5_Tw1,tau_abs,0.025,full_domain_ring,full,0.5155186099709422,0.5284065752202157,True,False,R0p50,0.5,0.5,0.4188822084642915,4.0,0.8,ISO,1.5,1.0
extratrees,PHASE1__Ma4_Kn0.8_ISO_hphs1.5_Tw1,tau_abs,0.025,max_cumulative_patch,R3,0.4125434059832574,0.4228569911328388,True,False,R0p50,0.5,0.5,0.4188822084642915,4.0,0.8,ISO,1.5,1.0
extratrees,PHASE1__Ma4_Kn0.8_ISO_hphs1.5_Tw1,tau_abs,0.05,full_domain_ring,full,0.5155186099709422,0.5412945404694893,True,False,R0p50,0.5,0.5,0.4188822084642915,4.0,0.8,ISO,1.5,1.0
extratrees,PHASE1__Ma4_Kn0.8_ISO_hphs1.5_Tw1,tau_abs,0.05,max_cumulative_patch,R3,0.4125434059832574,0.4331705762824203,True,False,R0p50,0.5,0.5,0.4188822084642915,4.0,0.8,ISO,1.5,1.0
extratrees,PHASE1__Ma4_Kn0.8_ISO_hphs1.5_Tw1,tau_abs,0.1,full_domain_ring,full,0.5155186099709422,0.5670704709680365,True,False,R0p35,0.35,0.35,0.5513189122171527,4.0,0.8,ISO,1.5,1.0
extratrees,PHASE1__Ma4_Kn0.8_ISO_hphs1.5_Tw1,tau_abs,0.1,max_cumulative_patch,R3,0.4125434059832574,0.4537977465815832,True,False,R0p50,0.5,0.5,0.4188822084642915,4.0,0.8,ISO,1.5,1.0
extratrees,PHASE1__Ma6_Kn0.1_BWD_hphs1.5_Tw1,Cp,0.025,full_domain_ring,full,0.07280620599783595,0.07462636114778184,True,False,R0p10,0.1,0.1,0.05865055770590285,6.0,0.1,BWD,1.5,1.0
extratrees,PHASE1__Ma6_Kn0.1_BWD_hphs1.5_Tw1,Cp,0.025,max_cumulative_patch,R3,0.15614842242553223,0.16005213298617052,True,False,R0p05,0.05,0.05,0.08581497651161483,6.0,0.1,BWD,1.5,1.0
extratrees,PHASE1__Ma6_Kn0.1_BWD_hphs1.5_Tw1,Cp,0.05,full_domain_ring,full,0.07280620599783595,0.07644651629772775,True,False,R0p10,0.1,0.1,0.05865055770590285,6.0,0.1,BWD,1.5,1.0
extratrees,PHASE1__Ma6_Kn0.1_BWD_hphs1.5_Tw1,Cp,0.05,max_cumulative_patch,R3,0.15614842242553223,0.16395584354680884,True,False,R0p05,0.05,0.05,0.08581497651161483,6.0,0.1,BWD,1.5,1.0
extratrees,PHASE1__Ma6_Kn0.1_BWD_hphs1.5_Tw1,Cp,0.1,full_domain_ring,full,0.07280620599783595,0.08008682659761955,True,False,R0p10,0.1,0.1,0.05865055770590285,6.0,0.1,BWD,1.5,1.0
extratrees,PHASE1__Ma6_Kn0.1_BWD_hphs1.5_Tw1,Cp,0.1,max_cumulative_patch,R3,0.15614842242553223,0.17176326466808547,True,False,R0p05,0.05,0.05,0.08581497651161483,6.0,0.1,BWD,1.5,1.0
extratrees,PHASE1__Ma6_Kn0.1_BWD_hphs1.5_Tw1,Cq,0.025,full_domain_ring,full,0.22192648174077578,0.22747464378429516,True,False,R0p20,0.2,0.2,0.2083731095361502,6.0,0.1,BWD,1.5,1.0
extratrees,PHASE1__Ma6_Kn0.1_BWD_hphs1.5_Tw1,Cq,0.025,max_cumulative_patch,R3,0.2647158867198375,0.2713337838878334,True,False,R0p20,0.2,0.2,0.2083731095361502,6.0,0.1,BWD,1.5,1.0
extratrees,PHASE1__Ma6_Kn0.1_BWD_hphs1.5_Tw1,Cq,0.05,full_domain_ring,full,0.22192648174077578,0.2330228058278146,True,False,R0p20,0.2,0.2,0.2083731095361502,6.0,0.1,BWD,1.5,1.0
extratrees,PHASE1__Ma6_Kn0.1_BWD_hphs1.5_Tw1,Cq,0.05,max_cumulative_patch,R3,0.2647158867198375,0.27795168105582935,True,False,R0p20,0.2,0.2,0.2083731095361502,6.0,0.1,BWD,1.5,1.0
extratrees,PHASE1__Ma6_Kn0.1_BWD_hphs1.5_Tw1,Cq,0.1,full_domain_ring,full,0.22192648174077578,0.24411912991485338,True,False,R0p20,0.2,0.2,0.2083731095361502,6.0,0.1,BWD,1.5,1.0
extratrees,PHASE1__Ma6_Kn0.1_BWD_hphs1.5_Tw1,Cq,0.1,max_cumulative_patch,R3,0.2647158867198375,0.29118747539182127,True,False,R0p20,0.2,0.2,0.2083731095361502,6.0,0.1,BWD,1.5,1.0
extratrees,PHASE1__Ma6_Kn0.1_BWD_hphs1.5_Tw1,tau_abs,0.025,full_domain_ring,full,0.3187194146380181,0.32668740000396856,True,False,R0p05,0.05,0.05,0.1956571818696737,6.0,0.1,BWD,1.5,1.0
extratrees,PHASE1__Ma6_Kn0.1_BWD_hphs1.5_Tw1,tau_abs,0.025,max_cumulative_patch,R3,0.3647363855866546,0.3738547952263209,True,False,R0p05,0.05,0.05,0.1956571818696737,6.0,0.1,BWD,1.5,1.0
extratrees,PHASE1__Ma6_Kn0.1_BWD_hphs1.5_Tw1,tau_abs,0.05,full_domain_ring,full,0.3187194146380181,0.334655385369919,True,False,R0p05,0.05,0.05,0.1956571818696737,6.0,0.1,BWD,1.5,1.0
extratrees,PHASE1__Ma6_Kn0.1_BWD_hphs1.5_Tw1,tau_abs,0.05,max_cumulative_patch,R3,0.3647363855866546,0.38297320486598735,True,False,R0p05,0.05,0.05,0.1956571818696737,6.0,0.1,BWD,1.5,1.0
extratrees,PHASE1__Ma6_Kn0.1_BWD_hphs1.5_Tw1,tau_abs,0.1,full_domain_ring,full,0.3187194146380181,0.35059135610181996,True,False,R0p05,0.05,0.05,0.1956571818696737,6.0,0.1,BWD,1.5,1.0
extratrees,PHASE1__Ma6_Kn0.1_BWD_hphs1.5_Tw1,tau_abs,0.1,max_cumulative_patch,R3,0.3647363855866546,0.4012100241453201,True,False,R0p05,0.05,0.05,0.1956571818696737,6.0,0.1,BWD,1.5,1.0
extratrees,PHASE1__Ma6_Kn0.1_FWD_hphs1.5_Tw1,Cp,0.025,full_domain_ring,full,0.10191664119765151,0.10446455722759279,True,False,R0p05,0.05,0.05,0.08445605752542093,6.0,0.1,FWD,1.5,1.0
extratrees,PHASE1__Ma6_Kn0.1_FWD_hphs1.5_Tw1,Cp,0.025,max_cumulative_patch,R3,0.09784014888553783,0.10028615260767626,True,False,R0p05,0.05,0.05,0.08445605752542093,6.0,0.1,FWD,1.5,1.0
extratrees,PHASE1__Ma6_Kn0.1_FWD_hphs1.5_Tw1,Cp,0.05,full_domain_ring,full,0.10191664119765151,0.10701247325753409,True,False,R0p05,0.05,0.05,0.08445605752542093,6.0,0.1,FWD,1.5,1.0
extratrees,PHASE1__Ma6_Kn0.1_FWD_hphs1.5_Tw1,Cp,0.05,max_cumulative_patch,R3,0.09784014888553783,0.10273215632981472,True,False,R0p05,0.05,0.05,0.08445605752542093,6.0,0.1,FWD,1.5,1.0
extratrees,PHASE1__Ma6_Kn0.1_FWD_hphs1.5_Tw1,Cp,0.1,full_domain_ring,full,0.10191664119765151,0.11210830531741667,True,False,R0p05,0.05,0.05,0.08445605752542093,6.0,0.1,FWD,1.5,1.0
extratrees,PHASE1__Ma6_Kn0.1_FWD_hphs1.5_Tw1,Cp,0.1,max_cumulative_patch,R3,0.09784014888553783,0.10762416377409162,True,False,R0p05,0.05,0.05,0.08445605752542093,6.0,0.1,FWD,1.5,1.0
extratrees,PHASE1__Ma6_Kn0.1_FWD_hphs1.5_Tw1,Cq,0.025,full_domain_ring,full,0.3463791124646714,0.35503859027628815,True,False,R0p10,0.1,0.1,0.2992351247396522,6.0,0.1,FWD,1.5,1.0
extratrees,PHASE1__Ma6_Kn0.1_FWD_hphs1.5_Tw1,Cq,0.025,max_cumulative_patch,R3,0.4902696077209185,0.5025263479139414,True,False,R0p05,0.05,0.05,0.387912143794786,6.0,0.1,FWD,1.5,1.0
extratrees,PHASE1__Ma6_Kn0.1_FWD_hphs1.5_Tw1,Cq,0.05,full_domain_ring,full,0.3463791124646714,0.363698068087905,True,False,R0p10,0.1,0.1,0.2992351247396522,6.0,0.1,FWD,1.5,1.0
extratrees,PHASE1__Ma6_Kn0.1_FWD_hphs1.5_Tw1,Cq,0.05,max_cumulative_patch,R3,0.4902696077209185,0.5147830881069644,True,False,R0p05,0.05,0.05,0.387912143794786,6.0,0.1,FWD,1.5,1.0
extratrees,PHASE1__Ma6_Kn0.1_FWD_hphs1.5_Tw1,Cq,0.1,full_domain_ring,full,0.3463791124646714,0.38101702371113855,True,False,R0p10,0.1,0.1,0.2992351247396522,6.0,0.1,FWD,1.5,1.0
extratrees,PHASE1__Ma6_Kn0.1_FWD_hphs1.5_Tw1,Cq,0.1,max_cumulative_patch,R3,0.4902696077209185,0.5392965684930103,True,False,R0p05,0.05,0.05,0.387912143794786,6.0,0.1,FWD,1.5,1.0
extratrees,PHASE1__Ma6_Kn0.1_FWD_hphs1.5_Tw1,tau_abs,0.025,full_domain_ring,full,0.47877354094987157,0.49074287947361833,True,False,R0p05,0.05,0.05,0.4077278833840014,6.0,0.1,FWD,1.5,1.0
extratrees,PHASE1__Ma6_Kn0.1_FWD_hphs1.5_Tw1,tau_abs,0.025,max_cumulative_patch,R3,0.4921952778424256,0.5045001597884862,True,False,R0p05,0.05,0.05,0.4077278833840014,6.0,0.1,FWD,1.5,1.0
extratrees,PHASE1__Ma6_Kn0.1_FWD_hphs1.5_Tw1,tau_abs,0.05,full_domain_ring,full,0.47877354094987157,0.5027122179973652,True,False,R0p05,0.05,0.05,0.4077278833840014,6.0,0.1,FWD,1.5,1.0
extratrees,PHASE1__Ma6_Kn0.1_FWD_hphs1.5_Tw1,tau_abs,0.05,max_cumulative_patch,R3,0.4921952778424256,0.5168050417345469,True,False,R0p05,0.05,0.05,0.4077278833840014,6.0,0.1,FWD,1.5,1.0
extratrees,PHASE1__Ma6_Kn0.1_FWD_hphs1.5_Tw1,tau_abs,0.1,full_domain_ring,full,0.47877354094987157,0.5266508950448587,True,False,R0p05,0.05,0.05,0.4077278833840014,6.0,0.1,FWD,1.5,1.0
extratrees,PHASE1__Ma6_Kn0.1_FWD_hphs1.5_Tw1,tau_abs,0.1,max_cumulative_patch,R3,0.4921952778424256,0.5414148056266682,True,False,R0p05,0.05,0.05,0.4077278833840014,6.0,0.1,FWD,1.5,1.0
extratrees,PHASE1__Ma6_Kn0.1_ISO_hphs1.5_Tw1,Cp,0.025,full_domain_ring,full,0.12116929236588257,0.12419852467502962,True,False,R0p05,0.05,0.05,0.06016076417029046,6.0,0.1,ISO,1.5,1.0
extratrees,PHASE1__Ma6_Kn0.1_ISO_hphs1.5_Tw1,Cp,0.025,max_cumulative_patch,R3,0.09355971339041101,0.09589870622517128,True,False,R0p05,0.05,0.05,0.06016076417029046,6.0,0.1,ISO,1.5,1.0
extratrees,PHASE1__Ma6_Kn0.1_ISO_hphs1.5_Tw1,Cp,0.05,full_domain_ring,full,0.12116929236588257,0.1272277569841767,True,False,R0p05,0.05,0.05,0.06016076417029046,6.0,0.1,ISO,1.5,1.0
extratrees,PHASE1__Ma6_Kn0.1_ISO_hphs1.5_Tw1,Cp,0.05,max_cumulative_patch,R3,0.09355971339041101,0.09823769905993157,True,False,R0p05,0.05,0.05,0.06016076417029046,6.0,0.1,ISO,1.5,1.0
extratrees,PHASE1__Ma6_Kn0.1_ISO_hphs1.5_Tw1,Cp,0.1,full_domain_ring,full,0.12116929236588257,0.13328622160247083,True,False,R0p05,0.05,0.05,0.06016076417029046,6.0,0.1,ISO,1.5,1.0
extratrees,PHASE1__Ma6_Kn0.1_ISO_hphs1.5_Tw1,Cp,0.1,max_cumulative_patch,R3,0.09355971339041101,0.10291568472945212,True,False,R0p05,0.05,0.05,0.06016076417029046,6.0,0.1,ISO,1.5,1.0
extratrees,PHASE1__Ma6_Kn0.1_ISO_hphs1.5_Tw1,Cq,0.025,full_domain_ring,full,0.07670288923815154,0.07862046146910531,True,False,R0p75,0.75,0.75,0.06581220431853307,6.0,0.1,ISO,1.5,1.0
extratrees,PHASE1__Ma6_Kn0.1_ISO_hphs1.5_Tw1,Cq,0.025,max_cumulative_patch,R3,0.15812410210881253,0.16207720466153283,True,False,R0p10,0.1,0.1,0.15279295412712965,6.0,0.1,ISO,1.5,1.0
extratrees,PHASE1__Ma6_Kn0.1_ISO_hphs1.5_Tw1,Cq,0.05,full_domain_ring,full,0.07670288923815154,0.08053803370005912,True,False,R0p75,0.75,0.75,0.06581220431853307,6.0,0.1,ISO,1.5,1.0
extratrees,PHASE1__Ma6_Kn0.1_ISO_hphs1.5_Tw1,Cq,0.05,max_cumulative_patch,R3,0.15812410210881253,0.16603030721425316,True,False,R0p10,0.1,0.1,0.15279295412712965,6.0,0.1,ISO,1.5,1.0
extratrees,PHASE1__Ma6_Kn0.1_ISO_hphs1.5_Tw1,Cq,0.1,full_domain_ring,full,0.07670288923815154,0.0843731781619667,True,False,R0p75,0.75,0.75,0.06581220431853307,6.0,0.1,ISO,1.5,1.0
extratrees,PHASE1__Ma6_Kn0.1_ISO_hphs1.5_Tw1,Cq,0.1,max_cumulative_patch,R3,0.15812410210881253,0.1739365123196938,True,False,R0p05,0.05,0.05,0.1732003788459188,6.0,0.1,ISO,1.5,1.0
extratrees,PHASE1__Ma6_Kn0.1_ISO_hphs1.5_Tw1,tau_abs,0.025,full_domain_ring,full,0.4556890641375258,0.4670812907409639,True,False,R0p05,0.05,0.05,0.32409179542102773,6.0,0.1,ISO,1.5,1.0
extratrees,PHASE1__Ma6_Kn0.1_ISO_hphs1.5_Tw1,tau_abs,0.025,max_cumulative_patch,R3,0.4657466950282296,0.4773903624039353,True,False,R0p05,0.05,0.05,0.32409179542102773,6.0,0.1,ISO,1.5,1.0
extratrees,PHASE1__Ma6_Kn0.1_ISO_hphs1.5_Tw1,tau_abs,0.05,full_domain_ring,full,0.4556890641375258,0.47847351734440213,True,False,R0p05,0.05,0.05,0.32409179542102773,6.0,0.1,ISO,1.5,1.0
extratrees,PHASE1__Ma6_Kn0.1_ISO_hphs1.5_Tw1,tau_abs,0.05,max_cumulative_patch,R3,0.4657466950282296,0.48903402977964106,True,False,R0p05,0.05,0.05,0.32409179542102773,6.0,0.1,ISO,1.5,1.0
extratrees,PHASE1__Ma6_Kn0.1_ISO_hphs1.5_Tw1,tau_abs,0.1,full_domain_ring,full,0.4556890641375258,0.5012579705512784,True,False,R0p05,0.05,0.05,0.32409179542102773,6.0,0.1,ISO,1.5,1.0
extratrees,PHASE1__Ma6_Kn0.1_ISO_hphs1.5_Tw1,tau_abs,0.1,max_cumulative_patch,R3,0.4657466950282296,0.5123213645310526,True,False,R0p05,0.05,0.05,0.32409179542102773,6.0,0.1,ISO,1.5,1.0
extratrees,PHASE1__Ma6_Kn0.33_BWD_hphs1.5_Tw1,Cp,0.025,full_domain_ring,full,0.13172607333294556,0.13501922516626919,True,False,R2,2.0,2.0,0.09104676184494204,6.0,0.33,BWD,1.5,1.0
extratrees,PHASE1__Ma6_Kn0.33_BWD_hphs1.5_Tw1,Cp,0.025,max_cumulative_patch,R3,0.2077738597628498,0.212968206256921,True,False,R0p05,0.05,0.05,0.18531014191846257,6.0,0.33,BWD,1.5,1.0
extratrees,PHASE1__Ma6_Kn0.33_BWD_hphs1.5_Tw1,Cp,0.05,full_domain_ring,full,0.13172607333294556,0.13831237699959284,True,False,R2,2.0,2.0,0.09104676184494204,6.0,0.33,BWD,1.5,1.0
extratrees,PHASE1__Ma6_Kn0.33_BWD_hphs1.5_Tw1,Cp,0.05,max_cumulative_patch,R3,0.2077738597628498,0.21816255275099228,True,False,R0p05,0.05,0.05,0.18531014191846257,6.0,0.33,BWD,1.5,1.0
extratrees,PHASE1__Ma6_Kn0.33_BWD_hphs1.5_Tw1,Cp,0.1,full_domain_ring,full,0.13172607333294556,0.14489868066624012,True,False,R2,2.0,2.0,0.09104676184494204,6.0,0.33,BWD,1.5,1.0
extratrees,PHASE1__Ma6_Kn0.33_BWD_hphs1.5_Tw1,Cp,0.1,max_cumulative_patch,R3,0.2077738597628498,0.2285512457391348,True,False,R0p05,0.05,0.05,0.18531014191846257,6.0,0.33,BWD,1.5,1.0
extratrees,PHASE1__Ma6_Kn0.33_BWD_hphs1.5_Tw1,Cq,0.025,full_domain_ring,full,0.11782080529425529,0.12076632542661166,True,False,R1p50,1.5,1.5,0.0916929626424083,6.0,0.33,BWD,1.5,1.0
extratrees,PHASE1__Ma6_Kn0.33_BWD_hphs1.5_Tw1,Cq,0.025,max_cumulative_patch,R3,0.13122122590310184,0.13450175655067936,True,False,R1,1.0,1.0,0.12971076449841365,6.0,0.33,BWD,1.5,1.0
extratrees,PHASE1__Ma6_Kn0.33_BWD_hphs1.5_Tw1,Cq,0.05,full_domain_ring,full,0.11782080529425529,0.12371184555896805,True,False,R1p50,1.5,1.5,0.0916929626424083,6.0,0.33,BWD,1.5,1.0
extratrees,PHASE1__Ma6_Kn0.33_BWD_hphs1.5_Tw1,Cq,0.05,max_cumulative_patch,R3,0.13122122590310184,0.13778228719825694,True,False,R1,1.0,1.0,0.12971076449841365,6.0,0.33,BWD,1.5,1.0
extratrees,PHASE1__Ma6_Kn0.33_BWD_hphs1.5_Tw1,Cq,0.1,full_domain_ring,full,0.11782080529425529,0.12960288582368082,True,False,R1p50,1.5,1.5,0.0916929626424083,6.0,0.33,BWD,1.5,1.0
extratrees,PHASE1__Ma6_Kn0.33_BWD_hphs1.5_Tw1,Cq,0.1,max_cumulative_patch,R3,0.13122122590310184,0.14434334849341204,True,False,R1,1.0,1.0,0.12971076449841365,6.0,0.33,BWD,1.5,1.0
extratrees,PHASE1__Ma6_Kn0.33_BWD_hphs1.5_Tw1,tau_abs,0.025,full_domain_ring,full,0.16349619998892412,0.16758360498864722,True,False,R0p05,0.05,0.05,0.0805412543319139,6.0,0.33,BWD,1.5,1.0
extratrees,PHASE1__Ma6_Kn0.33_BWD_hphs1.5_Tw1,tau_abs,0.025,max_cumulative_patch,R3,0.16550747002377636,0.16964515677437075,True,False,R0p05,0.05,0.05,0.0805412543319139,6.0,0.33,BWD,1.5,1.0
extratrees,PHASE1__Ma6_Kn0.33_BWD_hphs1.5_Tw1,tau_abs,0.05,full_domain_ring,full,0.16349619998892412,0.17167100998837034,True,False,R0p05,0.05,0.05,0.0805412543319139,6.0,0.33,BWD,1.5,1.0
extratrees,PHASE1__Ma6_Kn0.33_BWD_hphs1.5_Tw1,tau_abs,0.05,max_cumulative_patch,R3,0.16550747002377636,0.17378284352496517,True,False,R0p05,0.05,0.05,0.0805412543319139,6.0,0.33,BWD,1.5,1.0
extratrees,PHASE1__Ma6_Kn0.33_BWD_hphs1.5_Tw1,tau_abs,0.1,full_domain_ring,full,0.16349619998892412,0.17984581998781654,True,False,R0p05,0.05,0.05,0.0805412543319139,6.0,0.33,BWD,1.5,1.0
extratrees,PHASE1__Ma6_Kn0.33_BWD_hphs1.5_Tw1,tau_abs,0.1,max_cumulative_patch,R3,0.16550747002377636,0.18205821702615402,True,False,R0p05,0.05,0.05,0.0805412543319139,6.0,0.33,BWD,1.5,1.0
extratrees,PHASE1__Ma6_Kn0.33_FWD_hphs1.5_Tw1,Cp,0.025,full_domain_ring,full,0.03664067341877427,0.03755669025424362,False,True,not_reached,,3.0,,6.0,0.33,FWD,1.5,1.0
extratrees,PHASE1__Ma6_Kn0.33_FWD_hphs1.5_Tw1,Cp,0.025,max_cumulative_patch,R3,0.0580639174713265,0.059515515408109655,True,False,R3,3.0,3.0,0.0580639174713265,6.0,0.33,FWD,1.5,1.0
extratrees,PHASE1__Ma6_Kn0.33_FWD_hphs1.5_Tw1,Cp,0.05,full_domain_ring,full,0.03664067341877427,0.03847270708971299,False,True,not_reached,,3.0,,6.0,0.33,FWD,1.5,1.0
extratrees,PHASE1__Ma6_Kn0.33_FWD_hphs1.5_Tw1,Cp,0.05,max_cumulative_patch,R3,0.0580639174713265,0.060967113344892826,True,False,R3,3.0,3.0,0.0580639174713265,6.0,0.33,FWD,1.5,1.0
extratrees,PHASE1__Ma6_Kn0.33_FWD_hphs1.5_Tw1,Cp,0.1,full_domain_ring,full,0.03664067341877427,0.0403047407606517,False,True,not_reached,,3.0,,6.0,0.33,FWD,1.5,1.0
extratrees,PHASE1__Ma6_Kn0.33_FWD_hphs1.5_Tw1,Cp,0.1,max_cumulative_patch,R3,0.0580639174713265,0.06387030921845915,True,False,R3,3.0,3.0,0.0580639174713265,6.0,0.33,FWD,1.5,1.0
extratrees,PHASE1__Ma6_Kn0.33_FWD_hphs1.5_Tw1,Cq,0.025,full_domain_ring,full,0.20583848353363923,0.21098444562198018,True,False,R1p50,1.5,1.5,0.20437542949556858,6.0,0.33,FWD,1.5,1.0
extratrees,PHASE1__Ma6_Kn0.33_FWD_hphs1.5_Tw1,Cq,0.025,max_cumulative_patch,R3,0.2851510149994095,0.29227979037439467,True,False,R0p05,0.05,0.05,0.24188153014973168,6.0,0.33,FWD,1.5,1.0
extratrees,PHASE1__Ma6_Kn0.33_FWD_hphs1.5_Tw1,Cq,0.05,full_domain_ring,full,0.20583848353363923,0.21613040771032122,True,False,R0p35,0.35,0.35,0.21490208328825597,6.0,0.33,FWD,1.5,1.0
extratrees,PHASE1__Ma6_Kn0.33_FWD_hphs1.5_Tw1,Cq,0.05,max_cumulative_patch,R3,0.2851510149994095,0.29940856574937996,True,False,R0p05,0.05,0.05,0.24188153014973168,6.0,0.33,FWD,1.5,1.0
extratrees,PHASE1__Ma6_Kn0.33_FWD_hphs1.5_Tw1,Cq,0.1,full_domain_ring,full,0.20583848353363923,0.22642233188700317,True,False,R0p35,0.35,0.35,0.21490208328825597,6.0,0.33,FWD,1.5,1.0
extratrees,PHASE1__Ma6_Kn0.33_FWD_hphs1.5_Tw1,Cq,0.1,max_cumulative_patch,R3,0.2851510149994095,0.31366611649935044,True,False,R0p05,0.05,0.05,0.24188153014973168,6.0,0.33,FWD,1.5,1.0
extratrees,PHASE1__Ma6_Kn0.33_FWD_hphs1.5_Tw1,tau_abs,0.025,full_domain_ring,full,0.4784346822184447,0.4903955492739058,True,False,R0p05,0.05,0.05,0.34027760203329,6.0,0.33,FWD,1.5,1.0
extratrees,PHASE1__Ma6_Kn0.33_FWD_hphs1.5_Tw1,tau_abs,0.025,max_cumulative_patch,R3,0.48806840543280366,0.5002701155686237,True,False,R0p05,0.05,0.05,0.34027760203329,6.0,0.33,FWD,1.5,1.0
extratrees,PHASE1__Ma6_Kn0.33_FWD_hphs1.5_Tw1,tau_abs,0.05,full_domain_ring,full,0.4784346822184447,0.502356416329367,True,False,R0p05,0.05,0.05,0.34027760203329,6.0,0.33,FWD,1.5,1.0
extratrees,PHASE1__Ma6_Kn0.33_FWD_hphs1.5_Tw1,tau_abs,0.05,max_cumulative_patch,R3,0.48806840543280366,0.5124718257044438,True,False,R0p05,0.05,0.05,0.34027760203329,6.0,0.33,FWD,1.5,1.0
extratrees,PHASE1__Ma6_Kn0.33_FWD_hphs1.5_Tw1,tau_abs,0.1,full_domain_ring,full,0.4784346822184447,0.5262781504402892,True,False,R0p05,0.05,0.05,0.34027760203329,6.0,0.33,FWD,1.5,1.0
extratrees,PHASE1__Ma6_Kn0.33_FWD_hphs1.5_Tw1,tau_abs,0.1,max_cumulative_patch,R3,0.48806840543280366,0.536875245976084,True,False,R0p05,0.05,0.05,0.34027760203329,6.0,0.33,FWD,1.5,1.0
extratrees,PHASE1__Ma6_Kn0.33_ISO_hphs1.5_Tw1,Cp,0.025,full_domain_ring,full,0.05572876250868039,0.0571219815713974,True,False,R1p50,1.5,1.5,0.04709420394524437,6.0,0.33,ISO,1.5,1.0
extratrees,PHASE1__Ma6_Kn0.33_ISO_hphs1.5_Tw1,Cp,0.025,max_cumulative_patch,R3,0.03192084937263017,0.03271887060694592,True,False,R3,3.0,3.0,0.03192084937263017,6.0,0.33,ISO,1.5,1.0
extratrees,PHASE1__Ma6_Kn0.33_ISO_hphs1.5_Tw1,Cp,0.05,full_domain_ring,full,0.05572876250868039,0.05851520063411441,True,False,R1p50,1.5,1.5,0.04709420394524437,6.0,0.33,ISO,1.5,1.0
extratrees,PHASE1__Ma6_Kn0.33_ISO_hphs1.5_Tw1,Cp,0.05,max_cumulative_patch,R3,0.03192084937263017,0.03351689184126168,True,False,R3,3.0,3.0,0.03192084937263017,6.0,0.33,ISO,1.5,1.0
extratrees,PHASE1__Ma6_Kn0.33_ISO_hphs1.5_Tw1,Cp,0.1,full_domain_ring,full,0.05572876250868039,0.06130163875954844,True,False,R1p50,1.5,1.5,0.04709420394524437,6.0,0.33,ISO,1.5,1.0
extratrees,PHASE1__Ma6_Kn0.33_ISO_hphs1.5_Tw1,Cp,0.1,max_cumulative_patch,R3,0.03192084937263017,0.03511293430989319,True,False,R3,3.0,3.0,0.03192084937263017,6.0,0.33,ISO,1.5,1.0
extratrees,PHASE1__Ma6_Kn0.33_ISO_hphs1.5_Tw1,Cq,0.025,full_domain_ring,full,0.04551576648518327,0.04665366064731285,True,False,R3,3.0,3.0,0.04608503698429007,6.0,0.33,ISO,1.5,1.0
extratrees,PHASE1__Ma6_Kn0.33_ISO_hphs1.5_Tw1,Cq,0.025,max_cumulative_patch,R3,0.04608503698429007,0.04723716290889732,True,False,R3,3.0,3.0,0.04608503698429007,6.0,0.33,ISO,1.5,1.0
extratrees,PHASE1__Ma6_Kn0.33_ISO_hphs1.5_Tw1,Cq,0.05,full_domain_ring,full,0.04551576648518327,0.04779155480944243,True,False,R3,3.0,3.0,0.04608503698429007,6.0,0.33,ISO,1.5,1.0
extratrees,PHASE1__Ma6_Kn0.33_ISO_hphs1.5_Tw1,Cq,0.05,max_cumulative_patch,R3,0.04608503698429007,0.04838928883350457,True,False,R3,3.0,3.0,0.04608503698429007,6.0,0.33,ISO,1.5,1.0
extratrees,PHASE1__Ma6_Kn0.33_ISO_hphs1.5_Tw1,Cq,0.1,full_domain_ring,full,0.04551576648518327,0.0500673431337016,True,False,R1p50,1.5,1.5,0.04951014126509098,6.0,0.33,ISO,1.5,1.0
extratrees,PHASE1__Ma6_Kn0.33_ISO_hphs1.5_Tw1,Cq,0.1,max_cumulative_patch,R3,0.04608503698429007,0.05069354068271908,True,False,R1p50,1.5,1.5,0.04951014126509098,6.0,0.33,ISO,1.5,1.0
extratrees,PHASE1__Ma6_Kn0.33_ISO_hphs1.5_Tw1,tau_abs,0.025,full_domain_ring,full,0.2860790799911816,0.29323105699096114,True,False,R0p05,0.05,0.05,0.2533336972271654,6.0,0.33,ISO,1.5,1.0
extratrees,PHASE1__Ma6_Kn0.33_ISO_hphs1.5_Tw1,tau_abs,0.025,max_cumulative_patch,R3,0.37959777932078653,0.3890877238038062,True,False,R0p05,0.05,0.05,0.2533336972271654,6.0,0.33,ISO,1.5,1.0
extratrees,PHASE1__Ma6_Kn0.33_ISO_hphs1.5_Tw1,tau_abs,0.05,full_domain_ring,full,0.2860790799911816,0.3003830339907407,True,False,R0p05,0.05,0.05,0.2533336972271654,6.0,0.33,ISO,1.5,1.0
extratrees,PHASE1__Ma6_Kn0.33_ISO_hphs1.5_Tw1,tau_abs,0.05,max_cumulative_patch,R3,0.37959777932078653,0.3985776682868259,True,False,R0p05,0.05,0.05,0.2533336972271654,6.0,0.33,ISO,1.5,1.0
extratrees,PHASE1__Ma6_Kn0.33_ISO_hphs1.5_Tw1,tau_abs,0.1,full_domain_ring,full,0.2860790799911816,0.31468698799029976,True,False,R0p05,0.05,0.05,0.2533336972271654,6.0,0.33,ISO,1.5,1.0
extratrees,PHASE1__Ma6_Kn0.33_ISO_hphs1.5_Tw1,tau_abs,0.1,max_cumulative_patch,R3,0.37959777932078653,0.4175575572528652,True,False,R0p05,0.05,0.05,0.2533336972271654,6.0,0.33,ISO,1.5,1.0
extratrees,PHASE1__Ma6_Kn0.8_BWD_hphs1.5_Tw1,Cp,0.025,full_domain_ring,full,0.7086260792267803,0.7263417312074498,True,False,R0p05,0.05,0.05,0.6591194877565413,6.0,0.8,BWD,1.5,1.0
extratrees,PHASE1__Ma6_Kn0.8_BWD_hphs1.5_Tw1,Cp,0.025,max_cumulative_patch,R3,0.6904800197802071,0.7077420202747122,True,False,R0p05,0.05,0.05,0.6591194877565413,6.0,0.8,BWD,1.5,1.0
extratrees,PHASE1__Ma6_Kn0.8_BWD_hphs1.5_Tw1,Cp,0.05,full_domain_ring,full,0.7086260792267803,0.7440573831881194,True,False,R0p05,0.05,0.05,0.6591194877565413,6.0,0.8,BWD,1.5,1.0
extratrees,PHASE1__Ma6_Kn0.8_BWD_hphs1.5_Tw1,Cp,0.05,max_cumulative_patch,R3,0.6904800197802071,0.7250040207692175,True,False,R0p05,0.05,0.05,0.6591194877565413,6.0,0.8,BWD,1.5,1.0
extratrees,PHASE1__Ma6_Kn0.8_BWD_hphs1.5_Tw1,Cp,0.1,full_domain_ring,full,0.7086260792267803,0.7794886871494584,True,False,R0p05,0.05,0.05,0.6591194877565413,6.0,0.8,BWD,1.5,1.0
extratrees,PHASE1__Ma6_Kn0.8_BWD_hphs1.5_Tw1,Cp,0.1,max_cumulative_patch,R3,0.6904800197802071,0.7595280217582279,True,False,R0p05,0.05,0.05,0.6591194877565413,6.0,0.8,BWD,1.5,1.0
extratrees,PHASE1__Ma6_Kn0.8_BWD_hphs1.5_Tw1,Cq,0.025,full_domain_ring,full,0.29606304738633793,0.30346462357099635,True,False,R3,3.0,3.0,0.2453549693842314,6.0,0.8,BWD,1.5,1.0
extratrees,PHASE1__Ma6_Kn0.8_BWD_hphs1.5_Tw1,Cq,0.025,max_cumulative_patch,R3,0.2453549693842314,0.25148884361883717,True,False,R3,3.0,3.0,0.2453549693842314,6.0,0.8,BWD,1.5,1.0
extratrees,PHASE1__Ma6_Kn0.8_BWD_hphs1.5_Tw1,Cq,0.05,full_domain_ring,full,0.29606304738633793,0.3108661997556548,True,False,R3,3.0,3.0,0.2453549693842314,6.0,0.8,BWD,1.5,1.0
extratrees,PHASE1__Ma6_Kn0.8_BWD_hphs1.5_Tw1,Cq,0.05,max_cumulative_patch,R3,0.2453549693842314,0.257622717853443,True,False,R3,3.0,3.0,0.2453549693842314,6.0,0.8,BWD,1.5,1.0
extratrees,PHASE1__Ma6_Kn0.8_BWD_hphs1.5_Tw1,Cq,0.1,full_domain_ring,full,0.29606304738633793,0.3256693521249717,True,False,R3,3.0,3.0,0.2453549693842314,6.0,0.8,BWD,1.5,1.0
extratrees,PHASE1__Ma6_Kn0.8_BWD_hphs1.5_Tw1,Cq,0.1,max_cumulative_patch,R3,0.2453549693842314,0.26989046632265457,True,False,R3,3.0,3.0,0.2453549693842314,6.0,0.8,BWD,1.5,1.0
extratrees,PHASE1__Ma6_Kn0.8_BWD_hphs1.5_Tw1,tau_abs,0.025,full_domain_ring,full,0.1631333545328284,0.16721168839614908,True,False,R1p50,1.5,1.5,0.15865846887637985,6.0,0.8,BWD,1.5,1.0
extratrees,PHASE1__Ma6_Kn0.8_BWD_hphs1.5_Tw1,tau_abs,0.025,max_cumulative_patch,R3,0.10828003246544157,0.1109870332770776,True,False,R2,2.0,2.0,0.09718426058612295,6.0,0.8,BWD,1.5,1.0
extratrees,PHASE1__Ma6_Kn0.8_BWD_hphs1.5_Tw1,tau_abs,0.05,full_domain_ring,full,0.1631333545328284,0.17129002225946982,True,False,R1,1.0,1.0,0.17114334645098564,6.0,0.8,BWD,1.5,1.0
extratrees,PHASE1__Ma6_Kn0.8_BWD_hphs1.5_Tw1,tau_abs,0.05,max_cumulative_patch,R3,0.10828003246544157,0.11369403408871366,True,False,R2,2.0,2.0,0.09718426058612295,6.0,0.8,BWD,1.5,1.0
extratrees,PHASE1__Ma6_Kn0.8_BWD_hphs1.5_Tw1,tau_abs,0.1,full_domain_ring,full,0.1631333545328284,0.17944668998611127,True,False,R1,1.0,1.0,0.17114334645098564,6.0,0.8,BWD,1.5,1.0
extratrees,PHASE1__Ma6_Kn0.8_BWD_hphs1.5_Tw1,tau_abs,0.1,max_cumulative_patch,R3,0.10828003246544157,0.11910803571198574,True,False,R2,2.0,2.0,0.09718426058612295,6.0,0.8,BWD,1.5,1.0
extratrees,PHASE1__Ma6_Kn0.8_FWD_hphs1.5_Tw1,Cp,0.025,full_domain_ring,full,0.3907495375516222,0.4005182759904127,True,False,R0p05,0.05,0.05,0.35800837677885267,6.0,0.8,FWD,1.5,1.0
extratrees,PHASE1__Ma6_Kn0.8_FWD_hphs1.5_Tw1,Cp,0.025,max_cumulative_patch,R3,0.4289793717462591,0.4397038560399156,True,False,R0p05,0.05,0.05,0.35800837677885267,6.0,0.8,FWD,1.5,1.0
extratrees,PHASE1__Ma6_Kn0.8_FWD_hphs1.5_Tw1,Cp,0.05,full_domain_ring,full,0.3907495375516222,0.4102870144292033,True,False,R0p05,0.05,0.05,0.35800837677885267,6.0,0.8,FWD,1.5,1.0
extratrees,PHASE1__Ma6_Kn0.8_FWD_hphs1.5_Tw1,Cp,0.05,max_cumulative_patch,R3,0.4289793717462591,0.4504283403335721,True,False,R0p05,0.05,0.05,0.35800837677885267,6.0,0.8,FWD,1.5,1.0
extratrees,PHASE1__Ma6_Kn0.8_FWD_hphs1.5_Tw1,Cp,0.1,full_domain_ring,full,0.3907495375516222,0.4298244913067844,True,False,R0p05,0.05,0.05,0.35800837677885267,6.0,0.8,FWD,1.5,1.0
extratrees,PHASE1__Ma6_Kn0.8_FWD_hphs1.5_Tw1,Cp,0.1,max_cumulative_patch,R3,0.4289793717462591,0.47187730892088503,True,False,R0p05,0.05,0.05,0.35800837677885267,6.0,0.8,FWD,1.5,1.0
extratrees,PHASE1__Ma6_Kn0.8_FWD_hphs1.5_Tw1,Cq,0.025,full_domain_ring,full,0.2593817483302691,0.2658662920385258,True,False,R1p50,1.5,1.5,0.24938948958639068,6.0,0.8,FWD,1.5,1.0
extratrees,PHASE1__Ma6_Kn0.8_FWD_hphs1.5_Tw1,Cq,0.025,max_cumulative_patch,R3,0.2515284701791535,0.2578166819336323,True,False,R1p50,1.5,1.5,0.24938948958639068,6.0,0.8,FWD,1.5,1.0
extratrees,PHASE1__Ma6_Kn0.8_FWD_hphs1.5_Tw1,Cq,0.05,full_domain_ring,full,0.2593817483302691,0.2723508357467826,True,False,R1p50,1.5,1.5,0.24938948958639068,6.0,0.8,FWD,1.5,1.0
extratrees,PHASE1__Ma6_Kn0.8_FWD_hphs1.5_Tw1,Cq,0.05,max_cumulative_patch,R3,0.2515284701791535,0.2641048936881112,True,False,R1p50,1.5,1.5,0.24938948958639068,6.0,0.8,FWD,1.5,1.0
extratrees,PHASE1__Ma6_Kn0.8_FWD_hphs1.5_Tw1,Cq,0.1,full_domain_ring,full,0.2593817483302691,0.2853199231632961,True,False,R1p50,1.5,1.5,0.24938948958639068,6.0,0.8,FWD,1.5,1.0
extratrees,PHASE1__Ma6_Kn0.8_FWD_hphs1.5_Tw1,Cq,0.1,max_cumulative_patch,R3,0.2515284701791535,0.27668131719706884,True,False,R1p50,1.5,1.5,0.24938948958639068,6.0,0.8,FWD,1.5,1.0
extratrees,PHASE1__Ma6_Kn0.8_FWD_hphs1.5_Tw1,tau_abs,0.025,full_domain_ring,full,0.32264632941213667,0.33071248764744005,True,False,R0p10,0.1,0.1,0.25414078331673634,6.0,0.8,FWD,1.5,1.0
extratrees,PHASE1__Ma6_Kn0.8_FWD_hphs1.5_Tw1,tau_abs,0.025,max_cumulative_patch,R3,0.29061724728654287,0.2978826784687064,True,False,R0p10,0.1,0.1,0.25414078331673634,6.0,0.8,FWD,1.5,1.0
extratrees,PHASE1__Ma6_Kn0.8_FWD_hphs1.5_Tw1,tau_abs,0.05,full_domain_ring,full,0.32264632941213667,0.33877864588274353,True,False,R0p10,0.1,0.1,0.25414078331673634,6.0,0.8,FWD,1.5,1.0
extratrees,PHASE1__Ma6_Kn0.8_FWD_hphs1.5_Tw1,tau_abs,0.05,max_cumulative_patch,R3,0.29061724728654287,0.30514810965087,True,False,R0p10,0.1,0.1,0.25414078331673634,6.0,0.8,FWD,1.5,1.0
extratrees,PHASE1__Ma6_Kn0.8_FWD_hphs1.5_Tw1,tau_abs,0.1,full_domain_ring,full,0.32264632941213667,0.35491096235335035,True,False,R0p10,0.1,0.1,0.25414078331673634,6.0,0.8,FWD,1.5,1.0
extratrees,PHASE1__Ma6_Kn0.8_FWD_hphs1.5_Tw1,tau_abs,0.1,max_cumulative_patch,R3,0.29061724728654287,0.3196789720151972,True,False,R0p10,0.1,0.1,0.25414078331673634,6.0,0.8,FWD,1.5,1.0
extratrees,PHASE1__Ma6_Kn0.8_ISO_hphs1.5_Tw1,Cp,0.025,full_domain_ring,full,0.2815251215564057,0.2885632495953158,False,True,not_reached,,3.0,,6.0,0.8,ISO,1.5,1.0
extratrees,PHASE1__Ma6_Kn0.8_ISO_hphs1.5_Tw1,Cp,0.025,max_cumulative_patch,R3,0.2997503977030791,0.30724415764565605,True,False,R3,3.0,3.0,0.2997503977030791,6.0,0.8,ISO,1.5,1.0
extratrees,PHASE1__Ma6_Kn0.8_ISO_hphs1.5_Tw1,Cp,0.05,full_domain_ring,full,0.2815251215564057,0.295601377634226,False,True,not_reached,,3.0,,6.0,0.8,ISO,1.5,1.0
extratrees,PHASE1__Ma6_Kn0.8_ISO_hphs1.5_Tw1,Cp,0.05,max_cumulative_patch,R3,0.2997503977030791,0.31473791758823305,True,False,R3,3.0,3.0,0.2997503977030791,6.0,0.8,ISO,1.5,1.0
extratrees,PHASE1__Ma6_Kn0.8_ISO_hphs1.5_Tw1,Cp,0.1,full_domain_ring,full,0.2815251215564057,0.30967763371204626,True,False,R3,3.0,3.0,0.2997503977030791,6.0,0.8,ISO,1.5,1.0
extratrees,PHASE1__Ma6_Kn0.8_ISO_hphs1.5_Tw1,Cp,0.1,max_cumulative_patch,R3,0.2997503977030791,0.329725437473387,True,False,R3,3.0,3.0,0.2997503977030791,6.0,0.8,ISO,1.5,1.0
extratrees,PHASE1__Ma6_Kn0.8_ISO_hphs1.5_Tw1,Cq,0.025,full_domain_ring,full,0.12510279419790798,0.12823036405285568,True,False,R2,2.0,2.0,0.09692516704149387,6.0,0.8,ISO,1.5,1.0
extratrees,PHASE1__Ma6_Kn0.8_ISO_hphs1.5_Tw1,Cq,0.025,max_cumulative_patch,R3,0.06638837465426577,0.0680480840206224,True,False,R3,3.0,3.0,0.06638837465426577,6.0,0.8,ISO,1.5,1.0
extratrees,PHASE1__Ma6_Kn0.8_ISO_hphs1.5_Tw1,Cq,0.05,full_domain_ring,full,0.12510279419790798,0.1313579339078034,True,False,R2,2.0,2.0,0.09692516704149387,6.0,0.8,ISO,1.5,1.0
extratrees,PHASE1__Ma6_Kn0.8_ISO_hphs1.5_Tw1,Cq,0.05,max_cumulative_patch,R3,0.06638837465426577,0.06970779338697906,True,False,R3,3.0,3.0,0.06638837465426577,6.0,0.8,ISO,1.5,1.0
extratrees,PHASE1__Ma6_Kn0.8_ISO_hphs1.5_Tw1,Cq,0.1,full_domain_ring,full,0.12510279419790798,0.13761307361769878,True,False,R2,2.0,2.0,0.09692516704149387,6.0,0.8,ISO,1.5,1.0
extratrees,PHASE1__Ma6_Kn0.8_ISO_hphs1.5_Tw1,Cq,0.1,max_cumulative_patch,R3,0.06638837465426577,0.07302721211969235,True,False,R3,3.0,3.0,0.06638837465426577,6.0,0.8,ISO,1.5,1.0
extratrees,PHASE1__Ma6_Kn0.8_ISO_hphs1.5_Tw1,tau_abs,0.025,full_domain_ring,full,0.37278911955581134,0.3821088475447066,True,False,R0p10,0.1,0.1,0.37856470568674305,6.0,0.8,ISO,1.5,1.0
extratrees,PHASE1__Ma6_Kn0.8_ISO_hphs1.5_Tw1,tau_abs,0.025,max_cumulative_patch,R3,0.32329914711631064,0.33138162579421837,True,False,R0p35,0.35,0.35,0.29669979218069964,6.0,0.8,ISO,1.5,1.0
extratrees,PHASE1__Ma6_Kn0.8_ISO_hphs1.5_Tw1,tau_abs,0.05,full_domain_ring,full,0.37278911955581134,0.39142857553360194,True,False,R0p10,0.1,0.1,0.37856470568674305,6.0,0.8,ISO,1.5,1.0
extratrees,PHASE1__Ma6_Kn0.8_ISO_hphs1.5_Tw1,tau_abs,0.05,max_cumulative_patch,R3,0.32329914711631064,0.33946410447212616,True,False,R0p35,0.35,0.35,0.29669979218069964,6.0,0.8,ISO,1.5,1.0
extratrees,PHASE1__Ma6_Kn0.8_ISO_hphs1.5_Tw1,tau_abs,0.1,full_domain_ring,full,0.37278911955581134,0.4100680315113925,True,False,R0p10,0.1,0.1,0.37856470568674305,6.0,0.8,ISO,1.5,1.0
extratrees,PHASE1__Ma6_Kn0.8_ISO_hphs1.5_Tw1,tau_abs,0.1,max_cumulative_patch,R3,0.32329914711631064,0.35562906182794174,True,False,R0p20,0.2,0.2,0.3545359823926535,6.0,0.8,ISO,1.5,1.0
extratrees,PHASE1__Ma8_Kn0.1_BWD_hphs1.5_Tw1,Cp,0.025,full_domain_ring,full,0.2144520367985457,0.2198133377185093,True,False,R0p05,0.05,0.05,0.21763622290570223,8.0,0.1,BWD,1.5,1.0
extratrees,PHASE1__Ma8_Kn0.1_BWD_hphs1.5_Tw1,Cp,0.025,max_cumulative_patch,R3,0.1701403430101045,0.17439385158535708,True,False,R3,3.0,3.0,0.1701403430101045,8.0,0.1,BWD,1.5,1.0
extratrees,PHASE1__Ma8_Kn0.1_BWD_hphs1.5_Tw1,Cp,0.05,full_domain_ring,full,0.2144520367985457,0.22517463863847298,True,False,R0p05,0.05,0.05,0.21763622290570223,8.0,0.1,BWD,1.5,1.0
extratrees,PHASE1__Ma8_Kn0.1_BWD_hphs1.5_Tw1,Cp,0.05,max_cumulative_patch,R3,0.1701403430101045,0.17864736016060973,True,False,R3,3.0,3.0,0.1701403430101045,8.0,0.1,BWD,1.5,1.0
extratrees,PHASE1__Ma8_Kn0.1_BWD_hphs1.5_Tw1,Cp,0.1,full_domain_ring,full,0.2144520367985457,0.23589724047840027,True,False,R0p05,0.05,0.05,0.21763622290570223,8.0,0.1,BWD,1.5,1.0
extratrees,PHASE1__Ma8_Kn0.1_BWD_hphs1.5_Tw1,Cp,0.1,max_cumulative_patch,R3,0.1701403430101045,0.18715437731111498,True,False,R3,3.0,3.0,0.1701403430101045,8.0,0.1,BWD,1.5,1.0
extratrees,PHASE1__Ma8_Kn0.1_BWD_hphs1.5_Tw1,Cq,0.025,full_domain_ring,full,0.17262480719591677,0.17694042737581467,True,False,R3,3.0,3.0,0.14189176474561688,8.0,0.1,BWD,1.5,1.0
extratrees,PHASE1__Ma8_Kn0.1_BWD_hphs1.5_Tw1,Cq,0.025,max_cumulative_patch,R3,0.14189176474561688,0.1454390588642573,True,False,R3,3.0,3.0,0.14189176474561688,8.0,0.1,BWD,1.5,1.0
extratrees,PHASE1__Ma8_Kn0.1_BWD_hphs1.5_Tw1,Cq,0.05,full_domain_ring,full,0.17262480719591677,0.18125604755571262,True,False,R3,3.0,3.0,0.14189176474561688,8.0,0.1,BWD,1.5,1.0
extratrees,PHASE1__Ma8_Kn0.1_BWD_hphs1.5_Tw1,Cq,0.05,max_cumulative_patch,R3,0.14189176474561688,0.14898635298289772,True,False,R3,3.0,3.0,0.14189176474561688,8.0,0.1,BWD,1.5,1.0
extratrees,PHASE1__Ma8_Kn0.1_BWD_hphs1.5_Tw1,Cq,0.1,full_domain_ring,full,0.17262480719591677,0.18988728791550846,True,False,R3,3.0,3.0,0.14189176474561688,8.0,0.1,BWD,1.5,1.0
extratrees,PHASE1__Ma8_Kn0.1_BWD_hphs1.5_Tw1,Cq,0.1,max_cumulative_patch,R3,0.14189176474561688,0.15608094122017857,True,False,R3,3.0,3.0,0.14189176474561688,8.0,0.1,BWD,1.5,1.0
extratrees,PHASE1__Ma8_Kn0.1_BWD_hphs1.5_Tw1,tau_abs,0.025,full_domain_ring,full,0.41315147569865907,0.4234802625911255,True,False,R0p20,0.2,0.2,0.41605510344071733,8.0,0.1,BWD,1.5,1.0
extratrees,PHASE1__Ma8_Kn0.1_BWD_hphs1.5_Tw1,tau_abs,0.025,max_cumulative_patch,R3,0.44261372365457974,0.4536790667459442,True,False,R0p10,0.1,0.1,0.4448688186878534,8.0,0.1,BWD,1.5,1.0
extratrees,PHASE1__Ma8_Kn0.1_BWD_hphs1.5_Tw1,tau_abs,0.05,full_domain_ring,full,0.41315147569865907,0.43380904948359206,True,False,R0p20,0.2,0.2,0.41605510344071733,8.0,0.1,BWD,1.5,1.0
extratrees,PHASE1__Ma8_Kn0.1_BWD_hphs1.5_Tw1,tau_abs,0.05,max_cumulative_patch,R3,0.44261372365457974,0.46474440983730875,True,False,R0p05,0.05,0.05,0.45476512689903537,8.0,0.1,BWD,1.5,1.0
extratrees,PHASE1__Ma8_Kn0.1_BWD_hphs1.5_Tw1,tau_abs,0.1,full_domain_ring,full,0.41315147569865907,0.454466623268525,True,False,R0p10,0.1,0.1,0.4448688186878534,8.0,0.1,BWD,1.5,1.0
extratrees,PHASE1__Ma8_Kn0.1_BWD_hphs1.5_Tw1,tau_abs,0.1,max_cumulative_patch,R3,0.44261372365457974,0.48687509602003776,True,False,R0p05,0.05,0.05,0.45476512689903537,8.0,0.1,BWD,1.5,1.0
extratrees,PHASE1__Ma8_Kn0.1_FWD_hphs1.5_Tw1,Cp,0.025,full_domain_ring,full,0.29167605773059113,0.2989679591738559,True,False,R2,2.0,2.0,0.2889813864876004,8.0,0.1,FWD,1.5,1.0
extratrees,PHASE1__Ma8_Kn0.1_FWD_hphs1.5_Tw1,Cp,0.025,max_cumulative_patch,R3,0.256902951011261,0.2633255247865425,True,False,R3,3.0,3.0,0.256902951011261,8.0,0.1,FWD,1.5,1.0
extratrees,PHASE1__Ma8_Kn0.1_FWD_hphs1.5_Tw1,Cp,0.05,full_domain_ring,full,0.29167605773059113,0.3062598606171207,True,False,R1p50,1.5,1.5,0.30150124229716724,8.0,0.1,FWD,1.5,1.0
extratrees,PHASE1__Ma8_Kn0.1_FWD_hphs1.5_Tw1,Cp,0.05,max_cumulative_patch,R3,0.256902951011261,0.269748098561824,True,False,R3,3.0,3.0,0.256902951011261,8.0,0.1,FWD,1.5,1.0
extratrees,PHASE1__Ma8_Kn0.1_FWD_hphs1.5_Tw1,Cp,0.1,full_domain_ring,full,0.29167605773059113,0.3208436635036503,True,False,R0p05,0.05,0.05,0.31647486922793244,8.0,0.1,FWD,1.5,1.0
extratrees,PHASE1__Ma8_Kn0.1_FWD_hphs1.5_Tw1,Cp,0.1,max_cumulative_patch,R3,0.256902951011261,0.2825932461123871,True,False,R3,3.0,3.0,0.256902951011261,8.0,0.1,FWD,1.5,1.0
extratrees,PHASE1__Ma8_Kn0.1_FWD_hphs1.5_Tw1,Cq,0.025,full_domain_ring,full,0.40135320637227456,0.4113870365315814,True,False,R0p20,0.2,0.2,0.4085210621454741,8.0,0.1,FWD,1.5,1.0
extratrees,PHASE1__Ma8_Kn0.1_FWD_hphs1.5_Tw1,Cq,0.025,max_cumulative_patch,R3,0.42209595840925623,0.4326483573694876,True,False,R0p10,0.1,0.1,0.4215366307165448,8.0,0.1,FWD,1.5,1.0
extratrees,PHASE1__Ma8_Kn0.1_FWD_hphs1.5_Tw1,Cq,0.05,full_domain_ring,full,0.40135320637227456,0.4214208666908883,True,False,R0p20,0.2,0.2,0.4085210621454741,8.0,0.1,FWD,1.5,1.0
extratrees,PHASE1__Ma8_Kn0.1_FWD_hphs1.5_Tw1,Cq,0.05,max_cumulative_patch,R3,0.42209595840925623,0.44320075632971906,True,False,R0p10,0.1,0.1,0.4215366307165448,8.0,0.1,FWD,1.5,1.0
extratrees,PHASE1__Ma8_Kn0.1_FWD_hphs1.5_Tw1,Cq,0.1,full_domain_ring,full,0.40135320637227456,0.44148852700950203,True,False,R0p10,0.1,0.1,0.4215366307165448,8.0,0.1,FWD,1.5,1.0
extratrees,PHASE1__Ma8_Kn0.1_FWD_hphs1.5_Tw1,Cq,0.1,max_cumulative_patch,R3,0.42209595840925623,0.4643055542501819,True,False,R0p05,0.05,0.05,0.4529100072539004,8.0,0.1,FWD,1.5,1.0
extratrees,PHASE1__Ma8_Kn0.1_FWD_hphs1.5_Tw1,tau_abs,0.025,full_domain_ring,full,0.573955975848993,0.5883048752452178,True,False,R0p20,0.2,0.2,0.5666289589382456,8.0,0.1,FWD,1.5,1.0
extratrees,PHASE1__Ma8_Kn0.1_FWD_hphs1.5_Tw1,tau_abs,0.025,max_cumulative_patch,R3,0.6339367242024108,0.649785142307471,True,False,R0p05,0.05,0.05,0.6128880706697406,8.0,0.1,FWD,1.5,1.0
extratrees,PHASE1__Ma8_Kn0.1_FWD_hphs1.5_Tw1,tau_abs,0.05,full_domain_ring,full,0.573955975848993,0.6026537746414428,True,False,R0p20,0.2,0.2,0.5666289589382456,8.0,0.1,FWD,1.5,1.0
extratrees,PHASE1__Ma8_Kn0.1_FWD_hphs1.5_Tw1,tau_abs,0.05,max_cumulative_patch,R3,0.6339367242024108,0.6656335604125313,True,False,R0p05,0.05,0.05,0.6128880706697406,8.0,0.1,FWD,1.5,1.0
extratrees,PHASE1__Ma8_Kn0.1_FWD_hphs1.5_Tw1,tau_abs,0.1,full_domain_ring,full,0.573955975848993,0.6313515734338924,True,False,R0p05,0.05,0.05,0.6128880706697406,8.0,0.1,FWD,1.5,1.0
extratrees,PHASE1__Ma8_Kn0.1_FWD_hphs1.5_Tw1,tau_abs,0.1,max_cumulative_patch,R3,0.6339367242024108,0.697330396622652,True,False,R0p05,0.05,0.05,0.6128880706697406,8.0,0.1,FWD,1.5,1.0
extratrees,PHASE1__Ma8_Kn0.1_ISO_hphs1.5_Tw1,Cp,0.025,full_domain_ring,full,0.18218109633697563,0.1867356237454,True,False,R2,2.0,2.0,0.18419686605915817,8.0,0.1,ISO,1.5,1.0
extratrees,PHASE1__Ma8_Kn0.1_ISO_hphs1.5_Tw1,Cp,0.025,max_cumulative_patch,R3,0.13721034177924565,0.14064060032372677,True,False,R3,3.0,3.0,0.13721034177924565,8.0,0.1,ISO,1.5,1.0
extratrees,PHASE1__Ma8_Kn0.1_ISO_hphs1.5_Tw1,Cp,0.05,full_domain_ring,full,0.18218109633697563,0.19129015115382442,True,False,R2,2.0,2.0,0.18419686605915817,8.0,0.1,ISO,1.5,1.0
extratrees,PHASE1__Ma8_Kn0.1_ISO_hphs1.5_Tw1,Cp,0.05,max_cumulative_patch,R3,0.13721034177924565,0.14407085886820795,True,False,R3,3.0,3.0,0.13721034177924565,8.0,0.1,ISO,1.5,1.0
extratrees,PHASE1__Ma8_Kn0.1_ISO_hphs1.5_Tw1,Cp,0.1,full_domain_ring,full,0.18218109633697563,0.2003992059706732,True,False,R2,2.0,2.0,0.18419686605915817,8.0,0.1,ISO,1.5,1.0
extratrees,PHASE1__Ma8_Kn0.1_ISO_hphs1.5_Tw1,Cp,0.1,max_cumulative_patch,R3,0.13721034177924565,0.15093137595717024,True,False,R3,3.0,3.0,0.13721034177924565,8.0,0.1,ISO,1.5,1.0
extratrees,PHASE1__Ma8_Kn0.1_ISO_hphs1.5_Tw1,Cq,0.025,full_domain_ring,full,0.2319215424122685,0.2377195809725752,True,False,R2,2.0,2.0,0.22345100673183407,8.0,0.1,ISO,1.5,1.0
extratrees,PHASE1__Ma8_Kn0.1_ISO_hphs1.5_Tw1,Cq,0.025,max_cumulative_patch,R3,0.19160418421990139,0.19639428882539892,True,False,R3,3.0,3.0,0.19160418421990139,8.0,0.1,ISO,1.5,1.0
extratrees,PHASE1__Ma8_Kn0.1_ISO_hphs1.5_Tw1,Cq,0.05,full_domain_ring,full,0.2319215424122685,0.24351761953288195,True,False,R1p50,1.5,1.5,0.242241241746744,8.0,0.1,ISO,1.5,1.0
extratrees,PHASE1__Ma8_Kn0.1_ISO_hphs1.5_Tw1,Cq,0.05,max_cumulative_patch,R3,0.19160418421990139,0.20118439343089647,True,False,R3,3.0,3.0,0.19160418421990139,8.0,0.1,ISO,1.5,1.0
extratrees,PHASE1__Ma8_Kn0.1_ISO_hphs1.5_Tw1,Cq,0.1,full_domain_ring,full,0.2319215424122685,0.25511369665349537,True,False,R1p50,1.5,1.5,0.242241241746744,8.0,0.1,ISO,1.5,1.0
extratrees,PHASE1__Ma8_Kn0.1_ISO_hphs1.5_Tw1,Cq,0.1,max_cumulative_patch,R3,0.19160418421990139,0.21076460264189154,True,False,R3,3.0,3.0,0.19160418421990139,8.0,0.1,ISO,1.5,1.0
extratrees,PHASE1__Ma8_Kn0.1_ISO_hphs1.5_Tw1,tau_abs,0.025,full_domain_ring,full,0.5372747803522179,0.5507066498610232,True,False,R0p05,0.05,0.05,0.516193115527623,8.0,0.1,ISO,1.5,1.0
extratrees,PHASE1__Ma8_Kn0.1_ISO_hphs1.5_Tw1,tau_abs,0.025,max_cumulative_patch,R3,0.5900560468081718,0.604807447978376,True,False,R0p05,0.05,0.05,0.516193115527623,8.0,0.1,ISO,1.5,1.0
extratrees,PHASE1__Ma8_Kn0.1_ISO_hphs1.5_Tw1,tau_abs,0.05,full_domain_ring,full,0.5372747803522179,0.5641385193698288,True,False,R0p05,0.05,0.05,0.516193115527623,8.0,0.1,ISO,1.5,1.0
extratrees,PHASE1__Ma8_Kn0.1_ISO_hphs1.5_Tw1,tau_abs,0.05,max_cumulative_patch,R3,0.5900560468081718,0.6195588491485804,True,False,R0p05,0.05,0.05,0.516193115527623,8.0,0.1,ISO,1.5,1.0
extratrees,PHASE1__Ma8_Kn0.1_ISO_hphs1.5_Tw1,tau_abs,0.1,full_domain_ring,full,0.5372747803522179,0.5910022583874397,True,False,R0p05,0.05,0.05,0.516193115527623,8.0,0.1,ISO,1.5,1.0
extratrees,PHASE1__Ma8_Kn0.1_ISO_hphs1.5_Tw1,tau_abs,0.1,max_cumulative_patch,R3,0.5900560468081718,0.6490616514889891,True,False,R0p05,0.05,0.05,0.516193115527623,8.0,0.1,ISO,1.5,1.0
extratrees,PHASE1__Ma8_Kn0.33_BWD_hphs1.5_Tw1,Cp,0.025,full_domain_ring,full,0.23133093511622466,0.23711420849413026,True,False,R0p05,0.05,0.05,0.13506721634877625,8.0,0.33,BWD,1.5,1.0
extratrees,PHASE1__Ma8_Kn0.33_BWD_hphs1.5_Tw1,Cp,0.025,max_cumulative_patch,R3,0.23768924341649703,0.24363147450190942,True,False,R0p05,0.05,0.05,0.13506721634877625,8.0,0.33,BWD,1.5,1.0
extratrees,PHASE1__Ma8_Kn0.33_BWD_hphs1.5_Tw1,Cp,0.05,full_domain_ring,full,0.23133093511622466,0.2428974818720359,True,False,R0p05,0.05,0.05,0.13506721634877625,8.0,0.33,BWD,1.5,1.0
extratrees,PHASE1__Ma8_Kn0.33_BWD_hphs1.5_Tw1,Cp,0.05,max_cumulative_patch,R3,0.23768924341649703,0.2495737055873219,True,False,R0p05,0.05,0.05,0.13506721634877625,8.0,0.33,BWD,1.5,1.0
extratrees,PHASE1__Ma8_Kn0.33_BWD_hphs1.5_Tw1,Cp,0.1,full_domain_ring,full,0.23133093511622466,0.2544640286278471,True,False,R0p05,0.05,0.05,0.13506721634877625,8.0,0.33,BWD,1.5,1.0
extratrees,PHASE1__Ma8_Kn0.33_BWD_hphs1.5_Tw1,Cp,0.1,max_cumulative_patch,R3,0.23768924341649703,0.26145816775814673,True,False,R0p05,0.05,0.05,0.13506721634877625,8.0,0.33,BWD,1.5,1.0
extratrees,PHASE1__Ma8_Kn0.33_BWD_hphs1.5_Tw1,Cq,0.025,full_domain_ring,full,0.07623782757162403,0.07814377326091462,False,True,not_reached,,3.0,,8.0,0.33,BWD,1.5,1.0
extratrees,PHASE1__Ma8_Kn0.33_BWD_hphs1.5_Tw1,Cq,0.025,max_cumulative_patch,R3,0.09975412420841323,0.10224797731362355,True,False,R0p50,0.5,0.5,0.08539914219834188,8.0,0.33,BWD,1.5,1.0
extratrees,PHASE1__Ma8_Kn0.33_BWD_hphs1.5_Tw1,Cq,0.05,full_domain_ring,full,0.07623782757162403,0.08004971895020524,False,True,not_reached,,3.0,,8.0,0.33,BWD,1.5,1.0
extratrees,PHASE1__Ma8_Kn0.33_BWD_hphs1.5_Tw1,Cq,0.05,max_cumulative_patch,R3,0.09975412420841323,0.10474183041883389,True,False,R0p50,0.5,0.5,0.08539914219834188,8.0,0.33,BWD,1.5,1.0
extratrees,PHASE1__Ma8_Kn0.33_BWD_hphs1.5_Tw1,Cq,0.1,full_domain_ring,full,0.07623782757162403,0.08386161032878645,False,True,not_reached,,3.0,,8.0,0.33,BWD,1.5,1.0
extratrees,PHASE1__Ma8_Kn0.33_BWD_hphs1.5_Tw1,Cq,0.1,max_cumulative_patch,R3,0.09975412420841323,0.10972953662925457,True,False,R0p35,0.35,0.35,0.10947626039082832,8.0,0.33,BWD,1.5,1.0
extratrees,PHASE1__Ma8_Kn0.33_BWD_hphs1.5_Tw1,tau_abs,0.025,full_domain_ring,full,0.22634846697707753,0.23200717865150444,True,False,R0p05,0.05,0.05,0.20765990632538145,8.0,0.33,BWD,1.5,1.0
extratrees,PHASE1__Ma8_Kn0.33_BWD_hphs1.5_Tw1,tau_abs,0.025,max_cumulative_patch,R3,0.29529012001319377,0.30267237301352357,True,False,R0p05,0.05,0.05,0.20765990632538145,8.0,0.33,BWD,1.5,1.0
extratrees,PHASE1__Ma8_Kn0.33_BWD_hphs1.5_Tw1,tau_abs,0.05,full_domain_ring,full,0.22634846697707753,0.2376658903259314,True,False,R0p05,0.05,0.05,0.20765990632538145,8.0,0.33,BWD,1.5,1.0
extratrees,PHASE1__Ma8_Kn0.33_BWD_hphs1.5_Tw1,tau_abs,0.05,max_cumulative_patch,R3,0.29529012001319377,0.3100546260138535,True,False,R0p05,0.05,0.05,0.20765990632538145,8.0,0.33,BWD,1.5,1.0
extratrees,PHASE1__Ma8_Kn0.33_BWD_hphs1.5_Tw1,tau_abs,0.1,full_domain_ring,full,0.22634846697707753,0.2489833136747853,True,False,R0p05,0.05,0.05,0.20765990632538145,8.0,0.33,BWD,1.5,1.0
extratrees,PHASE1__Ma8_Kn0.33_BWD_hphs1.5_Tw1,tau_abs,0.1,max_cumulative_patch,R3,0.29529012001319377,0.3248191320145132,True,False,R0p05,0.05,0.05,0.20765990632538145,8.0,0.33,BWD,1.5,1.0
extratrees,PHASE1__Ma8_Kn0.33_FWD_hphs1.5_Tw1,Cp,0.025,full_domain_ring,full,0.10611927094413293,0.10877225271773625,True,False,R0p05,0.05,0.05,0.0846530336911508,8.0,0.33,FWD,1.5,1.0
extratrees,PHASE1__Ma8_Kn0.33_FWD_hphs1.5_Tw1,Cp,0.025,max_cumulative_patch,R3,0.0944656558045009,0.09682729719961342,True,False,R0p05,0.05,0.05,0.0846530336911508,8.0,0.33,FWD,1.5,1.0
extratrees,PHASE1__Ma8_Kn0.33_FWD_hphs1.5_Tw1,Cp,0.05,full_domain_ring,full,0.10611927094413293,0.11142523449133958,True,False,R0p05,0.05,0.05,0.0846530336911508,8.0,0.33,FWD,1.5,1.0
extratrees,PHASE1__Ma8_Kn0.33_FWD_hphs1.5_Tw1,Cp,0.05,max_cumulative_patch,R3,0.0944656558045009,0.09918893859472595,True,False,R0p05,0.05,0.05,0.0846530336911508,8.0,0.33,FWD,1.5,1.0
extratrees,PHASE1__Ma8_Kn0.33_FWD_hphs1.5_Tw1,Cp,0.1,full_domain_ring,full,0.10611927094413293,0.11673119803854623,True,False,R0p05,0.05,0.05,0.0846530336911508,8.0,0.33,FWD,1.5,1.0
extratrees,PHASE1__Ma8_Kn0.33_FWD_hphs1.5_Tw1,Cp,0.1,max_cumulative_patch,R3,0.0944656558045009,0.103912221384951,True,False,R0p05,0.05,0.05,0.0846530336911508,8.0,0.33,FWD,1.5,1.0
extratrees,PHASE1__Ma8_Kn0.33_FWD_hphs1.5_Tw1,Cq,0.025,full_domain_ring,full,0.18185956978490905,0.18640605902953175,True,False,R0p20,0.2,0.2,0.1715338280051916,8.0,0.33,FWD,1.5,1.0
extratrees,PHASE1__Ma8_Kn0.33_FWD_hphs1.5_Tw1,Cq,0.025,max_cumulative_patch,R3,0.2797119500469472,0.28670474879812086,True,False,R0p05,0.05,0.05,0.24979082088554674,8.0,0.33,FWD,1.5,1.0
extratrees,PHASE1__Ma8_Kn0.33_FWD_hphs1.5_Tw1,Cq,0.05,full_domain_ring,full,0.18185956978490905,0.1909525482741545,True,False,R0p20,0.2,0.2,0.1715338280051916,8.0,0.33,FWD,1.5,1.0
extratrees,PHASE1__Ma8_Kn0.33_FWD_hphs1.5_Tw1,Cq,0.05,max_cumulative_patch,R3,0.2797119500469472,0.29369754754929456,True,False,R0p05,0.05,0.05,0.24979082088554674,8.0,0.33,FWD,1.5,1.0
extratrees,PHASE1__Ma8_Kn0.33_FWD_hphs1.5_Tw1,Cq,0.1,full_domain_ring,full,0.18185956978490905,0.20004552676339998,True,False,R0p20,0.2,0.2,0.1715338280051916,8.0,0.33,FWD,1.5,1.0
extratrees,PHASE1__Ma8_Kn0.33_FWD_hphs1.5_Tw1,Cq,0.1,max_cumulative_patch,R3,0.2797119500469472,0.30768314505164196,True,False,R0p05,0.05,0.05,0.24979082088554674,8.0,0.33,FWD,1.5,1.0
extratrees,PHASE1__Ma8_Kn0.33_FWD_hphs1.5_Tw1,tau_abs,0.025,full_domain_ring,full,0.4902986582616076,0.5025561247181478,True,False,R0p05,0.05,0.05,0.45601198161978734,8.0,0.33,FWD,1.5,1.0
extratrees,PHASE1__Ma8_Kn0.33_FWD_hphs1.5_Tw1,tau_abs,0.025,max_cumulative_patch,R3,0.5532553932271578,0.5670867780578367,True,False,R0p05,0.05,0.05,0.45601198161978734,8.0,0.33,FWD,1.5,1.0
extratrees,PHASE1__Ma8_Kn0.33_FWD_hphs1.5_Tw1,tau_abs,0.05,full_domain_ring,full,0.4902986582616076,0.5148135911746881,True,False,R0p05,0.05,0.05,0.45601198161978734,8.0,0.33,FWD,1.5,1.0
extratrees,PHASE1__Ma8_Kn0.33_FWD_hphs1.5_Tw1,tau_abs,0.05,max_cumulative_patch,R3,0.5532553932271578,0.5809181628885157,True,False,R0p05,0.05,0.05,0.45601198161978734,8.0,0.33,FWD,1.5,1.0
extratrees,PHASE1__Ma8_Kn0.33_FWD_hphs1.5_Tw1,tau_abs,0.1,full_domain_ring,full,0.4902986582616076,0.5393285240877684,True,False,R0p05,0.05,0.05,0.45601198161978734,8.0,0.33,FWD,1.5,1.0
extratrees,PHASE1__Ma8_Kn0.33_FWD_hphs1.5_Tw1,tau_abs,0.1,max_cumulative_patch,R3,0.5532553932271578,0.6085809325498736,True,False,R0p05,0.05,0.05,0.45601198161978734,8.0,0.33,FWD,1.5,1.0
extratrees,PHASE1__Ma8_Kn0.33_ISO_hphs1.5_Tw1,Cp,0.025,full_domain_ring,full,0.051190727864706444,0.0524704960613241,True,False,R1p50,1.5,1.5,0.0504835570605391,8.0,0.33,ISO,1.5,1.0
extratrees,PHASE1__Ma8_Kn0.33_ISO_hphs1.5_Tw1,Cp,0.025,max_cumulative_patch,R3,0.055355620921544925,0.05673951144458354,True,False,R0p05,0.05,0.05,0.05338983157092792,8.0,0.33,ISO,1.5,1.0
extratrees,PHASE1__Ma8_Kn0.33_ISO_hphs1.5_Tw1,Cp,0.05,full_domain_ring,full,0.051190727864706444,0.05375026425794177,True,False,R0p05,0.05,0.05,0.05338983157092792,8.0,0.33,ISO,1.5,1.0
extratrees,PHASE1__Ma8_Kn0.33_ISO_hphs1.5_Tw1,Cp,0.05,max_cumulative_patch,R3,0.055355620921544925,0.058123401967622175,True,False,R0p05,0.05,0.05,0.05338983157092792,8.0,0.33,ISO,1.5,1.0
extratrees,PHASE1__Ma8_Kn0.33_ISO_hphs1.5_Tw1,Cp,0.1,full_domain_ring,full,0.051190727864706444,0.05630980065117709,True,False,R0p05,0.05,0.05,0.05338983157092792,8.0,0.33,ISO,1.5,1.0
extratrees,PHASE1__Ma8_Kn0.33_ISO_hphs1.5_Tw1,Cp,0.1,max_cumulative_patch,R3,0.055355620921544925,0.060891183013699425,True,False,R0p05,0.05,0.05,0.05338983157092792,8.0,0.33,ISO,1.5,1.0
extratrees,PHASE1__Ma8_Kn0.33_ISO_hphs1.5_Tw1,Cq,0.025,full_domain_ring,full,0.20259660636434867,0.20766152152345738,True,False,R0p10,0.1,0.1,0.17901961213015913,8.0,0.33,ISO,1.5,1.0
extratrees,PHASE1__Ma8_Kn0.33_ISO_hphs1.5_Tw1,Cq,0.025,max_cumulative_patch,R3,0.2199233295356461,0.22542141277403724,True,False,R0p05,0.05,0.05,0.21051080552779225,8.0,0.33,ISO,1.5,1.0
extratrees,PHASE1__Ma8_Kn0.33_ISO_hphs1.5_Tw1,Cq,0.05,full_domain_ring,full,0.20259660636434867,0.2127264366825661,True,False,R0p05,0.05,0.05,0.21051080552779225,8.0,0.33,ISO,1.5,1.0
extratrees,PHASE1__Ma8_Kn0.33_ISO_hphs1.5_Tw1,Cq,0.05,max_cumulative_patch,R3,0.2199233295356461,0.23091949601242842,True,False,R0p05,0.05,0.05,0.21051080552779225,8.0,0.33,ISO,1.5,1.0
extratrees,PHASE1__Ma8_Kn0.33_ISO_hphs1.5_Tw1,Cq,0.1,full_domain_ring,full,0.20259660636434867,0.22285626700078356,True,False,R0p05,0.05,0.05,0.21051080552779225,8.0,0.33,ISO,1.5,1.0
extratrees,PHASE1__Ma8_Kn0.33_ISO_hphs1.5_Tw1,Cq,0.1,max_cumulative_patch,R3,0.2199233295356461,0.24191566248921073,True,False,R0p05,0.05,0.05,0.21051080552779225,8.0,0.33,ISO,1.5,1.0
extratrees,PHASE1__Ma8_Kn0.33_ISO_hphs1.5_Tw1,tau_abs,0.025,full_domain_ring,full,0.32001858518968185,0.32801904981942387,True,False,R0p10,0.1,0.1,0.2830273316307181,8.0,0.33,ISO,1.5,1.0
extratrees,PHASE1__Ma8_Kn0.33_ISO_hphs1.5_Tw1,tau_abs,0.025,max_cumulative_patch,R3,0.41997213954243295,0.4304714430309937,True,False,R0p05,0.05,0.05,0.34744374184277454,8.0,0.33,ISO,1.5,1.0
extratrees,PHASE1__Ma8_Kn0.33_ISO_hphs1.5_Tw1,tau_abs,0.05,full_domain_ring,full,0.32001858518968185,0.33601951444916595,True,False,R0p10,0.1,0.1,0.2830273316307181,8.0,0.33,ISO,1.5,1.0
extratrees,PHASE1__Ma8_Kn0.33_ISO_hphs1.5_Tw1,tau_abs,0.05,max_cumulative_patch,R3,0.41997213954243295,0.44097074651955465,True,False,R0p05,0.05,0.05,0.34744374184277454,8.0,0.33,ISO,1.5,1.0
extratrees,PHASE1__Ma8_Kn0.33_ISO_hphs1.5_Tw1,tau_abs,0.1,full_domain_ring,full,0.32001858518968185,0.35202044370865004,True,False,R0p05,0.05,0.05,0.34744374184277454,8.0,0.33,ISO,1.5,1.0
extratrees,PHASE1__Ma8_Kn0.33_ISO_hphs1.5_Tw1,tau_abs,0.1,max_cumulative_patch,R3,0.41997213954243295,0.4619693534966763,True,False,R0p05,0.05,0.05,0.34744374184277454,8.0,0.33,ISO,1.5,1.0
extratrees,PHASE1__Ma8_Kn0.8_BWD_hphs1.5_Tw1,Cp,0.025,full_domain_ring,full,0.6115749175000815,0.6268642904375835,True,False,R0p05,0.05,0.05,0.5043102527571051,8.0,0.8,BWD,1.5,1.0
extratrees,PHASE1__Ma8_Kn0.8_BWD_hphs1.5_Tw1,Cp,0.025,max_cumulative_patch,R3,0.615996317423903,0.6313962253595006,True,False,R0p05,0.05,0.05,0.5043102527571051,8.0,0.8,BWD,1.5,1.0
extratrees,PHASE1__Ma8_Kn0.8_BWD_hphs1.5_Tw1,Cp,0.05,full_domain_ring,full,0.6115749175000815,0.6421536633750856,True,False,R0p05,0.05,0.05,0.5043102527571051,8.0,0.8,BWD,1.5,1.0
extratrees,PHASE1__Ma8_Kn0.8_BWD_hphs1.5_Tw1,Cp,0.05,max_cumulative_patch,R3,0.615996317423903,0.6467961332950982,True,False,R0p05,0.05,0.05,0.5043102527571051,8.0,0.8,BWD,1.5,1.0
extratrees,PHASE1__Ma8_Kn0.8_BWD_hphs1.5_Tw1,Cp,0.1,full_domain_ring,full,0.6115749175000815,0.6727324092500897,True,False,R0p05,0.05,0.05,0.5043102527571051,8.0,0.8,BWD,1.5,1.0
extratrees,PHASE1__Ma8_Kn0.8_BWD_hphs1.5_Tw1,Cp,0.1,max_cumulative_patch,R3,0.615996317423903,0.6775959491662934,True,False,R0p05,0.05,0.05,0.5043102527571051,8.0,0.8,BWD,1.5,1.0
extratrees,PHASE1__Ma8_Kn0.8_BWD_hphs1.5_Tw1,Cq,0.025,full_domain_ring,full,0.14890980864146233,0.15263255385749888,True,False,R0p05,0.05,0.05,0.12227141897914326,8.0,0.8,BWD,1.5,1.0
extratrees,PHASE1__Ma8_Kn0.8_BWD_hphs1.5_Tw1,Cq,0.025,max_cumulative_patch,R3,0.1041777335019244,0.1067821768394725,True,False,R3,3.0,3.0,0.1041777335019244,8.0,0.8,BWD,1.5,1.0
extratrees,PHASE1__Ma8_Kn0.8_BWD_hphs1.5_Tw1,Cq,0.05,full_domain_ring,full,0.14890980864146233,0.15635529907353546,True,False,R0p05,0.05,0.05,0.12227141897914326,8.0,0.8,BWD,1.5,1.0
extratrees,PHASE1__Ma8_Kn0.8_BWD_hphs1.5_Tw1,Cq,0.05,max_cumulative_patch,R3,0.1041777335019244,0.10938662017702062,True,False,R3,3.0,3.0,0.1041777335019244,8.0,0.8,BWD,1.5,1.0
extratrees,PHASE1__Ma8_Kn0.8_BWD_hphs1.5_Tw1,Cq,0.1,full_domain_ring,full,0.14890980864146233,0.16380078950560858,True,False,R0p05,0.05,0.05,0.12227141897914326,8.0,0.8,BWD,1.5,1.0
extratrees,PHASE1__Ma8_Kn0.8_BWD_hphs1.5_Tw1,Cq,0.1,max_cumulative_patch,R3,0.1041777335019244,0.11459550685211685,True,False,R3,3.0,3.0,0.1041777335019244,8.0,0.8,BWD,1.5,1.0
extratrees,PHASE1__Ma8_Kn0.8_BWD_hphs1.5_Tw1,tau_abs,0.025,full_domain_ring,full,0.1549411567148171,0.1588146856326875,True,False,R0p05,0.05,0.05,0.12492419581781421,8.0,0.8,BWD,1.5,1.0
extratrees,PHASE1__Ma8_Kn0.8_BWD_hphs1.5_Tw1,tau_abs,0.025,max_cumulative_patch,R3,0.17483250294661312,0.17920331552027843,True,False,R0p05,0.05,0.05,0.12492419581781421,8.0,0.8,BWD,1.5,1.0
extratrees,PHASE1__Ma8_Kn0.8_BWD_hphs1.5_Tw1,tau_abs,0.05,full_domain_ring,full,0.1549411567148171,0.16268821455055796,True,False,R0p05,0.05,0.05,0.12492419581781421,8.0,0.8,BWD,1.5,1.0
extratrees,PHASE1__Ma8_Kn0.8_BWD_hphs1.5_Tw1,tau_abs,0.05,max_cumulative_patch,R3,0.17483250294661312,0.18357412809394377,True,False,R0p05,0.05,0.05,0.12492419581781421,8.0,0.8,BWD,1.5,1.0
extratrees,PHASE1__Ma8_Kn0.8_BWD_hphs1.5_Tw1,tau_abs,0.1,full_domain_ring,full,0.1549411567148171,0.17043527238629883,True,False,R0p05,0.05,0.05,0.12492419581781421,8.0,0.8,BWD,1.5,1.0
extratrees,PHASE1__Ma8_Kn0.8_BWD_hphs1.5_Tw1,tau_abs,0.1,max_cumulative_patch,R3,0.17483250294661312,0.19231575324127445,True,False,R0p05,0.05,0.05,0.12492419581781421,8.0,0.8,BWD,1.5,1.0
extratrees,PHASE1__Ma8_Kn0.8_FWD_hphs1.5_Tw1,Cp,0.025,full_domain_ring,full,0.30672717928349175,0.314395358765579,True,False,R0p05,0.05,0.05,0.18911949797229688,8.0,0.8,FWD,1.5,1.0
extratrees,PHASE1__Ma8_Kn0.8_FWD_hphs1.5_Tw1,Cp,0.025,max_cumulative_patch,R3,0.35579439863014795,0.3646892585959016,True,False,R0p05,0.05,0.05,0.18911949797229688,8.0,0.8,FWD,1.5,1.0
extratrees,PHASE1__Ma8_Kn0.8_FWD_hphs1.5_Tw1,Cp,0.05,full_domain_ring,full,0.30672717928349175,0.32206353824766637,True,False,R0p05,0.05,0.05,0.18911949797229688,8.0,0.8,FWD,1.5,1.0
extratrees,PHASE1__Ma8_Kn0.8_FWD_hphs1.5_Tw1,Cp,0.05,max_cumulative_patch,R3,0.35579439863014795,0.37358411856165535,True,False,R0p05,0.05,0.05,0.18911949797229688,8.0,0.8,FWD,1.5,1.0
extratrees,PHASE1__Ma8_Kn0.8_FWD_hphs1.5_Tw1,Cp,0.1,full_domain_ring,full,0.30672717928349175,0.33739989721184094,True,False,R0p05,0.05,0.05,0.18911949797229688,8.0,0.8,FWD,1.5,1.0
extratrees,PHASE1__Ma8_Kn0.8_FWD_hphs1.5_Tw1,Cp,0.1,max_cumulative_patch,R3,0.35579439863014795,0.39137383849316276,True,False,R0p05,0.05,0.05,0.18911949797229688,8.0,0.8,FWD,1.5,1.0
extratrees,PHASE1__Ma8_Kn0.8_FWD_hphs1.5_Tw1,Cq,0.025,full_domain_ring,full,0.09560500472925995,0.09799512984749144,True,False,R1p50,1.5,1.5,0.09257127433800788,8.0,0.8,FWD,1.5,1.0
extratrees,PHASE1__Ma8_Kn0.8_FWD_hphs1.5_Tw1,Cq,0.025,max_cumulative_patch,R3,0.1864422258412183,0.19110328148724876,True,False,R0p05,0.05,0.05,0.1324729179424426,8.0,0.8,FWD,1.5,1.0
extratrees,PHASE1__Ma8_Kn0.8_FWD_hphs1.5_Tw1,Cq,0.05,full_domain_ring,full,0.09560500472925995,0.10038525496572295,True,False,R1p50,1.5,1.5,0.09257127433800788,8.0,0.8,FWD,1.5,1.0
extratrees,PHASE1__Ma8_Kn0.8_FWD_hphs1.5_Tw1,Cq,0.05,max_cumulative_patch,R3,0.1864422258412183,0.19576433713327923,True,False,R0p05,0.05,0.05,0.1324729179424426,8.0,0.8,FWD,1.5,1.0
extratrees,PHASE1__Ma8_Kn0.8_FWD_hphs1.5_Tw1,Cq,0.1,full_domain_ring,full,0.09560500472925995,0.10516550520218595,True,False,R1p50,1.5,1.5,0.09257127433800788,8.0,0.8,FWD,1.5,1.0
extratrees,PHASE1__Ma8_Kn0.8_FWD_hphs1.5_Tw1,Cq,0.1,max_cumulative_patch,R3,0.1864422258412183,0.20508644842534016,True,False,R0p05,0.05,0.05,0.1324729179424426,8.0,0.8,FWD,1.5,1.0
extratrees,PHASE1__Ma8_Kn0.8_FWD_hphs1.5_Tw1,tau_abs,0.025,full_domain_ring,full,0.3249116600233846,0.3330344515239692,True,False,R0p20,0.2,0.2,0.3186124105322871,8.0,0.8,FWD,1.5,1.0
extratrees,PHASE1__Ma8_Kn0.8_FWD_hphs1.5_Tw1,tau_abs,0.025,max_cumulative_patch,R3,0.2806906232187428,0.28770788879921133,True,False,R1p50,1.5,1.5,0.257482457972302,8.0,0.8,FWD,1.5,1.0
extratrees,PHASE1__Ma8_Kn0.8_FWD_hphs1.5_Tw1,tau_abs,0.05,full_domain_ring,full,0.3249116600233846,0.34115724302455386,True,False,R0p10,0.1,0.1,0.3398912393164142,8.0,0.8,FWD,1.5,1.0
extratrees,PHASE1__Ma8_Kn0.8_FWD_hphs1.5_Tw1,tau_abs,0.05,max_cumulative_patch,R3,0.2806906232187428,0.29472515437967994,True,False,R1p50,1.5,1.5,0.257482457972302,8.0,0.8,FWD,1.5,1.0
extratrees,PHASE1__Ma8_Kn0.8_FWD_hphs1.5_Tw1,tau_abs,0.1,full_domain_ring,full,0.3249116600233846,0.3574028260257231,True,False,R0p05,0.05,0.05,0.3540341848117336,8.0,0.8,FWD,1.5,1.0
extratrees,PHASE1__Ma8_Kn0.8_FWD_hphs1.5_Tw1,tau_abs,0.1,max_cumulative_patch,R3,0.2806906232187428,0.30875968554061706,True,False,R0p50,0.5,0.5,0.2999525662163582,8.0,0.8,FWD,1.5,1.0
extratrees,PHASE1__Ma8_Kn0.8_ISO_hphs1.5_Tw1,Cp,0.025,full_domain_ring,full,0.29780250129570596,0.3052475638280986,True,False,R0p05,0.05,0.05,0.20273195603973362,8.0,0.8,ISO,1.5,1.0
extratrees,PHASE1__Ma8_Kn0.8_ISO_hphs1.5_Tw1,Cp,0.025,max_cumulative_patch,R3,0.24869700944740383,0.25491443468358893,True,False,R0p05,0.05,0.05,0.20273195603973362,8.0,0.8,ISO,1.5,1.0
extratrees,PHASE1__Ma8_Kn0.8_ISO_hphs1.5_Tw1,Cp,0.05,full_domain_ring,full,0.29780250129570596,0.3126926263604913,True,False,R0p05,0.05,0.05,0.20273195603973362,8.0,0.8,ISO,1.5,1.0
extratrees,PHASE1__Ma8_Kn0.8_ISO_hphs1.5_Tw1,Cp,0.05,max_cumulative_patch,R3,0.24869700944740383,0.26113185991977406,True,False,R0p05,0.05,0.05,0.20273195603973362,8.0,0.8,ISO,1.5,1.0
extratrees,PHASE1__Ma8_Kn0.8_ISO_hphs1.5_Tw1,Cp,0.1,full_domain_ring,full,0.29780250129570596,0.3275827514252766,True,False,R0p05,0.05,0.05,0.20273195603973362,8.0,0.8,ISO,1.5,1.0
extratrees,PHASE1__Ma8_Kn0.8_ISO_hphs1.5_Tw1,Cp,0.1,max_cumulative_patch,R3,0.24869700944740383,0.27356671039214425,True,False,R0p05,0.05,0.05,0.20273195603973362,8.0,0.8,ISO,1.5,1.0
extratrees,PHASE1__Ma8_Kn0.8_ISO_hphs1.5_Tw1,Cq,0.025,full_domain_ring,full,0.11386353527469427,0.11671012365656161,True,False,R1p50,1.5,1.5,0.09778861809282799,8.0,0.8,ISO,1.5,1.0
extratrees,PHASE1__Ma8_Kn0.8_ISO_hphs1.5_Tw1,Cq,0.025,max_cumulative_patch,R3,0.1306079104340594,0.13387310819491086,True,False,R0p05,0.05,0.05,0.12563229064778902,8.0,0.8,ISO,1.5,1.0
extratrees,PHASE1__Ma8_Kn0.8_ISO_hphs1.5_Tw1,Cq,0.05,full_domain_ring,full,0.11386353527469427,0.11955671203842899,True,False,R1p50,1.5,1.5,0.09778861809282799,8.0,0.8,ISO,1.5,1.0
extratrees,PHASE1__Ma8_Kn0.8_ISO_hphs1.5_Tw1,Cq,0.05,max_cumulative_patch,R3,0.1306079104340594,0.13713830595576237,True,False,R0p05,0.05,0.05,0.12563229064778902,8.0,0.8,ISO,1.5,1.0
extratrees,PHASE1__Ma8_Kn0.8_ISO_hphs1.5_Tw1,Cq,0.1,full_domain_ring,full,0.11386353527469427,0.1252498888021637,True,False,R1p50,1.5,1.5,0.09778861809282799,8.0,0.8,ISO,1.5,1.0
extratrees,PHASE1__Ma8_Kn0.8_ISO_hphs1.5_Tw1,Cq,0.1,max_cumulative_patch,R3,0.1306079104340594,0.14366870147746535,True,False,R0p05,0.05,0.05,0.12563229064778902,8.0,0.8,ISO,1.5,1.0
extratrees,PHASE1__Ma8_Kn0.8_ISO_hphs1.5_Tw1,tau_abs,0.025,full_domain_ring,full,0.2735796747657412,0.2804191666348847,True,False,R0p05,0.05,0.05,0.21507913465623454,8.0,0.8,ISO,1.5,1.0
extratrees,PHASE1__Ma8_Kn0.8_ISO_hphs1.5_Tw1,tau_abs,0.025,max_cumulative_patch,R3,0.3161155284452967,0.3240184166564291,True,False,R0p05,0.05,0.05,0.21507913465623454,8.0,0.8,ISO,1.5,1.0
extratrees,PHASE1__Ma8_Kn0.8_ISO_hphs1.5_Tw1,tau_abs,0.05,full_domain_ring,full,0.2735796747657412,0.28725865850402826,True,False,R0p05,0.05,0.05,0.21507913465623454,8.0,0.8,ISO,1.5,1.0
extratrees,PHASE1__Ma8_Kn0.8_ISO_hphs1.5_Tw1,tau_abs,0.05,max_cumulative_patch,R3,0.3161155284452967,0.33192130486756155,True,False,R0p05,0.05,0.05,0.21507913465623454,8.0,0.8,ISO,1.5,1.0
extratrees,PHASE1__Ma8_Kn0.8_ISO_hphs1.5_Tw1,tau_abs,0.1,full_domain_ring,full,0.2735796747657412,0.30093764224231534,True,False,R0p05,0.05,0.05,0.21507913465623454,8.0,0.8,ISO,1.5,1.0
extratrees,PHASE1__Ma8_Kn0.8_ISO_hphs1.5_Tw1,tau_abs,0.1,max_cumulative_patch,R3,0.3161155284452967,0.34772708128982643,True,False,R0p05,0.05,0.05,0.21507913465623454,8.0,0.8,ISO,1.5,1.0
ridge,PHASE1__Ma4_Kn0.1_BWD_hphs1.5_Tw1,Cp,0.025,full_domain_ring,full,0.10355991545885992,0.10614891334533141,False,True,not_reached,,3.0,,4.0,0.1,BWD,1.5,1.0
ridge,PHASE1__Ma4_Kn0.1_BWD_hphs1.5_Tw1,Cp,0.025,max_cumulative_patch,R3,0.11265417046071016,0.11547052472222791,True,False,R3,3.0,3.0,0.11265417046071016,4.0,0.1,BWD,1.5,1.0
ridge,PHASE1__Ma4_Kn0.1_BWD_hphs1.5_Tw1,Cp,0.05,full_domain_ring,full,0.10355991545885992,0.10873791123180293,False,True,not_reached,,3.0,,4.0,0.1,BWD,1.5,1.0
ridge,PHASE1__Ma4_Kn0.1_BWD_hphs1.5_Tw1,Cp,0.05,max_cumulative_patch,R3,0.11265417046071016,0.11828687898374568,True,False,R3,3.0,3.0,0.11265417046071016,4.0,0.1,BWD,1.5,1.0
ridge,PHASE1__Ma4_Kn0.1_BWD_hphs1.5_Tw1,Cp,0.1,full_domain_ring,full,0.10355991545885992,0.11391590700474592,True,False,R3,3.0,3.0,0.11265417046071016,4.0,0.1,BWD,1.5,1.0
ridge,PHASE1__Ma4_Kn0.1_BWD_hphs1.5_Tw1,Cp,0.1,max_cumulative_patch,R3,0.11265417046071016,0.12391958750678118,True,False,R3,3.0,3.0,0.11265417046071016,4.0,0.1,BWD,1.5,1.0
ridge,PHASE1__Ma4_Kn0.1_BWD_hphs1.5_Tw1,Cq,0.025,full_domain_ring,full,0.6280992583788785,0.6438017398383504,True,False,R0p75,0.75,0.75,0.6016518830177159,4.0,0.1,BWD,1.5,1.0
ridge,PHASE1__Ma4_Kn0.1_BWD_hphs1.5_Tw1,Cq,0.025,max_cumulative_patch,R3,0.7365929707343538,0.7550077950027126,True,False,R0p75,0.75,0.75,0.6016518830177159,4.0,0.1,BWD,1.5,1.0
ridge,PHASE1__Ma4_Kn0.1_BWD_hphs1.5_Tw1,Cq,0.05,full_domain_ring,full,0.6280992583788785,0.6595042212978224,True,False,R0p75,0.75,0.75,0.6016518830177159,4.0,0.1,BWD,1.5,1.0
ridge,PHASE1__Ma4_Kn0.1_BWD_hphs1.5_Tw1,Cq,0.05,max_cumulative_patch,R3,0.7365929707343538,0.7734226192710716,True,False,R0p75,0.75,0.75,0.6016518830177159,4.0,0.1,BWD,1.5,1.0
ridge,PHASE1__Ma4_Kn0.1_BWD_hphs1.5_Tw1,Cq,0.1,full_domain_ring,full,0.6280992583788785,0.6909091842167664,True,False,R0p75,0.75,0.75,0.6016518830177159,4.0,0.1,BWD,1.5,1.0
ridge,PHASE1__Ma4_Kn0.1_BWD_hphs1.5_Tw1,Cq,0.1,max_cumulative_patch,R3,0.7365929707343538,0.8102522678077893,True,False,R0p75,0.75,0.75,0.6016518830177159,4.0,0.1,BWD,1.5,1.0
ridge,PHASE1__Ma4_Kn0.1_BWD_hphs1.5_Tw1,tau_abs,0.025,full_domain_ring,full,0.2621629955167306,0.2687170704046489,True,False,R0p50,0.5,0.5,0.22056794842556512,4.0,0.1,BWD,1.5,1.0
ridge,PHASE1__Ma4_Kn0.1_BWD_hphs1.5_Tw1,tau_abs,0.025,max_cumulative_patch,R3,0.5821551057586523,0.5967089834026185,True,False,R0p05,0.05,0.05,0.36775637129820393,4.0,0.1,BWD,1.5,1.0
ridge,PHASE1__Ma4_Kn0.1_BWD_hphs1.5_Tw1,tau_abs,0.05,full_domain_ring,full,0.2621629955167306,0.27527114529256713,True,False,R0p50,0.5,0.5,0.22056794842556512,4.0,0.1,BWD,1.5,1.0
ridge,PHASE1__Ma4_Kn0.1_BWD_hphs1.5_Tw1,tau_abs,0.05,max_cumulative_patch,R3,0.5821551057586523,0.6112628610465849,True,False,R0p05,0.05,0.05,0.36775637129820393,4.0,0.1,BWD,1.5,1.0
ridge,PHASE1__Ma4_Kn0.1_BWD_hphs1.5_Tw1,tau_abs,0.1,full_domain_ring,full,0.2621629955167306,0.2883792950684037,True,False,R0p35,0.35,0.35,0.28007701997083884,4.0,0.1,BWD,1.5,1.0
ridge,PHASE1__Ma4_Kn0.1_BWD_hphs1.5_Tw1,tau_abs,0.1,max_cumulative_patch,R3,0.5821551057586523,0.6403706163345175,True,False,R0p05,0.05,0.05,0.36775637129820393,4.0,0.1,BWD,1.5,1.0
ridge,PHASE1__Ma4_Kn0.1_FWD_hphs1.5_Tw1,Cp,0.025,full_domain_ring,full,0.12838963394155548,0.13159937479009434,False,True,not_reached,,3.0,,4.0,0.1,FWD,1.5,1.0
ridge,PHASE1__Ma4_Kn0.1_FWD_hphs1.5_Tw1,Cp,0.025,max_cumulative_patch,R3,0.1831329466622155,0.18771127032877086,True,False,R3,3.0,3.0,0.1831329466622155,4.0,0.1,FWD,1.5,1.0
ridge,PHASE1__Ma4_Kn0.1_FWD_hphs1.5_Tw1,Cp,0.05,full_domain_ring,full,0.12838963394155548,0.13480911563863326,False,True,not_reached,,3.0,,4.0,0.1,FWD,1.5,1.0
ridge,PHASE1__Ma4_Kn0.1_FWD_hphs1.5_Tw1,Cp,0.05,max_cumulative_patch,R3,0.1831329466622155,0.19228959399532627,True,False,R3,3.0,3.0,0.1831329466622155,4.0,0.1,FWD,1.5,1.0
ridge,PHASE1__Ma4_Kn0.1_FWD_hphs1.5_Tw1,Cp,0.1,full_domain_ring,full,0.12838963394155548,0.14122859733571103,False,True,not_reached,,3.0,,4.0,0.1,FWD,1.5,1.0
ridge,PHASE1__Ma4_Kn0.1_FWD_hphs1.5_Tw1,Cp,0.1,max_cumulative_patch,R3,0.1831329466622155,0.20144624132843705,True,False,R3,3.0,3.0,0.1831329466622155,4.0,0.1,FWD,1.5,1.0
ridge,PHASE1__Ma4_Kn0.1_FWD_hphs1.5_Tw1,Cq,0.025,full_domain_ring,full,0.5435586162359718,0.5571475816418711,False,True,not_reached,,3.0,,4.0,0.1,FWD,1.5,1.0
ridge,PHASE1__Ma4_Kn0.1_FWD_hphs1.5_Tw1,Cq,0.025,max_cumulative_patch,R3,1.2385619650417141,1.269526014167757,True,False,R0p20,0.2,0.2,0.854014474139845,4.0,0.1,FWD,1.5,1.0
ridge,PHASE1__Ma4_Kn0.1_FWD_hphs1.5_Tw1,Cq,0.05,full_domain_ring,full,0.5435586162359718,0.5707365470477704,False,True,not_reached,,3.0,,4.0,0.1,FWD,1.5,1.0
ridge,PHASE1__Ma4_Kn0.1_FWD_hphs1.5_Tw1,Cq,0.05,max_cumulative_patch,R3,1.2385619650417141,1.3004900632938,True,False,R0p20,0.2,0.2,0.854014474139845,4.0,0.1,FWD,1.5,1.0
ridge,PHASE1__Ma4_Kn0.1_FWD_hphs1.5_Tw1,Cq,0.1,full_domain_ring,full,0.5435586162359718,0.597914477859569,False,True,not_reached,,3.0,,4.0,0.1,FWD,1.5,1.0
ridge,PHASE1__Ma4_Kn0.1_FWD_hphs1.5_Tw1,Cq,0.1,max_cumulative_patch,R3,1.2385619650417141,1.3624181615458857,True,False,R0p20,0.2,0.2,0.854014474139845,4.0,0.1,FWD,1.5,1.0
ridge,PHASE1__Ma4_Kn0.1_FWD_hphs1.5_Tw1,tau_abs,0.025,full_domain_ring,full,0.9558499740866796,0.9797462234388465,True,False,R0p05,0.05,0.05,0.9536086763122433,4.0,0.1,FWD,1.5,1.0
ridge,PHASE1__Ma4_Kn0.1_FWD_hphs1.5_Tw1,tau_abs,0.025,max_cumulative_patch,R3,0.8902653734786533,0.9125220078156195,True,False,R0p10,0.1,0.1,0.9005146558806703,4.0,0.1,FWD,1.5,1.0
ridge,PHASE1__Ma4_Kn0.1_FWD_hphs1.5_Tw1,tau_abs,0.05,full_domain_ring,full,0.9558499740866796,1.0036424727910136,True,False,R0p05,0.05,0.05,0.9536086763122433,4.0,0.1,FWD,1.5,1.0
ridge,PHASE1__Ma4_Kn0.1_FWD_hphs1.5_Tw1,tau_abs,0.05,max_cumulative_patch,R3,0.8902653734786533,0.934778642152586,True,False,R0p10,0.1,0.1,0.9005146558806703,4.0,0.1,FWD,1.5,1.0
ridge,PHASE1__Ma4_Kn0.1_FWD_hphs1.5_Tw1,tau_abs,0.1,full_domain_ring,full,0.9558499740866796,1.0514349714953477,True,False,R0p05,0.05,0.05,0.9536086763122433,4.0,0.1,FWD,1.5,1.0
ridge,PHASE1__Ma4_Kn0.1_FWD_hphs1.5_Tw1,tau_abs,0.1,max_cumulative_patch,R3,0.8902653734786533,0.9792919108265187,True,False,R0p05,0.05,0.05,0.9536086763122433,4.0,0.1,FWD,1.5,1.0
ridge,PHASE1__Ma4_Kn0.1_ISO_hphs1.5_Tw1,Cp,0.025,full_domain_ring,full,0.09229761707677792,0.09460505750369735,True,False,R3,3.0,3.0,0.04681829064006295,4.0,0.1,ISO,1.5,1.0
ridge,PHASE1__Ma4_Kn0.1_ISO_hphs1.5_Tw1,Cp,0.025,max_cumulative_patch,R3,0.04681829064006295,0.04798874790606452,True,False,R3,3.0,3.0,0.04681829064006295,4.0,0.1,ISO,1.5,1.0
ridge,PHASE1__Ma4_Kn0.1_ISO_hphs1.5_Tw1,Cp,0.05,full_domain_ring,full,0.09229761707677792,0.09691249793061682,True,False,R2,2.0,2.0,0.0952663567393546,4.0,0.1,ISO,1.5,1.0
ridge,PHASE1__Ma4_Kn0.1_ISO_hphs1.5_Tw1,Cp,0.05,max_cumulative_patch,R3,0.04681829064006295,0.0491592051720661,True,False,R3,3.0,3.0,0.04681829064006295,4.0,0.1,ISO,1.5,1.0
ridge,PHASE1__Ma4_Kn0.1_ISO_hphs1.5_Tw1,Cp,0.1,full_domain_ring,full,0.09229761707677792,0.10152737878445571,True,False,R2,2.0,2.0,0.0952663567393546,4.0,0.1,ISO,1.5,1.0
ridge,PHASE1__Ma4_Kn0.1_ISO_hphs1.5_Tw1,Cp,0.1,max_cumulative_patch,R3,0.04681829064006295,0.05150011970406925,True,False,R3,3.0,3.0,0.04681829064006295,4.0,0.1,ISO,1.5,1.0
ridge,PHASE1__Ma4_Kn0.1_ISO_hphs1.5_Tw1,Cq,0.025,full_domain_ring,full,0.3851585787499104,0.3947875432186581,False,True,not_reached,,3.0,,4.0,0.1,ISO,1.5,1.0
ridge,PHASE1__Ma4_Kn0.1_ISO_hphs1.5_Tw1,Cq,0.025,max_cumulative_patch,R3,0.9097535259910741,0.9324973641408508,True,False,R0p05,0.05,0.05,0.9113318568180336,4.0,0.1,ISO,1.5,1.0
ridge,PHASE1__Ma4_Kn0.1_ISO_hphs1.5_Tw1,Cq,0.05,full_domain_ring,full,0.3851585787499104,0.40441650768740595,False,True,not_reached,,3.0,,4.0,0.1,ISO,1.5,1.0
ridge,PHASE1__Ma4_Kn0.1_ISO_hphs1.5_Tw1,Cq,0.05,max_cumulative_patch,R3,0.9097535259910741,0.9552412022906278,True,False,R0p05,0.05,0.05,0.9113318568180336,4.0,0.1,ISO,1.5,1.0
ridge,PHASE1__Ma4_Kn0.1_ISO_hphs1.5_Tw1,Cq,0.1,full_domain_ring,full,0.3851585787499104,0.42367443662490145,False,True,not_reached,,3.0,,4.0,0.1,ISO,1.5,1.0
ridge,PHASE1__Ma4_Kn0.1_ISO_hphs1.5_Tw1,Cq,0.1,max_cumulative_patch,R3,0.9097535259910741,1.0007288785901816,True,False,R0p05,0.05,0.05,0.9113318568180336,4.0,0.1,ISO,1.5,1.0
ridge,PHASE1__Ma4_Kn0.1_ISO_hphs1.5_Tw1,tau_abs,0.025,full_domain_ring,full,0.5480163224159412,0.5617167304763397,True,False,R0p50,0.5,0.5,0.5375789553310962,4.0,0.1,ISO,1.5,1.0
ridge,PHASE1__Ma4_Kn0.1_ISO_hphs1.5_Tw1,tau_abs,0.025,max_cumulative_patch,R3,0.7267044532771113,0.744872064609039,True,False,R0p05,0.05,0.05,0.6753858802871902,4.0,0.1,ISO,1.5,1.0
ridge,PHASE1__Ma4_Kn0.1_ISO_hphs1.5_Tw1,tau_abs,0.05,full_domain_ring,full,0.5480163224159412,0.5754171385367383,True,False,R0p35,0.35,0.35,0.5745719375652449,4.0,0.1,ISO,1.5,1.0
ridge,PHASE1__Ma4_Kn0.1_ISO_hphs1.5_Tw1,tau_abs,0.05,max_cumulative_patch,R3,0.7267044532771113,0.7630396759409669,True,False,R0p05,0.05,0.05,0.6753858802871902,4.0,0.1,ISO,1.5,1.0
ridge,PHASE1__Ma4_Kn0.1_ISO_hphs1.5_Tw1,tau_abs,0.1,full_domain_ring,full,0.5480163224159412,0.6028179546575354,True,False,R0p35,0.35,0.35,0.5745719375652449,4.0,0.1,ISO,1.5,1.0
ridge,PHASE1__Ma4_Kn0.1_ISO_hphs1.5_Tw1,tau_abs,0.1,max_cumulative_patch,R3,0.7267044532771113,0.7993748986048225,True,False,R0p05,0.05,0.05,0.6753858802871902,4.0,0.1,ISO,1.5,1.0
ridge,PHASE1__Ma4_Kn0.33_BWD_hphs1.5_Tw1,Cp,0.025,full_domain_ring,full,0.401442214772223,0.41147827014152855,True,False,R2,2.0,2.0,0.39842659860068963,4.0,0.33,BWD,1.5,1.0
ridge,PHASE1__Ma4_Kn0.33_BWD_hphs1.5_Tw1,Cp,0.025,max_cumulative_patch,R3,0.24877107628602338,0.2549903531931739,True,False,R3,3.0,3.0,0.24877107628602338,4.0,0.33,BWD,1.5,1.0
ridge,PHASE1__Ma4_Kn0.33_BWD_hphs1.5_Tw1,Cp,0.05,full_domain_ring,full,0.401442214772223,0.4215143255108342,True,False,R2,2.0,2.0,0.39842659860068963,4.0,0.33,BWD,1.5,1.0
ridge,PHASE1__Ma4_Kn0.33_BWD_hphs1.5_Tw1,Cp,0.05,max_cumulative_patch,R3,0.24877107628602338,0.26120963010032455,True,False,R3,3.0,3.0,0.24877107628602338,4.0,0.33,BWD,1.5,1.0
ridge,PHASE1__Ma4_Kn0.33_BWD_hphs1.5_Tw1,Cp,0.1,full_domain_ring,full,0.401442214772223,0.4415864362494454,True,False,R2,2.0,2.0,0.39842659860068963,4.0,0.33,BWD,1.5,1.0
ridge,PHASE1__Ma4_Kn0.33_BWD_hphs1.5_Tw1,Cp,0.1,max_cumulative_patch,R3,0.24877107628602338,0.27364818391462575,True,False,R3,3.0,3.0,0.24877107628602338,4.0,0.33,BWD,1.5,1.0
ridge,PHASE1__Ma4_Kn0.33_BWD_hphs1.5_Tw1,Cq,0.025,full_domain_ring,full,0.8202966795165213,0.8408040965044342,False,True,not_reached,,3.0,,4.0,0.33,BWD,1.5,1.0
ridge,PHASE1__Ma4_Kn0.33_BWD_hphs1.5_Tw1,Cq,0.025,max_cumulative_patch,R3,0.947189466319955,0.9708692029779539,True,False,R1p50,1.5,1.5,0.9301400993787177,4.0,0.33,BWD,1.5,1.0
ridge,PHASE1__Ma4_Kn0.33_BWD_hphs1.5_Tw1,Cq,0.05,full_domain_ring,full,0.8202966795165213,0.8613115134923474,False,True,not_reached,,3.0,,4.0,0.33,BWD,1.5,1.0
ridge,PHASE1__Ma4_Kn0.33_BWD_hphs1.5_Tw1,Cq,0.05,max_cumulative_patch,R3,0.947189466319955,0.9945489396359528,True,False,R0p10,0.1,0.1,0.9882108128714869,4.0,0.33,BWD,1.5,1.0
ridge,PHASE1__Ma4_Kn0.33_BWD_hphs1.5_Tw1,Cq,0.1,full_domain_ring,full,0.8202966795165213,0.9023263474681735,False,True,not_reached,,3.0,,4.0,0.33,BWD,1.5,1.0
ridge,PHASE1__Ma4_Kn0.33_BWD_hphs1.5_Tw1,Cq,0.1,max_cumulative_patch,R3,0.947189466319955,1.0419084129519507,True,False,R0p10,0.1,0.1,0.9882108128714869,4.0,0.33,BWD,1.5,1.0
ridge,PHASE1__Ma4_Kn0.33_BWD_hphs1.5_Tw1,tau_abs,0.025,full_domain_ring,full,0.391634554920016,0.40142541879301635,False,True,not_reached,,3.0,,4.0,0.33,BWD,1.5,1.0
ridge,PHASE1__Ma4_Kn0.33_BWD_hphs1.5_Tw1,tau_abs,0.025,max_cumulative_patch,R3,0.9402374739999434,0.9637434108499419,True,False,R0p05,0.05,0.05,0.7490311474987286,4.0,0.33,BWD,1.5,1.0
ridge,PHASE1__Ma4_Kn0.33_BWD_hphs1.5_Tw1,tau_abs,0.05,full_domain_ring,full,0.391634554920016,0.4112162826660168,False,True,not_reached,,3.0,,4.0,0.33,BWD,1.5,1.0
ridge,PHASE1__Ma4_Kn0.33_BWD_hphs1.5_Tw1,tau_abs,0.05,max_cumulative_patch,R3,0.9402374739999434,0.9872493476999407,True,False,R0p05,0.05,0.05,0.7490311474987286,4.0,0.33,BWD,1.5,1.0
ridge,PHASE1__Ma4_Kn0.33_BWD_hphs1.5_Tw1,tau_abs,0.1,full_domain_ring,full,0.391634554920016,0.4307980104120176,True,False,R0p50,0.5,0.5,0.4159778841153844,4.0,0.33,BWD,1.5,1.0
ridge,PHASE1__Ma4_Kn0.33_BWD_hphs1.5_Tw1,tau_abs,0.1,max_cumulative_patch,R3,0.9402374739999434,1.0342612213999378,True,False,R0p05,0.05,0.05,0.7490311474987286,4.0,0.33,BWD,1.5,1.0
ridge,PHASE1__Ma4_Kn0.33_FWD_hphs1.5_Tw1,Cp,0.025,full_domain_ring,full,0.2117452077660257,0.21703883796017634,False,True,not_reached,,3.0,,4.0,0.33,FWD,1.5,1.0
ridge,PHASE1__Ma4_Kn0.33_FWD_hphs1.5_Tw1,Cp,0.025,max_cumulative_patch,R3,0.29803729600767176,0.30548822840786355,True,False,R3,3.0,3.0,0.29803729600767176,4.0,0.33,FWD,1.5,1.0
ridge,PHASE1__Ma4_Kn0.33_FWD_hphs1.5_Tw1,Cp,0.05,full_domain_ring,full,0.2117452077660257,0.222332468154327,False,True,not_reached,,3.0,,4.0,0.33,FWD,1.5,1.0
ridge,PHASE1__Ma4_Kn0.33_FWD_hphs1.5_Tw1,Cp,0.05,max_cumulative_patch,R3,0.29803729600767176,0.31293916080805534,True,False,R3,3.0,3.0,0.29803729600767176,4.0,0.33,FWD,1.5,1.0
ridge,PHASE1__Ma4_Kn0.33_FWD_hphs1.5_Tw1,Cp,0.1,full_domain_ring,full,0.2117452077660257,0.2329197285426283,False,True,not_reached,,3.0,,4.0,0.33,FWD,1.5,1.0
ridge,PHASE1__Ma4_Kn0.33_FWD_hphs1.5_Tw1,Cp,0.1,max_cumulative_patch,R3,0.29803729600767176,0.327841025608439,True,False,R3,3.0,3.0,0.29803729600767176,4.0,0.33,FWD,1.5,1.0
ridge,PHASE1__Ma4_Kn0.33_FWD_hphs1.5_Tw1,Cq,0.025,full_domain_ring,full,0.7203532458004486,0.7383620769454597,False,True,not_reached,,3.0,,4.0,0.33,FWD,1.5,1.0
ridge,PHASE1__Ma4_Kn0.33_FWD_hphs1.5_Tw1,Cq,0.025,max_cumulative_patch,R3,2.0409354869455356,2.091958874119174,True,False,R0p10,0.1,0.1,1.7608331103782717,4.0,0.33,FWD,1.5,1.0
ridge,PHASE1__Ma4_Kn0.33_FWD_hphs1.5_Tw1,Cq,0.05,full_domain_ring,full,0.7203532458004486,0.756370908090471,False,True,not_reached,,3.0,,4.0,0.33,FWD,1.5,1.0
ridge,PHASE1__Ma4_Kn0.33_FWD_hphs1.5_Tw1,Cq,0.05,max_cumulative_patch,R3,2.0409354869455356,2.1429822612928127,True,False,R0p10,0.1,0.1,1.7608331103782717,4.0,0.33,FWD,1.5,1.0
ridge,PHASE1__Ma4_Kn0.33_FWD_hphs1.5_Tw1,Cq,0.1,full_domain_ring,full,0.7203532458004486,0.7923885703804935,False,True,not_reached,,3.0,,4.0,0.33,FWD,1.5,1.0
ridge,PHASE1__Ma4_Kn0.33_FWD_hphs1.5_Tw1,Cq,0.1,max_cumulative_patch,R3,2.0409354869455356,2.2450290356400893,True,False,R0p10,0.1,0.1,1.7608331103782717,4.0,0.33,FWD,1.5,1.0
ridge,PHASE1__Ma4_Kn0.33_FWD_hphs1.5_Tw1,tau_abs,0.025,full_domain_ring,full,1.8218109512622922,1.8673562250438493,True,False,R0p05,0.05,0.05,1.792742271541199,4.0,0.33,FWD,1.5,1.0
ridge,PHASE1__Ma4_Kn0.33_FWD_hphs1.5_Tw1,tau_abs,0.025,max_cumulative_patch,R3,1.8572217977515189,1.9036523426953067,True,False,R0p05,0.05,0.05,1.792742271541199,4.0,0.33,FWD,1.5,1.0
ridge,PHASE1__Ma4_Kn0.33_FWD_hphs1.5_Tw1,tau_abs,0.05,full_domain_ring,full,1.8218109512622922,1.912901498825407,True,False,R0p05,0.05,0.05,1.792742271541199,4.0,0.33,FWD,1.5,1.0
ridge,PHASE1__Ma4_Kn0.33_FWD_hphs1.5_Tw1,tau_abs,0.05,max_cumulative_patch,R3,1.8572217977515189,1.950082887639095,True,False,R0p05,0.05,0.05,1.792742271541199,4.0,0.33,FWD,1.5,1.0
ridge,PHASE1__Ma4_Kn0.33_FWD_hphs1.5_Tw1,tau_abs,0.1,full_domain_ring,full,1.8218109512622922,2.0039920463885217,True,False,R0p05,0.05,0.05,1.792742271541199,4.0,0.33,FWD,1.5,1.0
ridge,PHASE1__Ma4_Kn0.33_FWD_hphs1.5_Tw1,tau_abs,0.1,max_cumulative_patch,R3,1.8572217977515189,2.042943977526671,True,False,R0p05,0.05,0.05,1.792742271541199,4.0,0.33,FWD,1.5,1.0
ridge,PHASE1__Ma4_Kn0.33_ISO_hphs1.5_Tw1,Cp,0.025,full_domain_ring,full,0.13068582787899394,0.13395297357596878,False,True,not_reached,,3.0,,4.0,0.33,ISO,1.5,1.0
ridge,PHASE1__Ma4_Kn0.33_ISO_hphs1.5_Tw1,Cp,0.025,max_cumulative_patch,R3,0.2497693073644165,0.2560135400485269,True,False,R3,3.0,3.0,0.2497693073644165,4.0,0.33,ISO,1.5,1.0
ridge,PHASE1__Ma4_Kn0.33_ISO_hphs1.5_Tw1,Cp,0.05,full_domain_ring,full,0.13068582787899394,0.13722011927294364,False,True,not_reached,,3.0,,4.0,0.33,ISO,1.5,1.0
ridge,PHASE1__Ma4_Kn0.33_ISO_hphs1.5_Tw1,Cp,0.05,max_cumulative_patch,R3,0.2497693073644165,0.26225777273263734,True,False,R3,3.0,3.0,0.2497693073644165,4.0,0.33,ISO,1.5,1.0
ridge,PHASE1__Ma4_Kn0.33_ISO_hphs1.5_Tw1,Cp,0.1,full_domain_ring,full,0.13068582787899394,0.14375441066689335,False,True,not_reached,,3.0,,4.0,0.33,ISO,1.5,1.0
ridge,PHASE1__Ma4_Kn0.33_ISO_hphs1.5_Tw1,Cp,0.1,max_cumulative_patch,R3,0.2497693073644165,0.2747462381008582,True,False,R3,3.0,3.0,0.2497693073644165,4.0,0.33,ISO,1.5,1.0
ridge,PHASE1__Ma4_Kn0.33_ISO_hphs1.5_Tw1,Cq,0.025,full_domain_ring,full,0.42984108758472594,0.44058711477434404,False,True,not_reached,,3.0,,4.0,0.33,ISO,1.5,1.0
ridge,PHASE1__Ma4_Kn0.33_ISO_hphs1.5_Tw1,Cq,0.025,max_cumulative_patch,R3,1.2406779644458723,1.271694913557019,True,False,R0p10,0.1,0.1,1.1745994453207356,4.0,0.33,ISO,1.5,1.0
ridge,PHASE1__Ma4_Kn0.33_ISO_hphs1.5_Tw1,Cq,0.05,full_domain_ring,full,0.42984108758472594,0.45133314196396224,False,True,not_reached,,3.0,,4.0,0.33,ISO,1.5,1.0
ridge,PHASE1__Ma4_Kn0.33_ISO_hphs1.5_Tw1,Cq,0.05,max_cumulative_patch,R3,1.2406779644458723,1.302711862668166,True,False,R0p10,0.1,0.1,1.1745994453207356,4.0,0.33,ISO,1.5,1.0
ridge,PHASE1__Ma4_Kn0.33_ISO_hphs1.5_Tw1,Cq,0.1,full_domain_ring,full,0.42984108758472594,0.4728251963431986,False,True,not_reached,,3.0,,4.0,0.33,ISO,1.5,1.0
ridge,PHASE1__Ma4_Kn0.33_ISO_hphs1.5_Tw1,Cq,0.1,max_cumulative_patch,R3,1.2406779644458723,1.3647457608904596,True,False,R0p05,0.05,0.05,1.3460570255829036,4.0,0.33,ISO,1.5,1.0
ridge,PHASE1__Ma4_Kn0.33_ISO_hphs1.5_Tw1,tau_abs,0.025,full_domain_ring,full,0.9400470968383345,0.9635482742592928,True,False,R0p50,0.5,0.5,0.8990276313877006,4.0,0.33,ISO,1.5,1.0
ridge,PHASE1__Ma4_Kn0.33_ISO_hphs1.5_Tw1,tau_abs,0.025,max_cumulative_patch,R3,1.2563211843489066,1.287729213957629,True,False,R0p20,0.2,0.2,1.275746062226427,4.0,0.33,ISO,1.5,1.0
ridge,PHASE1__Ma4_Kn0.33_ISO_hphs1.5_Tw1,tau_abs,0.05,full_domain_ring,full,0.9400470968383345,0.9870494516802513,True,False,R0p50,0.5,0.5,0.8990276313877006,4.0,0.33,ISO,1.5,1.0
ridge,PHASE1__Ma4_Kn0.33_ISO_hphs1.5_Tw1,tau_abs,0.05,max_cumulative_patch,R3,1.2563211843489066,1.319137243566352,True,False,R0p20,0.2,0.2,1.275746062226427,4.0,0.33,ISO,1.5,1.0
ridge,PHASE1__Ma4_Kn0.33_ISO_hphs1.5_Tw1,tau_abs,0.1,full_domain_ring,full,0.9400470968383345,1.034051806522168,True,False,R0p50,0.5,0.5,0.8990276313877006,4.0,0.33,ISO,1.5,1.0
ridge,PHASE1__Ma4_Kn0.33_ISO_hphs1.5_Tw1,tau_abs,0.1,max_cumulative_patch,R3,1.2563211843489066,1.3819533027837974,True,False,R0p20,0.2,0.2,1.275746062226427,4.0,0.33,ISO,1.5,1.0
ridge,PHASE1__Ma4_Kn0.8_BWD_hphs1.5_Tw1,Cp,0.025,full_domain_ring,full,0.7046463223950351,0.7222624804549109,False,True,not_reached,,3.0,,4.0,0.8,BWD,1.5,1.0
ridge,PHASE1__Ma4_Kn0.8_BWD_hphs1.5_Tw1,Cp,0.025,max_cumulative_patch,R3,0.7636411529173627,0.7827321817402967,True,False,R3,3.0,3.0,0.7636411529173627,4.0,0.8,BWD,1.5,1.0
ridge,PHASE1__Ma4_Kn0.8_BWD_hphs1.5_Tw1,Cp,0.05,full_domain_ring,full,0.7046463223950351,0.7398786385147869,False,True,not_reached,,3.0,,4.0,0.8,BWD,1.5,1.0
ridge,PHASE1__Ma4_Kn0.8_BWD_hphs1.5_Tw1,Cp,0.05,max_cumulative_patch,R3,0.7636411529173627,0.8018232105632308,True,False,R3,3.0,3.0,0.7636411529173627,4.0,0.8,BWD,1.5,1.0
ridge,PHASE1__Ma4_Kn0.8_BWD_hphs1.5_Tw1,Cp,0.1,full_domain_ring,full,0.7046463223950351,0.7751109546345387,True,False,R3,3.0,3.0,0.7636411529173627,4.0,0.8,BWD,1.5,1.0
ridge,PHASE1__Ma4_Kn0.8_BWD_hphs1.5_Tw1,Cp,0.1,max_cumulative_patch,R3,0.7636411529173627,0.840005268209099,True,False,R3,3.0,3.0,0.7636411529173627,4.0,0.8,BWD,1.5,1.0
ridge,PHASE1__Ma4_Kn0.8_BWD_hphs1.5_Tw1,Cq,0.025,full_domain_ring,full,1.2223238499705797,1.2528819462198442,False,True,not_reached,,3.0,,4.0,0.8,BWD,1.5,1.0
ridge,PHASE1__Ma4_Kn0.8_BWD_hphs1.5_Tw1,Cq,0.025,max_cumulative_patch,R3,2.019332782982275,2.069816102556832,True,False,R0p05,0.05,0.05,1.5579543685904336,4.0,0.8,BWD,1.5,1.0
ridge,PHASE1__Ma4_Kn0.8_BWD_hphs1.5_Tw1,Cq,0.05,full_domain_ring,full,1.2223238499705797,1.2834400424691088,False,True,not_reached,,3.0,,4.0,0.8,BWD,1.5,1.0
ridge,PHASE1__Ma4_Kn0.8_BWD_hphs1.5_Tw1,Cq,0.05,max_cumulative_patch,R3,2.019332782982275,2.1202994221313887,True,False,R0p05,0.05,0.05,1.5579543685904336,4.0,0.8,BWD,1.5,1.0
ridge,PHASE1__Ma4_Kn0.8_BWD_hphs1.5_Tw1,Cq,0.1,full_domain_ring,full,1.2223238499705797,1.3445562349676379,False,True,not_reached,,3.0,,4.0,0.8,BWD,1.5,1.0
ridge,PHASE1__Ma4_Kn0.8_BWD_hphs1.5_Tw1,Cq,0.1,max_cumulative_patch,R3,2.019332782982275,2.2212660612805024,True,False,R0p05,0.05,0.05,1.5579543685904336,4.0,0.8,BWD,1.5,1.0
ridge,PHASE1__Ma4_Kn0.8_BWD_hphs1.5_Tw1,tau_abs,0.025,full_domain_ring,full,0.7890798013160274,0.808806796348928,False,True,not_reached,,3.0,,4.0,0.8,BWD,1.5,1.0
ridge,PHASE1__Ma4_Kn0.8_BWD_hphs1.5_Tw1,tau_abs,0.025,max_cumulative_patch,R3,1.6527474343700168,1.694066120229267,True,False,R0p05,0.05,0.05,1.5584594901243614,4.0,0.8,BWD,1.5,1.0
ridge,PHASE1__Ma4_Kn0.8_BWD_hphs1.5_Tw1,tau_abs,0.05,full_domain_ring,full,0.7890798013160274,0.8285337913818288,False,True,not_reached,,3.0,,4.0,0.8,BWD,1.5,1.0
ridge,PHASE1__Ma4_Kn0.8_BWD_hphs1.5_Tw1,tau_abs,0.05,max_cumulative_patch,R3,1.6527474343700168,1.7353848060885178,True,False,R0p05,0.05,0.05,1.5584594901243614,4.0,0.8,BWD,1.5,1.0
ridge,PHASE1__Ma4_Kn0.8_BWD_hphs1.5_Tw1,tau_abs,0.1,full_domain_ring,full,0.7890798013160274,0.8679877814476302,False,True,not_reached,,3.0,,4.0,0.8,BWD,1.5,1.0
ridge,PHASE1__Ma4_Kn0.8_BWD_hphs1.5_Tw1,tau_abs,0.1,max_cumulative_patch,R3,1.6527474343700168,1.8180221778070187,True,False,R0p05,0.05,0.05,1.5584594901243614,4.0,0.8,BWD,1.5,1.0
ridge,PHASE1__Ma4_Kn0.8_FWD_hphs1.5_Tw1,Cp,0.025,full_domain_ring,full,1.804345349877777,1.8494539836247212,True,False,R0p35,0.35,0.35,1.6481329339997322,4.0,0.8,FWD,1.5,1.0
ridge,PHASE1__Ma4_Kn0.8_FWD_hphs1.5_Tw1,Cp,0.025,max_cumulative_patch,R3,0.49915943602422896,0.5116384219248347,True,False,R3,3.0,3.0,0.49915943602422896,4.0,0.8,FWD,1.5,1.0
ridge,PHASE1__Ma4_Kn0.8_FWD_hphs1.5_Tw1,Cp,0.05,full_domain_ring,full,1.804345349877777,1.894562617371666,True,False,R0p10,0.1,0.1,1.878750330225732,4.0,0.8,FWD,1.5,1.0
ridge,PHASE1__Ma4_Kn0.8_FWD_hphs1.5_Tw1,Cp,0.05,max_cumulative_patch,R3,0.49915943602422896,0.5241174078254405,True,False,R3,3.0,3.0,0.49915943602422896,4.0,0.8,FWD,1.5,1.0
ridge,PHASE1__Ma4_Kn0.8_FWD_hphs1.5_Tw1,Cp,0.1,full_domain_ring,full,1.804345349877777,1.984779884865555,True,False,R0p10,0.1,0.1,1.878750330225732,4.0,0.8,FWD,1.5,1.0
ridge,PHASE1__Ma4_Kn0.8_FWD_hphs1.5_Tw1,Cp,0.1,max_cumulative_patch,R3,0.49915943602422896,0.5490753796266519,True,False,R3,3.0,3.0,0.49915943602422896,4.0,0.8,FWD,1.5,1.0
ridge,PHASE1__Ma4_Kn0.8_FWD_hphs1.5_Tw1,Cq,0.025,full_domain_ring,full,1.2262369225421683,1.2568928456057225,False,True,not_reached,,3.0,,4.0,0.8,FWD,1.5,1.0
ridge,PHASE1__Ma4_Kn0.8_FWD_hphs1.5_Tw1,Cq,0.025,max_cumulative_patch,R3,2.848500289459398,2.9197127966958827,True,False,R0p05,0.05,0.05,2.80103763413022,4.0,0.8,FWD,1.5,1.0
ridge,PHASE1__Ma4_Kn0.8_FWD_hphs1.5_Tw1,Cq,0.05,full_domain_ring,full,1.2262369225421683,1.2875487686692768,False,True,not_reached,,3.0,,4.0,0.8,FWD,1.5,1.0
ridge,PHASE1__Ma4_Kn0.8_FWD_hphs1.5_Tw1,Cq,0.05,max_cumulative_patch,R3,2.848500289459398,2.990925303932368,True,False,R0p05,0.05,0.05,2.80103763413022,4.0,0.8,FWD,1.5,1.0
ridge,PHASE1__Ma4_Kn0.8_FWD_hphs1.5_Tw1,Cq,0.1,full_domain_ring,full,1.2262369225421683,1.3488606147963853,True,False,R0p20,0.2,0.2,1.3322676770892397,4.0,0.8,FWD,1.5,1.0
ridge,PHASE1__Ma4_Kn0.8_FWD_hphs1.5_Tw1,Cq,0.1,max_cumulative_patch,R3,2.848500289459398,3.1333503184053377,True,False,R0p05,0.05,0.05,2.80103763413022,4.0,0.8,FWD,1.5,1.0
ridge,PHASE1__Ma4_Kn0.8_FWD_hphs1.5_Tw1,tau_abs,0.025,full_domain_ring,full,2.079172694061083,2.13115201141261,True,False,R0p05,0.05,0.05,1.3375037079266272,4.0,0.8,FWD,1.5,1.0
ridge,PHASE1__Ma4_Kn0.8_FWD_hphs1.5_Tw1,tau_abs,0.025,max_cumulative_patch,R3,2.3862229035987763,2.4458784761887453,True,False,R0p05,0.05,0.05,1.3375037079266272,4.0,0.8,FWD,1.5,1.0
ridge,PHASE1__Ma4_Kn0.8_FWD_hphs1.5_Tw1,tau_abs,0.05,full_domain_ring,full,2.079172694061083,2.183131328764137,True,False,R0p05,0.05,0.05,1.3375037079266272,4.0,0.8,FWD,1.5,1.0
ridge,PHASE1__Ma4_Kn0.8_FWD_hphs1.5_Tw1,tau_abs,0.05,max_cumulative_patch,R3,2.3862229035987763,2.505534048778715,True,False,R0p05,0.05,0.05,1.3375037079266272,4.0,0.8,FWD,1.5,1.0
ridge,PHASE1__Ma4_Kn0.8_FWD_hphs1.5_Tw1,tau_abs,0.1,full_domain_ring,full,2.079172694061083,2.2870899634671917,True,False,R0p05,0.05,0.05,1.3375037079266272,4.0,0.8,FWD,1.5,1.0
ridge,PHASE1__Ma4_Kn0.8_FWD_hphs1.5_Tw1,tau_abs,0.1,max_cumulative_patch,R3,2.3862229035987763,2.624845193958654,True,False,R0p05,0.05,0.05,1.3375037079266272,4.0,0.8,FWD,1.5,1.0
ridge,PHASE1__Ma4_Kn0.8_ISO_hphs1.5_Tw1,Cp,0.025,full_domain_ring,full,1.004571329239261,1.0296856124702425,True,False,R1,1.0,1.0,0.742826605294327,4.0,0.8,ISO,1.5,1.0
ridge,PHASE1__Ma4_Kn0.8_ISO_hphs1.5_Tw1,Cp,0.025,max_cumulative_patch,R3,0.8268992058095055,0.8475716859547431,True,False,R1,1.0,1.0,0.742826605294327,4.0,0.8,ISO,1.5,1.0
ridge,PHASE1__Ma4_Kn0.8_ISO_hphs1.5_Tw1,Cp,0.05,full_domain_ring,full,1.004571329239261,1.0547998957012241,True,False,R1,1.0,1.0,0.742826605294327,4.0,0.8,ISO,1.5,1.0
ridge,PHASE1__Ma4_Kn0.8_ISO_hphs1.5_Tw1,Cp,0.05,max_cumulative_patch,R3,0.8268992058095055,0.8682441660999808,True,False,R1,1.0,1.0,0.742826605294327,4.0,0.8,ISO,1.5,1.0
ridge,PHASE1__Ma4_Kn0.8_ISO_hphs1.5_Tw1,Cp,0.1,full_domain_ring,full,1.004571329239261,1.1050284621631872,True,False,R1,1.0,1.0,0.742826605294327,4.0,0.8,ISO,1.5,1.0
ridge,PHASE1__Ma4_Kn0.8_ISO_hphs1.5_Tw1,Cp,0.1,max_cumulative_patch,R3,0.8268992058095055,0.9095891263904561,True,False,R1,1.0,1.0,0.742826605294327,4.0,0.8,ISO,1.5,1.0
ridge,PHASE1__Ma4_Kn0.8_ISO_hphs1.5_Tw1,Cq,0.025,full_domain_ring,full,1.373808851964989,1.4081540732641136,True,False,R0p10,0.1,0.1,1.187175965574288,4.0,0.8,ISO,1.5,1.0
ridge,PHASE1__Ma4_Kn0.8_ISO_hphs1.5_Tw1,Cq,0.025,max_cumulative_patch,R3,2.0383633491749866,2.089322432904361,True,False,R0p05,0.05,0.05,1.756724144761116,4.0,0.8,ISO,1.5,1.0
ridge,PHASE1__Ma4_Kn0.8_ISO_hphs1.5_Tw1,Cq,0.05,full_domain_ring,full,1.373808851964989,1.4424992945632384,True,False,R0p10,0.1,0.1,1.187175965574288,4.0,0.8,ISO,1.5,1.0
ridge,PHASE1__Ma4_Kn0.8_ISO_hphs1.5_Tw1,Cq,0.05,max_cumulative_patch,R3,2.0383633491749866,2.140281516633736,True,False,R0p05,0.05,0.05,1.756724144761116,4.0,0.8,ISO,1.5,1.0
ridge,PHASE1__Ma4_Kn0.8_ISO_hphs1.5_Tw1,Cq,0.1,full_domain_ring,full,1.373808851964989,1.511189737161488,True,False,R0p10,0.1,0.1,1.187175965574288,4.0,0.8,ISO,1.5,1.0
ridge,PHASE1__Ma4_Kn0.8_ISO_hphs1.5_Tw1,Cq,0.1,max_cumulative_patch,R3,2.0383633491749866,2.2421996840924856,True,False,R0p05,0.05,0.05,1.756724144761116,4.0,0.8,ISO,1.5,1.0
ridge,PHASE1__Ma4_Kn0.8_ISO_hphs1.5_Tw1,tau_abs,0.025,full_domain_ring,full,2.45871851032484,2.5201864730829606,True,False,R0p05,0.05,0.05,2.201279009024747,4.0,0.8,ISO,1.5,1.0
ridge,PHASE1__Ma4_Kn0.8_ISO_hphs1.5_Tw1,tau_abs,0.025,max_cumulative_patch,R3,2.1361489689222615,2.189552693145318,True,False,R0p10,0.1,0.1,1.8545084785667059,4.0,0.8,ISO,1.5,1.0
ridge,PHASE1__Ma4_Kn0.8_ISO_hphs1.5_Tw1,tau_abs,0.05,full_domain_ring,full,2.45871851032484,2.581654435841082,True,False,R0p05,0.05,0.05,2.201279009024747,4.0,0.8,ISO,1.5,1.0
ridge,PHASE1__Ma4_Kn0.8_ISO_hphs1.5_Tw1,tau_abs,0.05,max_cumulative_patch,R3,2.1361489689222615,2.2429564173683745,True,False,R0p05,0.05,0.05,2.201279009024747,4.0,0.8,ISO,1.5,1.0
ridge,PHASE1__Ma4_Kn0.8_ISO_hphs1.5_Tw1,tau_abs,0.1,full_domain_ring,full,2.45871851032484,2.704590361357324,True,False,R0p05,0.05,0.05,2.201279009024747,4.0,0.8,ISO,1.5,1.0
ridge,PHASE1__Ma4_Kn0.8_ISO_hphs1.5_Tw1,tau_abs,0.1,max_cumulative_patch,R3,2.1361489689222615,2.349763865814488,True,False,R0p05,0.05,0.05,2.201279009024747,4.0,0.8,ISO,1.5,1.0
ridge,PHASE1__Ma6_Kn0.1_BWD_hphs1.5_Tw1,Cp,0.025,full_domain_ring,full,0.09078112631400284,0.0930506544718529,False,True,not_reached,,3.0,,6.0,0.1,BWD,1.5,1.0
ridge,PHASE1__Ma6_Kn0.1_BWD_hphs1.5_Tw1,Cp,0.025,max_cumulative_patch,R3,0.10015387957735158,0.10265772656678536,True,False,R3,3.0,3.0,0.10015387957735158,6.0,0.1,BWD,1.5,1.0
ridge,PHASE1__Ma6_Kn0.1_BWD_hphs1.5_Tw1,Cp,0.05,full_domain_ring,full,0.09078112631400284,0.09532018262970299,False,True,not_reached,,3.0,,6.0,0.1,BWD,1.5,1.0
ridge,PHASE1__Ma6_Kn0.1_BWD_hphs1.5_Tw1,Cp,0.05,max_cumulative_patch,R3,0.10015387957735158,0.10516157355621916,True,False,R3,3.0,3.0,0.10015387957735158,6.0,0.1,BWD,1.5,1.0
ridge,PHASE1__Ma6_Kn0.1_BWD_hphs1.5_Tw1,Cp,0.1,full_domain_ring,full,0.09078112631400284,0.09985923894540313,False,True,not_reached,,3.0,,6.0,0.1,BWD,1.5,1.0
ridge,PHASE1__Ma6_Kn0.1_BWD_hphs1.5_Tw1,Cp,0.1,max_cumulative_patch,R3,0.10015387957735158,0.11016926753508675,True,False,R3,3.0,3.0,0.10015387957735158,6.0,0.1,BWD,1.5,1.0
ridge,PHASE1__Ma6_Kn0.1_BWD_hphs1.5_Tw1,Cq,0.025,full_domain_ring,full,0.238486091551062,0.24444824383983854,True,False,R0p35,0.35,0.35,0.20517354632621101,6.0,0.1,BWD,1.5,1.0
ridge,PHASE1__Ma6_Kn0.1_BWD_hphs1.5_Tw1,Cq,0.025,max_cumulative_patch,R3,0.39011460324704994,0.39986746832822617,True,False,R0p05,0.05,0.05,0.3256059212124632,6.0,0.1,BWD,1.5,1.0
ridge,PHASE1__Ma6_Kn0.1_BWD_hphs1.5_Tw1,Cq,0.05,full_domain_ring,full,0.238486091551062,0.2504103961286151,True,False,R0p35,0.35,0.35,0.20517354632621101,6.0,0.1,BWD,1.5,1.0
ridge,PHASE1__Ma6_Kn0.1_BWD_hphs1.5_Tw1,Cq,0.05,max_cumulative_patch,R3,0.39011460324704994,0.40962033340940246,True,False,R0p05,0.05,0.05,0.3256059212124632,6.0,0.1,BWD,1.5,1.0
ridge,PHASE1__Ma6_Kn0.1_BWD_hphs1.5_Tw1,Cq,0.1,full_domain_ring,full,0.238486091551062,0.2623347007061682,True,False,R0p35,0.35,0.35,0.20517354632621101,6.0,0.1,BWD,1.5,1.0
ridge,PHASE1__Ma6_Kn0.1_BWD_hphs1.5_Tw1,Cq,0.1,max_cumulative_patch,R3,0.39011460324704994,0.429126063571755,True,False,R0p05,0.05,0.05,0.3256059212124632,6.0,0.1,BWD,1.5,1.0
ridge,PHASE1__Ma6_Kn0.1_BWD_hphs1.5_Tw1,tau_abs,0.025,full_domain_ring,full,0.1944389479673383,0.19929992166652175,False,True,not_reached,,3.0,,6.0,0.1,BWD,1.5,1.0
ridge,PHASE1__Ma6_Kn0.1_BWD_hphs1.5_Tw1,tau_abs,0.025,max_cumulative_patch,R3,0.3733652548164512,0.38269938618686244,True,False,R0p05,0.05,0.05,0.38021075321539977,6.0,0.1,BWD,1.5,1.0
ridge,PHASE1__Ma6_Kn0.1_BWD_hphs1.5_Tw1,tau_abs,0.05,full_domain_ring,full,0.1944389479673383,0.20416089536570523,False,True,not_reached,,3.0,,6.0,0.1,BWD,1.5,1.0
ridge,PHASE1__Ma6_Kn0.1_BWD_hphs1.5_Tw1,tau_abs,0.05,max_cumulative_patch,R3,0.3733652548164512,0.3920335175572738,True,False,R0p05,0.05,0.05,0.38021075321539977,6.0,0.1,BWD,1.5,1.0
ridge,PHASE1__Ma6_Kn0.1_BWD_hphs1.5_Tw1,tau_abs,0.1,full_domain_ring,full,0.1944389479673383,0.21388284276407213,False,True,not_reached,,3.0,,6.0,0.1,BWD,1.5,1.0
ridge,PHASE1__Ma6_Kn0.1_BWD_hphs1.5_Tw1,tau_abs,0.1,max_cumulative_patch,R3,0.3733652548164512,0.4107017802980964,True,False,R0p05,0.05,0.05,0.38021075321539977,6.0,0.1,BWD,1.5,1.0
ridge,PHASE1__Ma6_Kn0.1_FWD_hphs1.5_Tw1,Cp,0.025,full_domain_ring,full,0.09584566913535558,0.09824181086373947,False,True,not_reached,,3.0,,6.0,0.1,FWD,1.5,1.0
ridge,PHASE1__Ma6_Kn0.1_FWD_hphs1.5_Tw1,Cp,0.025,max_cumulative_patch,R3,0.14969318621186598,0.15343551586716261,True,False,R3,3.0,3.0,0.14969318621186598,6.0,0.1,FWD,1.5,1.0
ridge,PHASE1__Ma6_Kn0.1_FWD_hphs1.5_Tw1,Cp,0.05,full_domain_ring,full,0.09584566913535558,0.10063795259212337,False,True,not_reached,,3.0,,6.0,0.1,FWD,1.5,1.0
ridge,PHASE1__Ma6_Kn0.1_FWD_hphs1.5_Tw1,Cp,0.05,max_cumulative_patch,R3,0.14969318621186598,0.15717784552245928,True,False,R2,2.0,2.0,0.15440550852102153,6.0,0.1,FWD,1.5,1.0
ridge,PHASE1__Ma6_Kn0.1_FWD_hphs1.5_Tw1,Cp,0.1,full_domain_ring,full,0.09584566913535558,0.10543023604889115,False,True,not_reached,,3.0,,6.0,0.1,FWD,1.5,1.0
ridge,PHASE1__Ma6_Kn0.1_FWD_hphs1.5_Tw1,Cp,0.1,max_cumulative_patch,R3,0.14969318621186598,0.1646625048330526,True,False,R2,2.0,2.0,0.15440550852102153,6.0,0.1,FWD,1.5,1.0
ridge,PHASE1__Ma6_Kn0.1_FWD_hphs1.5_Tw1,Cq,0.025,full_domain_ring,full,0.27216297598616873,0.2789670503858229,True,False,R0p20,0.2,0.2,0.21787000500909878,6.0,0.1,FWD,1.5,1.0
ridge,PHASE1__Ma6_Kn0.1_FWD_hphs1.5_Tw1,Cq,0.025,max_cumulative_patch,R3,0.4212128576196035,0.4317431790600935,True,False,R0p05,0.05,0.05,0.31775478824232245,6.0,0.1,FWD,1.5,1.0
ridge,PHASE1__Ma6_Kn0.1_FWD_hphs1.5_Tw1,Cq,0.05,full_domain_ring,full,0.27216297598616873,0.28577112478547717,True,False,R0p20,0.2,0.2,0.21787000500909878,6.0,0.1,FWD,1.5,1.0
ridge,PHASE1__Ma6_Kn0.1_FWD_hphs1.5_Tw1,Cq,0.05,max_cumulative_patch,R3,0.4212128576196035,0.44227350050058367,True,False,R0p05,0.05,0.05,0.31775478824232245,6.0,0.1,FWD,1.5,1.0
ridge,PHASE1__Ma6_Kn0.1_FWD_hphs1.5_Tw1,Cq,0.1,full_domain_ring,full,0.27216297598616873,0.2993792735847856,True,False,R0p10,0.1,0.1,0.29893001386591445,6.0,0.1,FWD,1.5,1.0
ridge,PHASE1__Ma6_Kn0.1_FWD_hphs1.5_Tw1,Cq,0.1,max_cumulative_patch,R3,0.4212128576196035,0.46333414338156387,True,False,R0p05,0.05,0.05,0.31775478824232245,6.0,0.1,FWD,1.5,1.0
ridge,PHASE1__Ma6_Kn0.1_FWD_hphs1.5_Tw1,tau_abs,0.025,full_domain_ring,full,0.5055786444130302,0.518218110523356,True,False,R0p20,0.2,0.2,0.5144777321230128,6.0,0.1,FWD,1.5,1.0
ridge,PHASE1__Ma6_Kn0.1_FWD_hphs1.5_Tw1,tau_abs,0.025,max_cumulative_patch,R3,0.5030538124500251,0.5156301577612757,True,False,R0p20,0.2,0.2,0.5144777321230128,6.0,0.1,FWD,1.5,1.0
ridge,PHASE1__Ma6_Kn0.1_FWD_hphs1.5_Tw1,tau_abs,0.05,full_domain_ring,full,0.5055786444130302,0.5308575766336818,True,False,R0p05,0.05,0.05,0.5263918862640201,6.0,0.1,FWD,1.5,1.0
ridge,PHASE1__Ma6_Kn0.1_FWD_hphs1.5_Tw1,tau_abs,0.05,max_cumulative_patch,R3,0.5030538124500251,0.5282065030725264,True,False,R0p05,0.05,0.05,0.5263918862640201,6.0,0.1,FWD,1.5,1.0
ridge,PHASE1__Ma6_Kn0.1_FWD_hphs1.5_Tw1,tau_abs,0.1,full_domain_ring,full,0.5055786444130302,0.5561365088543333,True,False,R0p05,0.05,0.05,0.5263918862640201,6.0,0.1,FWD,1.5,1.0
ridge,PHASE1__Ma6_Kn0.1_FWD_hphs1.5_Tw1,tau_abs,0.1,max_cumulative_patch,R3,0.5030538124500251,0.5533591936950277,True,False,R0p05,0.05,0.05,0.5263918862640201,6.0,0.1,FWD,1.5,1.0
ridge,PHASE1__Ma6_Kn0.1_ISO_hphs1.5_Tw1,Cp,0.025,full_domain_ring,full,0.10019783929644344,0.10270278527885451,True,False,R1,1.0,1.0,0.09527870350058473,6.0,0.1,ISO,1.5,1.0
ridge,PHASE1__Ma6_Kn0.1_ISO_hphs1.5_Tw1,Cp,0.025,max_cumulative_patch,R3,0.15577014584078056,0.15966439948680006,True,False,R0p20,0.2,0.2,0.13974797945489492,6.0,0.1,ISO,1.5,1.0
ridge,PHASE1__Ma6_Kn0.1_ISO_hphs1.5_Tw1,Cp,0.05,full_domain_ring,full,0.10019783929644344,0.10520773126126562,True,False,R0p75,0.75,0.75,0.10458973485664035,6.0,0.1,ISO,1.5,1.0
ridge,PHASE1__Ma6_Kn0.1_ISO_hphs1.5_Tw1,Cp,0.05,max_cumulative_patch,R3,0.15577014584078056,0.1635586531328196,True,False,R0p20,0.2,0.2,0.13974797945489492,6.0,0.1,ISO,1.5,1.0
ridge,PHASE1__Ma6_Kn0.1_ISO_hphs1.5_Tw1,Cp,0.1,full_domain_ring,full,0.10019783929644344,0.11021762322608779,True,False,R0p50,0.5,0.5,0.10913971638815104,6.0,0.1,ISO,1.5,1.0
ridge,PHASE1__Ma6_Kn0.1_ISO_hphs1.5_Tw1,Cp,0.1,max_cumulative_patch,R3,0.15577014584078056,0.17134716042485862,True,False,R0p20,0.2,0.2,0.13974797945489492,6.0,0.1,ISO,1.5,1.0
ridge,PHASE1__Ma6_Kn0.1_ISO_hphs1.5_Tw1,Cq,0.025,full_domain_ring,full,0.2864808476389248,0.2936428688298979,True,False,R0p05,0.05,0.05,0.2518726396062882,6.0,0.1,ISO,1.5,1.0
ridge,PHASE1__Ma6_Kn0.1_ISO_hphs1.5_Tw1,Cq,0.025,max_cumulative_patch,R3,0.38383076218912504,0.39342653124385313,True,False,R0p05,0.05,0.05,0.2518726396062882,6.0,0.1,ISO,1.5,1.0
ridge,PHASE1__Ma6_Kn0.1_ISO_hphs1.5_Tw1,Cq,0.05,full_domain_ring,full,0.2864808476389248,0.300804890020871,True,False,R0p05,0.05,0.05,0.2518726396062882,6.0,0.1,ISO,1.5,1.0
ridge,PHASE1__Ma6_Kn0.1_ISO_hphs1.5_Tw1,Cq,0.05,max_cumulative_patch,R3,0.38383076218912504,0.4030223002985813,True,False,R0p05,0.05,0.05,0.2518726396062882,6.0,0.1,ISO,1.5,1.0
ridge,PHASE1__Ma6_Kn0.1_ISO_hphs1.5_Tw1,Cq,0.1,full_domain_ring,full,0.2864808476389248,0.3151289324028173,True,False,R0p05,0.05,0.05,0.2518726396062882,6.0,0.1,ISO,1.5,1.0
ridge,PHASE1__Ma6_Kn0.1_ISO_hphs1.5_Tw1,Cq,0.1,max_cumulative_patch,R3,0.38383076218912504,0.42221383840803756,True,False,R0p05,0.05,0.05,0.2518726396062882,6.0,0.1,ISO,1.5,1.0
ridge,PHASE1__Ma6_Kn0.1_ISO_hphs1.5_Tw1,tau_abs,0.025,full_domain_ring,full,0.40854407845092783,0.41875768041220096,False,True,not_reached,,3.0,,6.0,0.1,ISO,1.5,1.0
ridge,PHASE1__Ma6_Kn0.1_ISO_hphs1.5_Tw1,tau_abs,0.025,max_cumulative_patch,R3,0.5880933964555191,0.602795731366907,True,False,R0p05,0.05,0.05,0.4401648489379634,6.0,0.1,ISO,1.5,1.0
ridge,PHASE1__Ma6_Kn0.1_ISO_hphs1.5_Tw1,tau_abs,0.05,full_domain_ring,full,0.40854407845092783,0.42897128237347426,True,False,R0p10,0.1,0.1,0.42717943243494116,6.0,0.1,ISO,1.5,1.0
ridge,PHASE1__Ma6_Kn0.1_ISO_hphs1.5_Tw1,tau_abs,0.05,max_cumulative_patch,R3,0.5880933964555191,0.6174980662782951,True,False,R0p05,0.05,0.05,0.4401648489379634,6.0,0.1,ISO,1.5,1.0
ridge,PHASE1__Ma6_Kn0.1_ISO_hphs1.5_Tw1,tau_abs,0.1,full_domain_ring,full,0.40854407845092783,0.44939848629602064,True,False,R0p05,0.05,0.05,0.4401648489379634,6.0,0.1,ISO,1.5,1.0
ridge,PHASE1__Ma6_Kn0.1_ISO_hphs1.5_Tw1,tau_abs,0.1,max_cumulative_patch,R3,0.5880933964555191,0.646902736101071,True,False,R0p05,0.05,0.05,0.4401648489379634,6.0,0.1,ISO,1.5,1.0
ridge,PHASE1__Ma6_Kn0.33_BWD_hphs1.5_Tw1,Cp,0.025,full_domain_ring,full,0.07006637277698172,0.07181803209640625,False,True,not_reached,,3.0,,6.0,0.33,BWD,1.5,1.0
ridge,PHASE1__Ma6_Kn0.33_BWD_hphs1.5_Tw1,Cp,0.025,max_cumulative_patch,R3,0.29766166128693444,0.3051032028191078,True,False,R0p05,0.05,0.05,0.26974480773385257,6.0,0.33,BWD,1.5,1.0
ridge,PHASE1__Ma6_Kn0.33_BWD_hphs1.5_Tw1,Cp,0.05,full_domain_ring,full,0.07006637277698172,0.0735696914158308,False,True,not_reached,,3.0,,6.0,0.33,BWD,1.5,1.0
ridge,PHASE1__Ma6_Kn0.33_BWD_hphs1.5_Tw1,Cp,0.05,max_cumulative_patch,R3,0.29766166128693444,0.31254474435128116,True,False,R0p05,0.05,0.05,0.26974480773385257,6.0,0.33,BWD,1.5,1.0
ridge,PHASE1__Ma6_Kn0.33_BWD_hphs1.5_Tw1,Cp,0.1,full_domain_ring,full,0.07006637277698172,0.0770730100546799,False,True,not_reached,,3.0,,6.0,0.33,BWD,1.5,1.0
ridge,PHASE1__Ma6_Kn0.33_BWD_hphs1.5_Tw1,Cp,0.1,max_cumulative_patch,R3,0.29766166128693444,0.3274278274156279,True,False,R0p05,0.05,0.05,0.26974480773385257,6.0,0.33,BWD,1.5,1.0
ridge,PHASE1__Ma6_Kn0.33_BWD_hphs1.5_Tw1,Cq,0.025,full_domain_ring,full,0.1336383256574426,0.13697928379887866,False,True,not_reached,,3.0,,6.0,0.33,BWD,1.5,1.0
ridge,PHASE1__Ma6_Kn0.33_BWD_hphs1.5_Tw1,Cq,0.025,max_cumulative_patch,R3,0.2865113957193667,0.29367418061235084,True,False,R0p05,0.05,0.05,0.21968909859106303,6.0,0.33,BWD,1.5,1.0
ridge,PHASE1__Ma6_Kn0.33_BWD_hphs1.5_Tw1,Cq,0.05,full_domain_ring,full,0.1336383256574426,0.14032024194031473,False,True,not_reached,,3.0,,6.0,0.33,BWD,1.5,1.0
ridge,PHASE1__Ma6_Kn0.33_BWD_hphs1.5_Tw1,Cq,0.05,max_cumulative_patch,R3,0.2865113957193667,0.300836965505335,True,False,R0p05,0.05,0.05,0.21968909859106303,6.0,0.33,BWD,1.5,1.0
ridge,PHASE1__Ma6_Kn0.33_BWD_hphs1.5_Tw1,Cq,0.1,full_domain_ring,full,0.1336383256574426,0.14700215822318688,False,True,not_reached,,3.0,,6.0,0.33,BWD,1.5,1.0
ridge,PHASE1__Ma6_Kn0.33_BWD_hphs1.5_Tw1,Cq,0.1,max_cumulative_patch,R3,0.2865113957193667,0.3151625352913034,True,False,R0p05,0.05,0.05,0.21968909859106303,6.0,0.33,BWD,1.5,1.0
ridge,PHASE1__Ma6_Kn0.33_BWD_hphs1.5_Tw1,tau_abs,0.025,full_domain_ring,full,0.1958587485830227,0.20075521729759827,True,False,R0p05,0.05,0.05,0.11895654389162924,6.0,0.33,BWD,1.5,1.0
ridge,PHASE1__Ma6_Kn0.33_BWD_hphs1.5_Tw1,tau_abs,0.025,max_cumulative_patch,R3,0.14295175617444458,0.1465255500788057,True,False,R0p05,0.05,0.05,0.11895654389162924,6.0,0.33,BWD,1.5,1.0
ridge,PHASE1__Ma6_Kn0.33_BWD_hphs1.5_Tw1,tau_abs,0.05,full_domain_ring,full,0.1958587485830227,0.20565168601217385,True,False,R0p05,0.05,0.05,0.11895654389162924,6.0,0.33,BWD,1.5,1.0
ridge,PHASE1__Ma6_Kn0.33_BWD_hphs1.5_Tw1,tau_abs,0.05,max_cumulative_patch,R3,0.14295175617444458,0.15009934398316682,True,False,R0p05,0.05,0.05,0.11895654389162924,6.0,0.33,BWD,1.5,1.0
ridge,PHASE1__Ma6_Kn0.33_BWD_hphs1.5_Tw1,tau_abs,0.1,full_domain_ring,full,0.1958587485830227,0.215444623441325,True,False,R0p05,0.05,0.05,0.11895654389162924,6.0,0.33,BWD,1.5,1.0
ridge,PHASE1__Ma6_Kn0.33_BWD_hphs1.5_Tw1,tau_abs,0.1,max_cumulative_patch,R3,0.14295175617444458,0.15724693179188906,True,False,R0p05,0.05,0.05,0.11895654389162924,6.0,0.33,BWD,1.5,1.0
ridge,PHASE1__Ma6_Kn0.33_FWD_hphs1.5_Tw1,Cp,0.025,full_domain_ring,full,0.2774230051547542,0.28435858028362304,True,False,R0p20,0.2,0.2,0.24864504283133174,6.0,0.33,FWD,1.5,1.0
ridge,PHASE1__Ma6_Kn0.33_FWD_hphs1.5_Tw1,Cp,0.025,max_cumulative_patch,R3,0.2534561694258596,0.25979257366150604,True,False,R0p20,0.2,0.2,0.24864504283133174,6.0,0.33,FWD,1.5,1.0
ridge,PHASE1__Ma6_Kn0.33_FWD_hphs1.5_Tw1,Cp,0.05,full_domain_ring,full,0.2774230051547542,0.29129415541249193,True,False,R0p10,0.1,0.1,0.28927356633003587,6.0,0.33,FWD,1.5,1.0
ridge,PHASE1__Ma6_Kn0.33_FWD_hphs1.5_Tw1,Cp,0.05,max_cumulative_patch,R3,0.2534561694258596,0.26612897789715256,True,False,R0p20,0.2,0.2,0.24864504283133174,6.0,0.33,FWD,1.5,1.0
ridge,PHASE1__Ma6_Kn0.33_FWD_hphs1.5_Tw1,Cp,0.1,full_domain_ring,full,0.2774230051547542,0.30516530567022965,True,False,R0p05,0.05,0.05,0.3021556688476345,6.0,0.33,FWD,1.5,1.0
ridge,PHASE1__Ma6_Kn0.33_FWD_hphs1.5_Tw1,Cp,0.1,max_cumulative_patch,R3,0.2534561694258596,0.27880178636844555,True,False,R0p20,0.2,0.2,0.24864504283133174,6.0,0.33,FWD,1.5,1.0
ridge,PHASE1__Ma6_Kn0.33_FWD_hphs1.5_Tw1,Cq,0.025,full_domain_ring,full,0.3251487939902964,0.3332775138400538,True,False,R0p20,0.2,0.2,0.28309751308352854,6.0,0.33,FWD,1.5,1.0
ridge,PHASE1__Ma6_Kn0.33_FWD_hphs1.5_Tw1,Cq,0.025,max_cumulative_patch,R3,0.43043196866385974,0.4411927678804562,True,False,R0p05,0.05,0.05,0.3473078350078607,6.0,0.33,FWD,1.5,1.0
ridge,PHASE1__Ma6_Kn0.33_FWD_hphs1.5_Tw1,Cq,0.05,full_domain_ring,full,0.3251487939902964,0.3414062336898112,True,False,R0p20,0.2,0.2,0.28309751308352854,6.0,0.33,FWD,1.5,1.0
ridge,PHASE1__Ma6_Kn0.33_FWD_hphs1.5_Tw1,Cq,0.05,max_cumulative_patch,R3,0.43043196866385974,0.45195356709705276,True,False,R0p05,0.05,0.05,0.3473078350078607,6.0,0.33,FWD,1.5,1.0
ridge,PHASE1__Ma6_Kn0.33_FWD_hphs1.5_Tw1,Cq,0.1,full_domain_ring,full,0.3251487939902964,0.3576636733893261,True,False,R0p05,0.05,0.05,0.3473078350078607,6.0,0.33,FWD,1.5,1.0
ridge,PHASE1__Ma6_Kn0.33_FWD_hphs1.5_Tw1,Cq,0.1,max_cumulative_patch,R3,0.43043196866385974,0.47347516553024577,True,False,R0p05,0.05,0.05,0.3473078350078607,6.0,0.33,FWD,1.5,1.0
ridge,PHASE1__Ma6_Kn0.33_FWD_hphs1.5_Tw1,tau_abs,0.025,full_domain_ring,full,0.4580114713721548,0.46946175815645863,True,False,R1,1.0,1.0,0.43920696261800696,6.0,0.33,FWD,1.5,1.0
ridge,PHASE1__Ma6_Kn0.33_FWD_hphs1.5_Tw1,tau_abs,0.025,max_cumulative_patch,R3,0.655823807626917,0.67221940281759,True,False,R0p05,0.05,0.05,0.5657114143014043,6.0,0.33,FWD,1.5,1.0
ridge,PHASE1__Ma6_Kn0.33_FWD_hphs1.5_Tw1,tau_abs,0.05,full_domain_ring,full,0.4580114713721548,0.48091204494076256,True,False,R0p50,0.5,0.5,0.47925926383892165,6.0,0.33,FWD,1.5,1.0
ridge,PHASE1__Ma6_Kn0.33_FWD_hphs1.5_Tw1,tau_abs,0.05,max_cumulative_patch,R3,0.655823807626917,0.688614998008263,True,False,R0p05,0.05,0.05,0.5657114143014043,6.0,0.33,FWD,1.5,1.0
ridge,PHASE1__Ma6_Kn0.33_FWD_hphs1.5_Tw1,tau_abs,0.1,full_domain_ring,full,0.4580114713721548,0.5038126185093703,True,False,R0p50,0.5,0.5,0.47925926383892165,6.0,0.33,FWD,1.5,1.0
ridge,PHASE1__Ma6_Kn0.33_FWD_hphs1.5_Tw1,tau_abs,0.1,max_cumulative_patch,R3,0.655823807626917,0.7214061883896088,True,False,R0p05,0.05,0.05,0.5657114143014043,6.0,0.33,FWD,1.5,1.0
ridge,PHASE1__Ma6_Kn0.33_ISO_hphs1.5_Tw1,Cp,0.025,full_domain_ring,full,0.2068551033109793,0.21202648089375378,False,True,not_reached,,3.0,,6.0,0.33,ISO,1.5,1.0
ridge,PHASE1__Ma6_Kn0.33_ISO_hphs1.5_Tw1,Cp,0.025,max_cumulative_patch,R3,0.3113042250956649,0.3190868307230565,True,False,R0p05,0.05,0.05,0.3143509312228297,6.0,0.33,ISO,1.5,1.0
ridge,PHASE1__Ma6_Kn0.33_ISO_hphs1.5_Tw1,Cp,0.05,full_domain_ring,full,0.2068551033109793,0.21719785847652828,False,True,not_reached,,3.0,,6.0,0.33,ISO,1.5,1.0
ridge,PHASE1__Ma6_Kn0.33_ISO_hphs1.5_Tw1,Cp,0.05,max_cumulative_patch,R3,0.3113042250956649,0.3268694363504482,True,False,R0p05,0.05,0.05,0.3143509312228297,6.0,0.33,ISO,1.5,1.0
ridge,PHASE1__Ma6_Kn0.33_ISO_hphs1.5_Tw1,Cp,0.1,full_domain_ring,full,0.2068551033109793,0.22754061364207726,False,True,not_reached,,3.0,,6.0,0.33,ISO,1.5,1.0
ridge,PHASE1__Ma6_Kn0.33_ISO_hphs1.5_Tw1,Cp,0.1,max_cumulative_patch,R3,0.3113042250956649,0.3424346476052314,True,False,R0p05,0.05,0.05,0.3143509312228297,6.0,0.33,ISO,1.5,1.0
ridge,PHASE1__Ma6_Kn0.33_ISO_hphs1.5_Tw1,Cq,0.025,full_domain_ring,full,0.21103950143223982,0.21631548896804578,False,True,not_reached,,3.0,,6.0,0.33,ISO,1.5,1.0
ridge,PHASE1__Ma6_Kn0.33_ISO_hphs1.5_Tw1,Cq,0.025,max_cumulative_patch,R3,0.3395895785175185,0.3480793179804564,True,False,R0p05,0.05,0.05,0.34068882769380726,6.0,0.33,ISO,1.5,1.0
ridge,PHASE1__Ma6_Kn0.33_ISO_hphs1.5_Tw1,Cq,0.05,full_domain_ring,full,0.21103950143223982,0.22159147650385183,False,True,not_reached,,3.0,,6.0,0.33,ISO,1.5,1.0
ridge,PHASE1__Ma6_Kn0.33_ISO_hphs1.5_Tw1,Cq,0.05,max_cumulative_patch,R3,0.3395895785175185,0.3565690574433944,True,False,R0p05,0.05,0.05,0.34068882769380726,6.0,0.33,ISO,1.5,1.0
ridge,PHASE1__Ma6_Kn0.33_ISO_hphs1.5_Tw1,Cq,0.1,full_domain_ring,full,0.21103950143223982,0.23214345157546382,False,True,not_reached,,3.0,,6.0,0.33,ISO,1.5,1.0
ridge,PHASE1__Ma6_Kn0.33_ISO_hphs1.5_Tw1,Cq,0.1,max_cumulative_patch,R3,0.3395895785175185,0.3735485363692704,True,False,R0p05,0.05,0.05,0.34068882769380726,6.0,0.33,ISO,1.5,1.0
ridge,PHASE1__Ma6_Kn0.33_ISO_hphs1.5_Tw1,tau_abs,0.025,full_domain_ring,full,0.2656386618927963,0.27227962844011616,False,True,not_reached,,3.0,,6.0,0.33,ISO,1.5,1.0
ridge,PHASE1__Ma6_Kn0.33_ISO_hphs1.5_Tw1,tau_abs,0.025,max_cumulative_patch,R3,0.4455930741453655,0.45673290099899955,True,False,R0p05,0.05,0.05,0.44963920303877364,6.0,0.33,ISO,1.5,1.0
ridge,PHASE1__Ma6_Kn0.33_ISO_hphs1.5_Tw1,tau_abs,0.05,full_domain_ring,full,0.2656386618927963,0.2789205949874361,False,True,not_reached,,3.0,,6.0,0.33,ISO,1.5,1.0
ridge,PHASE1__Ma6_Kn0.33_ISO_hphs1.5_Tw1,tau_abs,0.05,max_cumulative_patch,R3,0.4455930741453655,0.4678727278526338,True,False,R0p05,0.05,0.05,0.44963920303877364,6.0,0.33,ISO,1.5,1.0
ridge,PHASE1__Ma6_Kn0.33_ISO_hphs1.5_Tw1,tau_abs,0.1,full_domain_ring,full,0.2656386618927963,0.2922025280820759,False,True,not_reached,,3.0,,6.0,0.33,ISO,1.5,1.0
ridge,PHASE1__Ma6_Kn0.33_ISO_hphs1.5_Tw1,tau_abs,0.1,max_cumulative_patch,R3,0.4455930741453655,0.49015238155990204,True,False,R0p05,0.05,0.05,0.44963920303877364,6.0,0.33,ISO,1.5,1.0
ridge,PHASE1__Ma6_Kn0.8_BWD_hphs1.5_Tw1,Cp,0.025,full_domain_ring,full,0.24815072996749493,0.25435449821668227,False,True,not_reached,,3.0,,6.0,0.8,BWD,1.5,1.0
ridge,PHASE1__Ma6_Kn0.8_BWD_hphs1.5_Tw1,Cp,0.025,max_cumulative_patch,R3,0.4772877068649862,0.4892198995366108,True,False,R3,3.0,3.0,0.4772877068649862,6.0,0.8,BWD,1.5,1.0
ridge,PHASE1__Ma6_Kn0.8_BWD_hphs1.5_Tw1,Cp,0.05,full_domain_ring,full,0.24815072996749493,0.2605582664658697,False,True,not_reached,,3.0,,6.0,0.8,BWD,1.5,1.0
ridge,PHASE1__Ma6_Kn0.8_BWD_hphs1.5_Tw1,Cp,0.05,max_cumulative_patch,R3,0.4772877068649862,0.5011520922082355,True,False,R3,3.0,3.0,0.4772877068649862,6.0,0.8,BWD,1.5,1.0
ridge,PHASE1__Ma6_Kn0.8_BWD_hphs1.5_Tw1,Cp,0.1,full_domain_ring,full,0.24815072996749493,0.27296580296424444,False,True,not_reached,,3.0,,6.0,0.8,BWD,1.5,1.0
ridge,PHASE1__Ma6_Kn0.8_BWD_hphs1.5_Tw1,Cp,0.1,max_cumulative_patch,R3,0.4772877068649862,0.5250164775514848,True,False,R3,3.0,3.0,0.4772877068649862,6.0,0.8,BWD,1.5,1.0
ridge,PHASE1__Ma6_Kn0.8_BWD_hphs1.5_Tw1,Cq,0.025,full_domain_ring,full,0.2142760380284605,0.21963293897917202,False,True,not_reached,,3.0,,6.0,0.8,BWD,1.5,1.0
ridge,PHASE1__Ma6_Kn0.8_BWD_hphs1.5_Tw1,Cq,0.025,max_cumulative_patch,R3,0.5309706006540538,0.5442448656704051,True,False,R0p10,0.1,0.1,0.5174420422243827,6.0,0.8,BWD,1.5,1.0
ridge,PHASE1__Ma6_Kn0.8_BWD_hphs1.5_Tw1,Cq,0.05,full_domain_ring,full,0.2142760380284605,0.22498983992988356,False,True,not_reached,,3.0,,6.0,0.8,BWD,1.5,1.0
ridge,PHASE1__Ma6_Kn0.8_BWD_hphs1.5_Tw1,Cq,0.05,max_cumulative_patch,R3,0.5309706006540538,0.5575191306867565,True,False,R0p10,0.1,0.1,0.5174420422243827,6.0,0.8,BWD,1.5,1.0
ridge,PHASE1__Ma6_Kn0.8_BWD_hphs1.5_Tw1,Cq,0.1,full_domain_ring,full,0.2142760380284605,0.23570364183130657,False,True,not_reached,,3.0,,6.0,0.8,BWD,1.5,1.0
ridge,PHASE1__Ma6_Kn0.8_BWD_hphs1.5_Tw1,Cq,0.1,max_cumulative_patch,R3,0.5309706006540538,0.5840676607194591,True,False,R0p10,0.1,0.1,0.5174420422243827,6.0,0.8,BWD,1.5,1.0
ridge,PHASE1__Ma6_Kn0.8_BWD_hphs1.5_Tw1,tau_abs,0.025,full_domain_ring,full,0.4331310760414843,0.44395935294252137,False,True,not_reached,,3.0,,6.0,0.8,BWD,1.5,1.0
ridge,PHASE1__Ma6_Kn0.8_BWD_hphs1.5_Tw1,tau_abs,0.025,max_cumulative_patch,R3,0.4902470790788627,0.5025032560558342,True,False,R1p50,1.5,1.5,0.48563354888844895,6.0,0.8,BWD,1.5,1.0
ridge,PHASE1__Ma6_Kn0.8_BWD_hphs1.5_Tw1,tau_abs,0.05,full_domain_ring,full,0.4331310760414843,0.4547876298435585,False,True,not_reached,,3.0,,6.0,0.8,BWD,1.5,1.0
ridge,PHASE1__Ma6_Kn0.8_BWD_hphs1.5_Tw1,tau_abs,0.05,max_cumulative_patch,R3,0.4902470790788627,0.5147594330328059,True,False,R0p10,0.1,0.1,0.5079510222895663,6.0,0.8,BWD,1.5,1.0
ridge,PHASE1__Ma6_Kn0.8_BWD_hphs1.5_Tw1,tau_abs,0.1,full_domain_ring,full,0.4331310760414843,0.4764441836456328,False,True,not_reached,,3.0,,6.0,0.8,BWD,1.5,1.0
ridge,PHASE1__Ma6_Kn0.8_BWD_hphs1.5_Tw1,tau_abs,0.1,max_cumulative_patch,R3,0.4902470790788627,0.539271786986749,True,False,R0p10,0.1,0.1,0.5079510222895663,6.0,0.8,BWD,1.5,1.0
ridge,PHASE1__Ma6_Kn0.8_FWD_hphs1.5_Tw1,Cp,0.025,full_domain_ring,full,0.28159533251370916,0.2886352158265519,False,True,not_reached,,3.0,,6.0,0.8,FWD,1.5,1.0
ridge,PHASE1__Ma6_Kn0.8_FWD_hphs1.5_Tw1,Cp,0.025,max_cumulative_patch,R3,0.4157914042058331,0.4261861893109789,True,False,R3,3.0,3.0,0.4157914042058331,6.0,0.8,FWD,1.5,1.0
ridge,PHASE1__Ma6_Kn0.8_FWD_hphs1.5_Tw1,Cp,0.05,full_domain_ring,full,0.28159533251370916,0.29567509913939466,False,True,not_reached,,3.0,,6.0,0.8,FWD,1.5,1.0
ridge,PHASE1__Ma6_Kn0.8_FWD_hphs1.5_Tw1,Cp,0.05,max_cumulative_patch,R3,0.4157914042058331,0.43658097441612476,True,False,R3,3.0,3.0,0.4157914042058331,6.0,0.8,FWD,1.5,1.0
ridge,PHASE1__Ma6_Kn0.8_FWD_hphs1.5_Tw1,Cp,0.1,full_domain_ring,full,0.28159533251370916,0.3097548657650801,False,True,not_reached,,3.0,,6.0,0.8,FWD,1.5,1.0
ridge,PHASE1__Ma6_Kn0.8_FWD_hphs1.5_Tw1,Cp,0.1,max_cumulative_patch,R3,0.4157914042058331,0.45737054462641646,True,False,R3,3.0,3.0,0.4157914042058331,6.0,0.8,FWD,1.5,1.0
ridge,PHASE1__Ma6_Kn0.8_FWD_hphs1.5_Tw1,Cq,0.025,full_domain_ring,full,0.39984512885176426,0.40984125707305835,False,True,not_reached,,3.0,,6.0,0.8,FWD,1.5,1.0
ridge,PHASE1__Ma6_Kn0.8_FWD_hphs1.5_Tw1,Cq,0.025,max_cumulative_patch,R3,0.81648932118533,0.8369015542149632,True,False,R0p05,0.05,0.05,0.8208215043295007,6.0,0.8,FWD,1.5,1.0
ridge,PHASE1__Ma6_Kn0.8_FWD_hphs1.5_Tw1,Cq,0.05,full_domain_ring,full,0.39984512885176426,0.4198373852943525,False,True,not_reached,,3.0,,6.0,0.8,FWD,1.5,1.0
ridge,PHASE1__Ma6_Kn0.8_FWD_hphs1.5_Tw1,Cq,0.05,max_cumulative_patch,R3,0.81648932118533,0.8573137872445965,True,False,R0p05,0.05,0.05,0.8208215043295007,6.0,0.8,FWD,1.5,1.0
ridge,PHASE1__Ma6_Kn0.8_FWD_hphs1.5_Tw1,Cq,0.1,full_domain_ring,full,0.39984512885176426,0.4398296417369407,False,True,not_reached,,3.0,,6.0,0.8,FWD,1.5,1.0
ridge,PHASE1__Ma6_Kn0.8_FWD_hphs1.5_Tw1,Cq,0.1,max_cumulative_patch,R3,0.81648932118533,0.8981382533038631,True,False,R0p05,0.05,0.05,0.8208215043295007,6.0,0.8,FWD,1.5,1.0
ridge,PHASE1__Ma6_Kn0.8_FWD_hphs1.5_Tw1,tau_abs,0.025,full_domain_ring,full,0.4397677035929268,0.4507618961827499,True,False,R0p75,0.75,0.75,0.434420558208355,6.0,0.8,FWD,1.5,1.0
ridge,PHASE1__Ma6_Kn0.8_FWD_hphs1.5_Tw1,tau_abs,0.025,max_cumulative_patch,R3,0.6060223239303286,0.6211728820285868,True,False,R0p50,0.5,0.5,0.5017164467810636,6.0,0.8,FWD,1.5,1.0
ridge,PHASE1__Ma6_Kn0.8_FWD_hphs1.5_Tw1,tau_abs,0.05,full_domain_ring,full,0.4397677035929268,0.4617560887725731,True,False,R0p75,0.75,0.75,0.434420558208355,6.0,0.8,FWD,1.5,1.0
ridge,PHASE1__Ma6_Kn0.8_FWD_hphs1.5_Tw1,tau_abs,0.05,max_cumulative_patch,R3,0.6060223239303286,0.636323440126845,True,False,R0p50,0.5,0.5,0.5017164467810636,6.0,0.8,FWD,1.5,1.0
ridge,PHASE1__Ma6_Kn0.8_FWD_hphs1.5_Tw1,tau_abs,0.1,full_domain_ring,full,0.4397677035929268,0.4837444739522195,True,False,R0p75,0.75,0.75,0.434420558208355,6.0,0.8,FWD,1.5,1.0
ridge,PHASE1__Ma6_Kn0.8_FWD_hphs1.5_Tw1,tau_abs,0.1,max_cumulative_patch,R3,0.6060223239303286,0.6666245563233615,True,False,R0p05,0.05,0.05,0.6590160498621818,6.0,0.8,FWD,1.5,1.0
ridge,PHASE1__Ma6_Kn0.8_ISO_hphs1.5_Tw1,Cp,0.025,full_domain_ring,full,0.19669846829583673,0.20161593000323264,False,True,not_reached,,3.0,,6.0,0.8,ISO,1.5,1.0
ridge,PHASE1__Ma6_Kn0.8_ISO_hphs1.5_Tw1,Cp,0.025,max_cumulative_patch,R3,0.3062837155035083,0.313940808391096,True,False,R3,3.0,3.0,0.3062837155035083,6.0,0.8,ISO,1.5,1.0
ridge,PHASE1__Ma6_Kn0.8_ISO_hphs1.5_Tw1,Cp,0.05,full_domain_ring,full,0.19669846829583673,0.20653339171062857,False,True,not_reached,,3.0,,6.0,0.8,ISO,1.5,1.0
ridge,PHASE1__Ma6_Kn0.8_ISO_hphs1.5_Tw1,Cp,0.05,max_cumulative_patch,R3,0.3062837155035083,0.3215979012786837,True,False,R3,3.0,3.0,0.3062837155035083,6.0,0.8,ISO,1.5,1.0
ridge,PHASE1__Ma6_Kn0.8_ISO_hphs1.5_Tw1,Cp,0.1,full_domain_ring,full,0.19669846829583673,0.21636831512542043,False,True,not_reached,,3.0,,6.0,0.8,ISO,1.5,1.0
ridge,PHASE1__Ma6_Kn0.8_ISO_hphs1.5_Tw1,Cp,0.1,max_cumulative_patch,R3,0.3062837155035083,0.33691208705385917,True,False,R3,3.0,3.0,0.3062837155035083,6.0,0.8,ISO,1.5,1.0
ridge,PHASE1__Ma6_Kn0.8_ISO_hphs1.5_Tw1,Cq,0.025,full_domain_ring,full,0.24009287265262247,0.24609519446893802,False,True,not_reached,,3.0,,6.0,0.8,ISO,1.5,1.0
ridge,PHASE1__Ma6_Kn0.8_ISO_hphs1.5_Tw1,Cq,0.025,max_cumulative_patch,R3,0.5903558921082526,0.6051147894109589,True,False,R0p05,0.05,0.05,0.5394590321085574,6.0,0.8,ISO,1.5,1.0
ridge,PHASE1__Ma6_Kn0.8_ISO_hphs1.5_Tw1,Cq,0.05,full_domain_ring,full,0.24009287265262247,0.2520975162852536,False,True,not_reached,,3.0,,6.0,0.8,ISO,1.5,1.0
ridge,PHASE1__Ma6_Kn0.8_ISO_hphs1.5_Tw1,Cq,0.05,max_cumulative_patch,R3,0.5903558921082526,0.6198736867136653,True,False,R0p05,0.05,0.05,0.5394590321085574,6.0,0.8,ISO,1.5,1.0
ridge,PHASE1__Ma6_Kn0.8_ISO_hphs1.5_Tw1,Cq,0.1,full_domain_ring,full,0.24009287265262247,0.2641021599178847,False,True,not_reached,,3.0,,6.0,0.8,ISO,1.5,1.0
ridge,PHASE1__Ma6_Kn0.8_ISO_hphs1.5_Tw1,Cq,0.1,max_cumulative_patch,R3,0.5903558921082526,0.6493914813190779,True,False,R0p05,0.05,0.05,0.5394590321085574,6.0,0.8,ISO,1.5,1.0
ridge,PHASE1__Ma6_Kn0.8_ISO_hphs1.5_Tw1,tau_abs,0.025,full_domain_ring,full,0.5554046300736293,0.56928974582547,True,False,R0p75,0.75,0.75,0.5365500996628522,6.0,0.8,ISO,1.5,1.0
ridge,PHASE1__Ma6_Kn0.8_ISO_hphs1.5_Tw1,tau_abs,0.025,max_cumulative_patch,R3,0.5034551234032516,0.5160415014883328,True,False,R1,1.0,1.0,0.5095046729797285,6.0,0.8,ISO,1.5,1.0
ridge,PHASE1__Ma6_Kn0.8_ISO_hphs1.5_Tw1,tau_abs,0.05,full_domain_ring,full,0.5554046300736293,0.5831748615773108,True,False,R0p75,0.75,0.75,0.5365500996628522,6.0,0.8,ISO,1.5,1.0
ridge,PHASE1__Ma6_Kn0.8_ISO_hphs1.5_Tw1,tau_abs,0.05,max_cumulative_patch,R3,0.5034551234032516,0.5286278795734142,True,False,R1,1.0,1.0,0.5095046729797285,6.0,0.8,ISO,1.5,1.0
ridge,PHASE1__Ma6_Kn0.8_ISO_hphs1.5_Tw1,tau_abs,0.1,full_domain_ring,full,0.5554046300736293,0.6109450930809922,True,False,R0p75,0.75,0.75,0.5365500996628522,6.0,0.8,ISO,1.5,1.0
ridge,PHASE1__Ma6_Kn0.8_ISO_hphs1.5_Tw1,tau_abs,0.1,max_cumulative_patch,R3,0.5034551234032516,0.5538006357435769,True,False,R0p75,0.75,0.75,0.5365500996628522,6.0,0.8,ISO,1.5,1.0
ridge,PHASE1__Ma8_Kn0.1_BWD_hphs1.5_Tw1,Cp,0.025,full_domain_ring,full,0.12600387332986837,0.12915397016311506,False,True,not_reached,,3.0,,8.0,0.1,BWD,1.5,1.0
ridge,PHASE1__Ma8_Kn0.1_BWD_hphs1.5_Tw1,Cp,0.025,max_cumulative_patch,R3,0.22890042613050457,0.23462293678376717,True,False,R0p05,0.05,0.05,0.22753912918365515,8.0,0.1,BWD,1.5,1.0
ridge,PHASE1__Ma8_Kn0.1_BWD_hphs1.5_Tw1,Cp,0.05,full_domain_ring,full,0.12600387332986837,0.1323040669963618,False,True,not_reached,,3.0,,8.0,0.1,BWD,1.5,1.0
ridge,PHASE1__Ma8_Kn0.1_BWD_hphs1.5_Tw1,Cp,0.05,max_cumulative_patch,R3,0.22890042613050457,0.24034544743702982,True,False,R0p05,0.05,0.05,0.22753912918365515,8.0,0.1,BWD,1.5,1.0
ridge,PHASE1__Ma8_Kn0.1_BWD_hphs1.5_Tw1,Cp,0.1,full_domain_ring,full,0.12600387332986837,0.13860426066285522,False,True,not_reached,,3.0,,8.0,0.1,BWD,1.5,1.0
ridge,PHASE1__Ma8_Kn0.1_BWD_hphs1.5_Tw1,Cp,0.1,max_cumulative_patch,R3,0.22890042613050457,0.25179046874355504,True,False,R0p05,0.05,0.05,0.22753912918365515,8.0,0.1,BWD,1.5,1.0
ridge,PHASE1__Ma8_Kn0.1_BWD_hphs1.5_Tw1,Cq,0.025,full_domain_ring,full,0.16049068077866335,0.16450294779812993,False,True,not_reached,,3.0,,8.0,0.1,BWD,1.5,1.0
ridge,PHASE1__Ma8_Kn0.1_BWD_hphs1.5_Tw1,Cq,0.025,max_cumulative_patch,R3,0.2977981246607709,0.30524307777729015,True,False,R0p05,0.05,0.05,0.246025706112105,8.0,0.1,BWD,1.5,1.0
ridge,PHASE1__Ma8_Kn0.1_BWD_hphs1.5_Tw1,Cq,0.05,full_domain_ring,full,0.16049068077866335,0.16851521481759651,False,True,not_reached,,3.0,,8.0,0.1,BWD,1.5,1.0
ridge,PHASE1__Ma8_Kn0.1_BWD_hphs1.5_Tw1,Cq,0.05,max_cumulative_patch,R3,0.2977981246607709,0.3126880308938094,True,False,R0p05,0.05,0.05,0.246025706112105,8.0,0.1,BWD,1.5,1.0
ridge,PHASE1__Ma8_Kn0.1_BWD_hphs1.5_Tw1,Cq,0.1,full_domain_ring,full,0.16049068077866335,0.1765397488565297,False,True,not_reached,,3.0,,8.0,0.1,BWD,1.5,1.0
ridge,PHASE1__Ma8_Kn0.1_BWD_hphs1.5_Tw1,Cq,0.1,max_cumulative_patch,R3,0.2977981246607709,0.327577937126848,True,False,R0p05,0.05,0.05,0.246025706112105,8.0,0.1,BWD,1.5,1.0
ridge,PHASE1__Ma8_Kn0.1_BWD_hphs1.5_Tw1,tau_abs,0.025,full_domain_ring,full,0.36403608955074274,0.37313699178951126,False,True,not_reached,,3.0,,8.0,0.1,BWD,1.5,1.0
ridge,PHASE1__Ma8_Kn0.1_BWD_hphs1.5_Tw1,tau_abs,0.025,max_cumulative_patch,R3,0.5196941101826453,0.5326864629372114,True,False,R0p05,0.05,0.05,0.5007919760329704,8.0,0.1,BWD,1.5,1.0
ridge,PHASE1__Ma8_Kn0.1_BWD_hphs1.5_Tw1,tau_abs,0.05,full_domain_ring,full,0.36403608955074274,0.3822378940282799,False,True,not_reached,,3.0,,8.0,0.1,BWD,1.5,1.0
ridge,PHASE1__Ma8_Kn0.1_BWD_hphs1.5_Tw1,tau_abs,0.05,max_cumulative_patch,R3,0.5196941101826453,0.5456788156917777,True,False,R0p05,0.05,0.05,0.5007919760329704,8.0,0.1,BWD,1.5,1.0
ridge,PHASE1__Ma8_Kn0.1_BWD_hphs1.5_Tw1,tau_abs,0.1,full_domain_ring,full,0.36403608955074274,0.40043969850581707,False,True,not_reached,,3.0,,8.0,0.1,BWD,1.5,1.0
ridge,PHASE1__Ma8_Kn0.1_BWD_hphs1.5_Tw1,tau_abs,0.1,max_cumulative_patch,R3,0.5196941101826453,0.5716635212009099,True,False,R0p05,0.05,0.05,0.5007919760329704,8.0,0.1,BWD,1.5,1.0
ridge,PHASE1__Ma8_Kn0.1_FWD_hphs1.5_Tw1,Cp,0.025,full_domain_ring,full,0.20780923557922273,0.21300446646870327,False,True,not_reached,,3.0,,8.0,0.1,FWD,1.5,1.0
ridge,PHASE1__Ma8_Kn0.1_FWD_hphs1.5_Tw1,Cp,0.025,max_cumulative_patch,R3,0.22562763073040956,0.23126832149866977,True,False,R3,3.0,3.0,0.22562763073040956,8.0,0.1,FWD,1.5,1.0
ridge,PHASE1__Ma8_Kn0.1_FWD_hphs1.5_Tw1,Cp,0.05,full_domain_ring,full,0.20780923557922273,0.21819969735818387,False,True,not_reached,,3.0,,8.0,0.1,FWD,1.5,1.0
ridge,PHASE1__Ma8_Kn0.1_FWD_hphs1.5_Tw1,Cp,0.05,max_cumulative_patch,R3,0.22562763073040956,0.23690901226693006,True,False,R3,3.0,3.0,0.22562763073040956,8.0,0.1,FWD,1.5,1.0
ridge,PHASE1__Ma8_Kn0.1_FWD_hphs1.5_Tw1,Cp,0.1,full_domain_ring,full,0.20780923557922273,0.22859015913714503,True,False,R3,3.0,3.0,0.22562763073040956,8.0,0.1,FWD,1.5,1.0
ridge,PHASE1__Ma8_Kn0.1_FWD_hphs1.5_Tw1,Cp,0.1,max_cumulative_patch,R3,0.22562763073040956,0.24819039380345054,True,False,R3,3.0,3.0,0.22562763073040956,8.0,0.1,FWD,1.5,1.0
ridge,PHASE1__Ma8_Kn0.1_FWD_hphs1.5_Tw1,Cq,0.025,full_domain_ring,full,0.2805054901044625,0.28751812735707405,False,True,not_reached,,3.0,,8.0,0.1,FWD,1.5,1.0
ridge,PHASE1__Ma8_Kn0.1_FWD_hphs1.5_Tw1,Cq,0.025,max_cumulative_patch,R3,0.4243634738453108,0.4349725606914435,True,False,R0p05,0.05,0.05,0.4173813365003478,8.0,0.1,FWD,1.5,1.0
ridge,PHASE1__Ma8_Kn0.1_FWD_hphs1.5_Tw1,Cq,0.05,full_domain_ring,full,0.2805054901044625,0.29453076460968564,False,True,not_reached,,3.0,,8.0,0.1,FWD,1.5,1.0
ridge,PHASE1__Ma8_Kn0.1_FWD_hphs1.5_Tw1,Cq,0.05,max_cumulative_patch,R3,0.4243634738453108,0.4455816475375764,True,False,R0p05,0.05,0.05,0.4173813365003478,8.0,0.1,FWD,1.5,1.0
ridge,PHASE1__Ma8_Kn0.1_FWD_hphs1.5_Tw1,Cq,0.1,full_domain_ring,full,0.2805054901044625,0.3085560391149088,False,True,not_reached,,3.0,,8.0,0.1,FWD,1.5,1.0
ridge,PHASE1__Ma8_Kn0.1_FWD_hphs1.5_Tw1,Cq,0.1,max_cumulative_patch,R3,0.4243634738453108,0.4667998212298419,True,False,R0p05,0.05,0.05,0.4173813365003478,8.0,0.1,FWD,1.5,1.0
ridge,PHASE1__Ma8_Kn0.1_FWD_hphs1.5_Tw1,tau_abs,0.025,full_domain_ring,full,0.44149783476437854,0.45253528063348797,True,False,R0p50,0.5,0.5,0.42612045609411775,8.0,0.1,FWD,1.5,1.0
ridge,PHASE1__Ma8_Kn0.1_FWD_hphs1.5_Tw1,tau_abs,0.025,max_cumulative_patch,R3,0.5849208261258338,0.5995438467789796,True,False,R0p05,0.05,0.05,0.5648939384997966,8.0,0.1,FWD,1.5,1.0
ridge,PHASE1__Ma8_Kn0.1_FWD_hphs1.5_Tw1,tau_abs,0.05,full_domain_ring,full,0.44149783476437854,0.4635727265025975,True,False,R0p50,0.5,0.5,0.42612045609411775,8.0,0.1,FWD,1.5,1.0
ridge,PHASE1__Ma8_Kn0.1_FWD_hphs1.5_Tw1,tau_abs,0.05,max_cumulative_patch,R3,0.5849208261258338,0.6141668674321256,True,False,R0p05,0.05,0.05,0.5648939384997966,8.0,0.1,FWD,1.5,1.0
ridge,PHASE1__Ma8_Kn0.1_FWD_hphs1.5_Tw1,tau_abs,0.1,full_domain_ring,full,0.44149783476437854,0.4856476182408164,True,False,R0p50,0.5,0.5,0.42612045609411775,8.0,0.1,FWD,1.5,1.0
ridge,PHASE1__Ma8_Kn0.1_FWD_hphs1.5_Tw1,tau_abs,0.1,max_cumulative_patch,R3,0.5849208261258338,0.6434129087384173,True,False,R0p05,0.05,0.05,0.5648939384997966,8.0,0.1,FWD,1.5,1.0
ridge,PHASE1__Ma8_Kn0.1_ISO_hphs1.5_Tw1,Cp,0.025,full_domain_ring,full,0.087016903528991,0.08919232611721577,False,True,not_reached,,3.0,,8.0,0.1,ISO,1.5,1.0
ridge,PHASE1__Ma8_Kn0.1_ISO_hphs1.5_Tw1,Cp,0.025,max_cumulative_patch,R3,0.10711454752724317,0.10979241121542424,True,False,R3,3.0,3.0,0.10711454752724317,8.0,0.1,ISO,1.5,1.0
ridge,PHASE1__Ma8_Kn0.1_ISO_hphs1.5_Tw1,Cp,0.05,full_domain_ring,full,0.087016903528991,0.09136774870544055,False,True,not_reached,,3.0,,8.0,0.1,ISO,1.5,1.0
ridge,PHASE1__Ma8_Kn0.1_ISO_hphs1.5_Tw1,Cp,0.05,max_cumulative_patch,R3,0.10711454752724317,0.11247027490360534,True,False,R3,3.0,3.0,0.10711454752724317,8.0,0.1,ISO,1.5,1.0
ridge,PHASE1__Ma8_Kn0.1_ISO_hphs1.5_Tw1,Cp,0.1,full_domain_ring,full,0.087016903528991,0.09571859388189011,False,True,not_reached,,3.0,,8.0,0.1,ISO,1.5,1.0
ridge,PHASE1__Ma8_Kn0.1_ISO_hphs1.5_Tw1,Cp,0.1,max_cumulative_patch,R3,0.10711454752724317,0.11782600227996749,True,False,R3,3.0,3.0,0.10711454752724317,8.0,0.1,ISO,1.5,1.0
ridge,PHASE1__Ma8_Kn0.1_ISO_hphs1.5_Tw1,Cq,0.025,full_domain_ring,full,0.1548840210575789,0.15875612158401836,False,True,not_reached,,3.0,,8.0,0.1,ISO,1.5,1.0
ridge,PHASE1__Ma8_Kn0.1_ISO_hphs1.5_Tw1,Cq,0.025,max_cumulative_patch,R3,0.29086091807014786,0.2981324410219015,True,False,R0p05,0.05,0.05,0.24986250709055816,8.0,0.1,ISO,1.5,1.0
ridge,PHASE1__Ma8_Kn0.1_ISO_hphs1.5_Tw1,Cq,0.05,full_domain_ring,full,0.1548840210575789,0.16262822211045785,False,True,not_reached,,3.0,,8.0,0.1,ISO,1.5,1.0
ridge,PHASE1__Ma8_Kn0.1_ISO_hphs1.5_Tw1,Cq,0.05,max_cumulative_patch,R3,0.29086091807014786,0.30540396397365527,True,False,R0p05,0.05,0.05,0.24986250709055816,8.0,0.1,ISO,1.5,1.0
ridge,PHASE1__Ma8_Kn0.1_ISO_hphs1.5_Tw1,Cq,0.1,full_domain_ring,full,0.1548840210575789,0.1703724231633368,False,True,not_reached,,3.0,,8.0,0.1,ISO,1.5,1.0
ridge,PHASE1__Ma8_Kn0.1_ISO_hphs1.5_Tw1,Cq,0.1,max_cumulative_patch,R3,0.29086091807014786,0.3199470098771627,True,False,R0p05,0.05,0.05,0.24986250709055816,8.0,0.1,ISO,1.5,1.0
ridge,PHASE1__Ma8_Kn0.1_ISO_hphs1.5_Tw1,tau_abs,0.025,full_domain_ring,full,0.44716421453460925,0.45834331989797444,False,True,not_reached,,3.0,,8.0,0.1,ISO,1.5,1.0
ridge,PHASE1__Ma8_Kn0.1_ISO_hphs1.5_Tw1,tau_abs,0.025,max_cumulative_patch,R3,0.6031241432461203,0.6182022468272732,True,False,R0p05,0.05,0.05,0.5541976557457173,8.0,0.1,ISO,1.5,1.0
ridge,PHASE1__Ma8_Kn0.1_ISO_hphs1.5_Tw1,tau_abs,0.05,full_domain_ring,full,0.44716421453460925,0.46952242526133975,False,True,not_reached,,3.0,,8.0,0.1,ISO,1.5,1.0
ridge,PHASE1__Ma8_Kn0.1_ISO_hphs1.5_Tw1,tau_abs,0.05,max_cumulative_patch,R3,0.6031241432461203,0.6332803504084263,True,False,R0p05,0.05,0.05,0.5541976557457173,8.0,0.1,ISO,1.5,1.0
ridge,PHASE1__Ma8_Kn0.1_ISO_hphs1.5_Tw1,tau_abs,0.1,full_domain_ring,full,0.44716421453460925,0.4918806359880702,False,True,not_reached,,3.0,,8.0,0.1,ISO,1.5,1.0
ridge,PHASE1__Ma8_Kn0.1_ISO_hphs1.5_Tw1,tau_abs,0.1,max_cumulative_patch,R3,0.6031241432461203,0.6634365575707324,True,False,R0p05,0.05,0.05,0.5541976557457173,8.0,0.1,ISO,1.5,1.0
ridge,PHASE1__Ma8_Kn0.33_BWD_hphs1.5_Tw1,Cp,0.025,full_domain_ring,full,0.16943914133434154,0.17367511986770007,True,False,R3,3.0,3.0,0.1512297502600994,8.0,0.33,BWD,1.5,1.0
ridge,PHASE1__Ma8_Kn0.33_BWD_hphs1.5_Tw1,Cp,0.025,max_cumulative_patch,R3,0.1512297502600994,0.15501049401660189,True,False,R3,3.0,3.0,0.1512297502600994,8.0,0.33,BWD,1.5,1.0
ridge,PHASE1__Ma8_Kn0.33_BWD_hphs1.5_Tw1,Cp,0.05,full_domain_ring,full,0.16943914133434154,0.17791109840105862,True,False,R3,3.0,3.0,0.1512297502600994,8.0,0.33,BWD,1.5,1.0
ridge,PHASE1__Ma8_Kn0.33_BWD_hphs1.5_Tw1,Cp,0.05,max_cumulative_patch,R3,0.1512297502600994,0.1587912377731044,True,False,R3,3.0,3.0,0.1512297502600994,8.0,0.33,BWD,1.5,1.0
ridge,PHASE1__Ma8_Kn0.33_BWD_hphs1.5_Tw1,Cp,0.1,full_domain_ring,full,0.16943914133434154,0.1863830554677757,True,False,R3,3.0,3.0,0.1512297502600994,8.0,0.33,BWD,1.5,1.0
ridge,PHASE1__Ma8_Kn0.33_BWD_hphs1.5_Tw1,Cp,0.1,max_cumulative_patch,R3,0.1512297502600994,0.16635272528610937,True,False,R3,3.0,3.0,0.1512297502600994,8.0,0.33,BWD,1.5,1.0
ridge,PHASE1__Ma8_Kn0.33_BWD_hphs1.5_Tw1,Cq,0.025,full_domain_ring,full,0.05450149352588534,0.055864030864032466,False,True,not_reached,,3.0,,8.0,0.33,BWD,1.5,1.0
ridge,PHASE1__Ma8_Kn0.33_BWD_hphs1.5_Tw1,Cq,0.025,max_cumulative_patch,R3,0.14271701351765306,0.14628493885559438,True,False,R0p05,0.05,0.05,0.13282568611340362,8.0,0.33,BWD,1.5,1.0
ridge,PHASE1__Ma8_Kn0.33_BWD_hphs1.5_Tw1,Cq,0.05,full_domain_ring,full,0.05450149352588534,0.05722656820217961,False,True,not_reached,,3.0,,8.0,0.33,BWD,1.5,1.0
ridge,PHASE1__Ma8_Kn0.33_BWD_hphs1.5_Tw1,Cq,0.05,max_cumulative_patch,R3,0.14271701351765306,0.14985286419353572,True,False,R0p05,0.05,0.05,0.13282568611340362,8.0,0.33,BWD,1.5,1.0
ridge,PHASE1__Ma8_Kn0.33_BWD_hphs1.5_Tw1,Cq,0.1,full_domain_ring,full,0.05450149352588534,0.059951642878473876,False,True,not_reached,,3.0,,8.0,0.33,BWD,1.5,1.0
ridge,PHASE1__Ma8_Kn0.33_BWD_hphs1.5_Tw1,Cq,0.1,max_cumulative_patch,R3,0.14271701351765306,0.15698871486941837,True,False,R0p05,0.05,0.05,0.13282568611340362,8.0,0.33,BWD,1.5,1.0
ridge,PHASE1__Ma8_Kn0.33_BWD_hphs1.5_Tw1,tau_abs,0.025,full_domain_ring,full,0.17816948689834936,0.18262372407080807,False,True,not_reached,,3.0,,8.0,0.33,BWD,1.5,1.0
ridge,PHASE1__Ma8_Kn0.33_BWD_hphs1.5_Tw1,tau_abs,0.025,max_cumulative_patch,R3,0.31097308298137427,0.3187474100559086,True,False,R0p05,0.05,0.05,0.2808875417423553,8.0,0.33,BWD,1.5,1.0
ridge,PHASE1__Ma8_Kn0.33_BWD_hphs1.5_Tw1,tau_abs,0.05,full_domain_ring,full,0.17816948689834936,0.18707796124326684,False,True,not_reached,,3.0,,8.0,0.33,BWD,1.5,1.0
ridge,PHASE1__Ma8_Kn0.33_BWD_hphs1.5_Tw1,tau_abs,0.05,max_cumulative_patch,R3,0.31097308298137427,0.326521737130443,True,False,R0p05,0.05,0.05,0.2808875417423553,8.0,0.33,BWD,1.5,1.0
ridge,PHASE1__Ma8_Kn0.33_BWD_hphs1.5_Tw1,tau_abs,0.1,full_domain_ring,full,0.17816948689834936,0.1959864355881843,False,True,not_reached,,3.0,,8.0,0.33,BWD,1.5,1.0
ridge,PHASE1__Ma8_Kn0.33_BWD_hphs1.5_Tw1,tau_abs,0.1,max_cumulative_patch,R3,0.31097308298137427,0.3420703912795117,True,False,R0p05,0.05,0.05,0.2808875417423553,8.0,0.33,BWD,1.5,1.0
ridge,PHASE1__Ma8_Kn0.33_FWD_hphs1.5_Tw1,Cp,0.025,full_domain_ring,full,0.19688850802795116,0.20181072072864992,True,False,R2,2.0,2.0,0.16778891975115395,8.0,0.33,FWD,1.5,1.0
ridge,PHASE1__Ma8_Kn0.33_FWD_hphs1.5_Tw1,Cp,0.025,max_cumulative_patch,R3,0.09761921949295088,0.10005969998027464,True,False,R3,3.0,3.0,0.09761921949295088,8.0,0.33,FWD,1.5,1.0
ridge,PHASE1__Ma8_Kn0.33_FWD_hphs1.5_Tw1,Cp,0.05,full_domain_ring,full,0.19688850802795116,0.20673293342934873,True,False,R2,2.0,2.0,0.16778891975115395,8.0,0.33,FWD,1.5,1.0
ridge,PHASE1__Ma8_Kn0.33_FWD_hphs1.5_Tw1,Cp,0.05,max_cumulative_patch,R3,0.09761921949295088,0.10250018046759843,True,False,R3,3.0,3.0,0.09761921949295088,8.0,0.33,FWD,1.5,1.0
ridge,PHASE1__Ma8_Kn0.33_FWD_hphs1.5_Tw1,Cp,0.1,full_domain_ring,full,0.19688850802795116,0.2165773588307463,True,False,R2,2.0,2.0,0.16778891975115395,8.0,0.33,FWD,1.5,1.0
ridge,PHASE1__Ma8_Kn0.33_FWD_hphs1.5_Tw1,Cp,0.1,max_cumulative_patch,R3,0.09761921949295088,0.10738114144224598,True,False,R3,3.0,3.0,0.09761921949295088,8.0,0.33,FWD,1.5,1.0
ridge,PHASE1__Ma8_Kn0.33_FWD_hphs1.5_Tw1,Cq,0.025,full_domain_ring,full,0.17718745960537946,0.18161714609551394,True,False,R0p20,0.2,0.2,0.16138782729987777,8.0,0.33,FWD,1.5,1.0
ridge,PHASE1__Ma8_Kn0.33_FWD_hphs1.5_Tw1,Cq,0.025,max_cumulative_patch,R3,0.3470376952651142,0.355713637646742,True,False,R0p05,0.05,0.05,0.2889115240277266,8.0,0.33,FWD,1.5,1.0
ridge,PHASE1__Ma8_Kn0.33_FWD_hphs1.5_Tw1,Cq,0.05,full_domain_ring,full,0.17718745960537946,0.18604683258564844,True,False,R0p20,0.2,0.2,0.16138782729987777,8.0,0.33,FWD,1.5,1.0
ridge,PHASE1__Ma8_Kn0.33_FWD_hphs1.5_Tw1,Cq,0.05,max_cumulative_patch,R3,0.3470376952651142,0.3643895800283699,True,False,R0p05,0.05,0.05,0.2889115240277266,8.0,0.33,FWD,1.5,1.0
ridge,PHASE1__Ma8_Kn0.33_FWD_hphs1.5_Tw1,Cq,0.1,full_domain_ring,full,0.17718745960537946,0.19490620556591742,True,False,R0p20,0.2,0.2,0.16138782729987777,8.0,0.33,FWD,1.5,1.0
ridge,PHASE1__Ma8_Kn0.33_FWD_hphs1.5_Tw1,Cq,0.1,max_cumulative_patch,R3,0.3470376952651142,0.38174146479162563,True,False,R0p05,0.05,0.05,0.2889115240277266,8.0,0.33,FWD,1.5,1.0
ridge,PHASE1__Ma8_Kn0.33_FWD_hphs1.5_Tw1,tau_abs,0.025,full_domain_ring,full,0.4996794109717486,0.5121713962460422,False,True,not_reached,,3.0,,8.0,0.33,FWD,1.5,1.0
ridge,PHASE1__Ma8_Kn0.33_FWD_hphs1.5_Tw1,tau_abs,0.025,max_cumulative_patch,R3,1.6626039675735038,1.7041690667628413,True,False,R0p05,0.05,0.05,0.6510205273128227,8.0,0.33,FWD,1.5,1.0
ridge,PHASE1__Ma8_Kn0.33_FWD_hphs1.5_Tw1,tau_abs,0.05,full_domain_ring,full,0.4996794109717486,0.5246633815203361,False,True,not_reached,,3.0,,8.0,0.33,FWD,1.5,1.0
ridge,PHASE1__Ma8_Kn0.33_FWD_hphs1.5_Tw1,tau_abs,0.05,max_cumulative_patch,R3,1.6626039675735038,1.745734165952179,True,False,R0p05,0.05,0.05,0.6510205273128227,8.0,0.33,FWD,1.5,1.0
ridge,PHASE1__Ma8_Kn0.33_FWD_hphs1.5_Tw1,tau_abs,0.1,full_domain_ring,full,0.4996794109717486,0.5496473520689236,False,True,not_reached,,3.0,,8.0,0.33,FWD,1.5,1.0
ridge,PHASE1__Ma8_Kn0.33_FWD_hphs1.5_Tw1,tau_abs,0.1,max_cumulative_patch,R3,1.6626039675735038,1.8288643643308544,True,False,R0p05,0.05,0.05,0.6510205273128227,8.0,0.33,FWD,1.5,1.0
ridge,PHASE1__Ma8_Kn0.33_ISO_hphs1.5_Tw1,Cp,0.025,full_domain_ring,full,0.136828285739568,0.1402489928830572,True,False,R3,3.0,3.0,0.08682791379288102,8.0,0.33,ISO,1.5,1.0
ridge,PHASE1__Ma8_Kn0.33_ISO_hphs1.5_Tw1,Cp,0.025,max_cumulative_patch,R3,0.08682791379288102,0.08899861163770303,True,False,R3,3.0,3.0,0.08682791379288102,8.0,0.33,ISO,1.5,1.0
ridge,PHASE1__Ma8_Kn0.33_ISO_hphs1.5_Tw1,Cp,0.05,full_domain_ring,full,0.136828285739568,0.14366970002654642,True,False,R3,3.0,3.0,0.08682791379288102,8.0,0.33,ISO,1.5,1.0
ridge,PHASE1__Ma8_Kn0.33_ISO_hphs1.5_Tw1,Cp,0.05,max_cumulative_patch,R3,0.08682791379288102,0.09116930948252507,True,False,R3,3.0,3.0,0.08682791379288102,8.0,0.33,ISO,1.5,1.0
ridge,PHASE1__Ma8_Kn0.33_ISO_hphs1.5_Tw1,Cp,0.1,full_domain_ring,full,0.136828285739568,0.15051111431352482,True,False,R3,3.0,3.0,0.08682791379288102,8.0,0.33,ISO,1.5,1.0
ridge,PHASE1__Ma8_Kn0.33_ISO_hphs1.5_Tw1,Cp,0.1,max_cumulative_patch,R3,0.08682791379288102,0.09551070517216913,True,False,R3,3.0,3.0,0.08682791379288102,8.0,0.33,ISO,1.5,1.0
ridge,PHASE1__Ma8_Kn0.33_ISO_hphs1.5_Tw1,Cq,0.025,full_domain_ring,full,0.060055217794191325,0.0615565982390461,False,True,not_reached,,3.0,,8.0,0.33,ISO,1.5,1.0
ridge,PHASE1__Ma8_Kn0.33_ISO_hphs1.5_Tw1,Cq,0.025,max_cumulative_patch,R3,0.17788490775139765,0.18233203044518256,True,False,R0p05,0.05,0.05,0.1819496575403996,8.0,0.33,ISO,1.5,1.0
ridge,PHASE1__Ma8_Kn0.33_ISO_hphs1.5_Tw1,Cq,0.05,full_domain_ring,full,0.060055217794191325,0.0630579786839009,False,True,not_reached,,3.0,,8.0,0.33,ISO,1.5,1.0
ridge,PHASE1__Ma8_Kn0.33_ISO_hphs1.5_Tw1,Cq,0.05,max_cumulative_patch,R3,0.17788490775139765,0.18677915313896754,True,False,R0p05,0.05,0.05,0.1819496575403996,8.0,0.33,ISO,1.5,1.0
ridge,PHASE1__Ma8_Kn0.33_ISO_hphs1.5_Tw1,Cq,0.1,full_domain_ring,full,0.060055217794191325,0.06606073957361046,False,True,not_reached,,3.0,,8.0,0.33,ISO,1.5,1.0
ridge,PHASE1__Ma8_Kn0.33_ISO_hphs1.5_Tw1,Cq,0.1,max_cumulative_patch,R3,0.17788490775139765,0.19567339852653742,True,False,R0p05,0.05,0.05,0.1819496575403996,8.0,0.33,ISO,1.5,1.0
ridge,PHASE1__Ma8_Kn0.33_ISO_hphs1.5_Tw1,tau_abs,0.025,full_domain_ring,full,0.3568465426550833,0.3657677062214604,True,False,R0p10,0.1,0.1,0.32342926578100417,8.0,0.33,ISO,1.5,1.0
ridge,PHASE1__Ma8_Kn0.33_ISO_hphs1.5_Tw1,tau_abs,0.025,max_cumulative_patch,R3,0.4911029952471709,0.5033805701283501,True,False,R0p05,0.05,0.05,0.45486748352798917,8.0,0.33,ISO,1.5,1.0
ridge,PHASE1__Ma8_Kn0.33_ISO_hphs1.5_Tw1,tau_abs,0.05,full_domain_ring,full,0.3568465426550833,0.3746888697878375,True,False,R0p10,0.1,0.1,0.32342926578100417,8.0,0.33,ISO,1.5,1.0
ridge,PHASE1__Ma8_Kn0.33_ISO_hphs1.5_Tw1,tau_abs,0.05,max_cumulative_patch,R3,0.4911029952471709,0.5156581450095294,True,False,R0p05,0.05,0.05,0.45486748352798917,8.0,0.33,ISO,1.5,1.0
ridge,PHASE1__Ma8_Kn0.33_ISO_hphs1.5_Tw1,tau_abs,0.1,full_domain_ring,full,0.3568465426550833,0.3925311969205917,True,False,R0p10,0.1,0.1,0.32342926578100417,8.0,0.33,ISO,1.5,1.0
ridge,PHASE1__Ma8_Kn0.33_ISO_hphs1.5_Tw1,tau_abs,0.1,max_cumulative_patch,R3,0.4911029952471709,0.5402132947718881,True,False,R0p05,0.05,0.05,0.45486748352798917,8.0,0.33,ISO,1.5,1.0
ridge,PHASE1__Ma8_Kn0.8_BWD_hphs1.5_Tw1,Cp,0.025,full_domain_ring,full,0.3487697510936592,0.35748899487100066,True,False,R1p50,1.5,1.5,0.33129702171302544,8.0,0.8,BWD,1.5,1.0
ridge,PHASE1__Ma8_Kn0.8_BWD_hphs1.5_Tw1,Cp,0.025,max_cumulative_patch,R3,0.4129824749256898,0.423307036798832,True,False,R1p50,1.5,1.5,0.33129702171302544,8.0,0.8,BWD,1.5,1.0
ridge,PHASE1__Ma8_Kn0.8_BWD_hphs1.5_Tw1,Cp,0.05,full_domain_ring,full,0.3487697510936592,0.3662082386483422,True,False,R1p50,1.5,1.5,0.33129702171302544,8.0,0.8,BWD,1.5,1.0
ridge,PHASE1__Ma8_Kn0.8_BWD_hphs1.5_Tw1,Cp,0.05,max_cumulative_patch,R3,0.4129824749256898,0.4336315986719743,True,False,R1p50,1.5,1.5,0.33129702171302544,8.0,0.8,BWD,1.5,1.0
ridge,PHASE1__Ma8_Kn0.8_BWD_hphs1.5_Tw1,Cp,0.1,full_domain_ring,full,0.3487697510936592,0.38364672620302515,True,False,R1p50,1.5,1.5,0.33129702171302544,8.0,0.8,BWD,1.5,1.0
ridge,PHASE1__Ma8_Kn0.8_BWD_hphs1.5_Tw1,Cp,0.1,max_cumulative_patch,R3,0.4129824749256898,0.4542807224182588,True,False,R1p50,1.5,1.5,0.33129702171302544,8.0,0.8,BWD,1.5,1.0
ridge,PHASE1__Ma8_Kn0.8_BWD_hphs1.5_Tw1,Cq,0.025,full_domain_ring,full,0.2264423118454791,0.23210336964161607,True,False,R1p50,1.5,1.5,0.17506264486400264,8.0,0.8,BWD,1.5,1.0
ridge,PHASE1__Ma8_Kn0.8_BWD_hphs1.5_Tw1,Cq,0.025,max_cumulative_patch,R3,0.19044506397651959,0.19520619057593255,True,False,R1p50,1.5,1.5,0.17506264486400264,8.0,0.8,BWD,1.5,1.0
ridge,PHASE1__Ma8_Kn0.8_BWD_hphs1.5_Tw1,Cq,0.05,full_domain_ring,full,0.2264423118454791,0.23776442743775308,True,False,R1p50,1.5,1.5,0.17506264486400264,8.0,0.8,BWD,1.5,1.0
ridge,PHASE1__Ma8_Kn0.8_BWD_hphs1.5_Tw1,Cq,0.05,max_cumulative_patch,R3,0.19044506397651959,0.19996731717534558,True,False,R1p50,1.5,1.5,0.17506264486400264,8.0,0.8,BWD,1.5,1.0
ridge,PHASE1__Ma8_Kn0.8_BWD_hphs1.5_Tw1,Cq,0.1,full_domain_ring,full,0.2264423118454791,0.24908654303002703,True,False,R1p50,1.5,1.5,0.17506264486400264,8.0,0.8,BWD,1.5,1.0
ridge,PHASE1__Ma8_Kn0.8_BWD_hphs1.5_Tw1,Cq,0.1,max_cumulative_patch,R3,0.19044506397651959,0.20948957037417157,True,False,R1p50,1.5,1.5,0.17506264486400264,8.0,0.8,BWD,1.5,1.0
ridge,PHASE1__Ma8_Kn0.8_BWD_hphs1.5_Tw1,tau_abs,0.025,full_domain_ring,full,0.33273466193054435,0.3410530284788079,True,False,R0p75,0.75,0.75,0.2688966350431109,8.0,0.8,BWD,1.5,1.0
ridge,PHASE1__Ma8_Kn0.8_BWD_hphs1.5_Tw1,tau_abs,0.025,max_cumulative_patch,R3,0.24350517164733654,0.24959280093851993,True,False,R1,1.0,1.0,0.2066674783746988,8.0,0.8,BWD,1.5,1.0
ridge,PHASE1__Ma8_Kn0.8_BWD_hphs1.5_Tw1,tau_abs,0.05,full_domain_ring,full,0.33273466193054435,0.3493713950270716,True,False,R0p10,0.1,0.1,0.34241653466426986,8.0,0.8,BWD,1.5,1.0
ridge,PHASE1__Ma8_Kn0.8_BWD_hphs1.5_Tw1,tau_abs,0.05,max_cumulative_patch,R3,0.24350517164733654,0.2556804302297034,True,False,R1,1.0,1.0,0.2066674783746988,8.0,0.8,BWD,1.5,1.0
ridge,PHASE1__Ma8_Kn0.8_BWD_hphs1.5_Tw1,tau_abs,0.1,full_domain_ring,full,0.33273466193054435,0.36600812812359884,True,False,R0p10,0.1,0.1,0.34241653466426986,8.0,0.8,BWD,1.5,1.0
ridge,PHASE1__Ma8_Kn0.8_BWD_hphs1.5_Tw1,tau_abs,0.1,max_cumulative_patch,R3,0.24350517164733654,0.2678556888120702,True,False,R1,1.0,1.0,0.2066674783746988,8.0,0.8,BWD,1.5,1.0
ridge,PHASE1__Ma8_Kn0.8_FWD_hphs1.5_Tw1,Cp,0.025,full_domain_ring,full,0.2617663383430844,0.26831049680166147,True,False,R3,3.0,3.0,0.1679384364560497,8.0,0.8,FWD,1.5,1.0
ridge,PHASE1__Ma8_Kn0.8_FWD_hphs1.5_Tw1,Cp,0.025,max_cumulative_patch,R3,0.1679384364560497,0.17213689736745091,True,False,R3,3.0,3.0,0.1679384364560497,8.0,0.8,FWD,1.5,1.0
ridge,PHASE1__Ma8_Kn0.8_FWD_hphs1.5_Tw1,Cp,0.05,full_domain_ring,full,0.2617663383430844,0.2748546552602386,True,False,R3,3.0,3.0,0.1679384364560497,8.0,0.8,FWD,1.5,1.0
ridge,PHASE1__Ma8_Kn0.8_FWD_hphs1.5_Tw1,Cp,0.05,max_cumulative_patch,R3,0.1679384364560497,0.1763353582788522,True,False,R3,3.0,3.0,0.1679384364560497,8.0,0.8,FWD,1.5,1.0
ridge,PHASE1__Ma8_Kn0.8_FWD_hphs1.5_Tw1,Cp,0.1,full_domain_ring,full,0.2617663383430844,0.28794297217739284,True,False,R3,3.0,3.0,0.1679384364560497,8.0,0.8,FWD,1.5,1.0
ridge,PHASE1__Ma8_Kn0.8_FWD_hphs1.5_Tw1,Cp,0.1,max_cumulative_patch,R3,0.1679384364560497,0.18473228010165468,True,False,R3,3.0,3.0,0.1679384364560497,8.0,0.8,FWD,1.5,1.0
ridge,PHASE1__Ma8_Kn0.8_FWD_hphs1.5_Tw1,Cq,0.025,full_domain_ring,full,0.3088102942986141,0.31653055165607946,True,False,R0p75,0.75,0.75,0.29921577892817564,8.0,0.8,FWD,1.5,1.0
ridge,PHASE1__Ma8_Kn0.8_FWD_hphs1.5_Tw1,Cq,0.025,max_cumulative_patch,R3,0.3771208264440313,0.38654884710513204,True,False,R0p35,0.35,0.35,0.37368534735498865,8.0,0.8,FWD,1.5,1.0
ridge,PHASE1__Ma8_Kn0.8_FWD_hphs1.5_Tw1,Cq,0.05,full_domain_ring,full,0.3088102942986141,0.32425080901354486,True,False,R0p50,0.5,0.5,0.3238581539884862,8.0,0.8,FWD,1.5,1.0
ridge,PHASE1__Ma8_Kn0.8_FWD_hphs1.5_Tw1,Cq,0.05,max_cumulative_patch,R3,0.3771208264440313,0.39597686776623287,True,False,R0p35,0.35,0.35,0.37368534735498865,8.0,0.8,FWD,1.5,1.0
ridge,PHASE1__Ma8_Kn0.8_FWD_hphs1.5_Tw1,Cq,0.1,full_domain_ring,full,0.3088102942986141,0.33969132372847555,True,False,R0p50,0.5,0.5,0.3238581539884862,8.0,0.8,FWD,1.5,1.0
ridge,PHASE1__Ma8_Kn0.8_FWD_hphs1.5_Tw1,Cq,0.1,max_cumulative_patch,R3,0.3771208264440313,0.41483290908843445,True,False,R0p35,0.35,0.35,0.37368534735498865,8.0,0.8,FWD,1.5,1.0
ridge,PHASE1__Ma8_Kn0.8_FWD_hphs1.5_Tw1,tau_abs,0.025,full_domain_ring,full,0.6907398873575529,0.7080083845414916,True,False,R0p20,0.2,0.2,0.6775968017219598,8.0,0.8,FWD,1.5,1.0
ridge,PHASE1__Ma8_Kn0.8_FWD_hphs1.5_Tw1,tau_abs,0.025,max_cumulative_patch,R3,0.6311162679068827,0.6468941746045547,True,False,R0p35,0.35,0.35,0.5877052771469069,8.0,0.8,FWD,1.5,1.0
ridge,PHASE1__Ma8_Kn0.8_FWD_hphs1.5_Tw1,tau_abs,0.05,full_domain_ring,full,0.6907398873575529,0.7252768817254306,True,False,R0p05,0.05,0.05,0.7133358242862319,8.0,0.8,FWD,1.5,1.0
ridge,PHASE1__Ma8_Kn0.8_FWD_hphs1.5_Tw1,tau_abs,0.05,max_cumulative_patch,R3,0.6311162679068827,0.6626720813022269,True,False,R0p35,0.35,0.35,0.5877052771469069,8.0,0.8,FWD,1.5,1.0
ridge,PHASE1__Ma8_Kn0.8_FWD_hphs1.5_Tw1,tau_abs,0.1,full_domain_ring,full,0.6907398873575529,0.7598138760933082,True,False,R0p05,0.05,0.05,0.7133358242862319,8.0,0.8,FWD,1.5,1.0
ridge,PHASE1__Ma8_Kn0.8_FWD_hphs1.5_Tw1,tau_abs,0.1,max_cumulative_patch,R3,0.6311162679068827,0.6942278946975711,True,False,R0p20,0.2,0.2,0.6775968017219598,8.0,0.8,FWD,1.5,1.0
ridge,PHASE1__Ma8_Kn0.8_ISO_hphs1.5_Tw1,Cp,0.025,full_domain_ring,full,0.22909148457902961,0.23481877169350535,False,True,not_reached,,3.0,,8.0,0.8,ISO,1.5,1.0
ridge,PHASE1__Ma8_Kn0.8_ISO_hphs1.5_Tw1,Cp,0.025,max_cumulative_patch,R3,0.2541705183458011,0.2605247813044461,True,False,R3,3.0,3.0,0.2541705183458011,8.0,0.8,ISO,1.5,1.0
ridge,PHASE1__Ma8_Kn0.8_ISO_hphs1.5_Tw1,Cp,0.05,full_domain_ring,full,0.22909148457902961,0.2405460588079811,False,True,not_reached,,3.0,,8.0,0.8,ISO,1.5,1.0
ridge,PHASE1__Ma8_Kn0.8_ISO_hphs1.5_Tw1,Cp,0.05,max_cumulative_patch,R3,0.2541705183458011,0.26687904426309117,True,False,R3,3.0,3.0,0.2541705183458011,8.0,0.8,ISO,1.5,1.0
ridge,PHASE1__Ma8_Kn0.8_ISO_hphs1.5_Tw1,Cp,0.1,full_domain_ring,full,0.22909148457902961,0.2520006330369326,False,True,not_reached,,3.0,,8.0,0.8,ISO,1.5,1.0
ridge,PHASE1__Ma8_Kn0.8_ISO_hphs1.5_Tw1,Cp,0.1,max_cumulative_patch,R3,0.2541705183458011,0.2795875701803813,True,False,R3,3.0,3.0,0.2541705183458011,8.0,0.8,ISO,1.5,1.0
ridge,PHASE1__Ma8_Kn0.8_ISO_hphs1.5_Tw1,Cq,0.025,full_domain_ring,full,0.2240717912825545,0.22967358606461835,True,False,R1p50,1.5,1.5,0.15957871463700266,8.0,0.8,ISO,1.5,1.0
ridge,PHASE1__Ma8_Kn0.8_ISO_hphs1.5_Tw1,Cq,0.025,max_cumulative_patch,R3,0.1494361221267241,0.1531720251798922,True,False,R2,2.0,2.0,0.148160859647754,8.0,0.8,ISO,1.5,1.0
ridge,PHASE1__Ma8_Kn0.8_ISO_hphs1.5_Tw1,Cq,0.05,full_domain_ring,full,0.2240717912825545,0.23527538084668223,True,False,R1p50,1.5,1.5,0.15957871463700266,8.0,0.8,ISO,1.5,1.0
ridge,PHASE1__Ma8_Kn0.8_ISO_hphs1.5_Tw1,Cq,0.05,max_cumulative_patch,R3,0.1494361221267241,0.15690792823306032,True,False,R2,2.0,2.0,0.148160859647754,8.0,0.8,ISO,1.5,1.0
ridge,PHASE1__Ma8_Kn0.8_ISO_hphs1.5_Tw1,Cq,0.1,full_domain_ring,full,0.2240717912825545,0.24647897041080996,True,False,R1p50,1.5,1.5,0.15957871463700266,8.0,0.8,ISO,1.5,1.0
ridge,PHASE1__Ma8_Kn0.8_ISO_hphs1.5_Tw1,Cq,0.1,max_cumulative_patch,R3,0.1494361221267241,0.16437973433939654,True,False,R1p50,1.5,1.5,0.15957871463700266,8.0,0.8,ISO,1.5,1.0
ridge,PHASE1__Ma8_Kn0.8_ISO_hphs1.5_Tw1,tau_abs,0.025,full_domain_ring,full,0.3605846655890992,0.36959928222882665,True,False,R0p05,0.05,0.05,0.3442890950095853,8.0,0.8,ISO,1.5,1.0
ridge,PHASE1__Ma8_Kn0.8_ISO_hphs1.5_Tw1,tau_abs,0.025,max_cumulative_patch,R3,0.3544508503723718,0.36331212163168103,True,False,R0p05,0.05,0.05,0.3442890950095853,8.0,0.8,ISO,1.5,1.0
ridge,PHASE1__Ma8_Kn0.8_ISO_hphs1.5_Tw1,tau_abs,0.05,full_domain_ring,full,0.3605846655890992,0.3786138988685542,True,False,R0p05,0.05,0.05,0.3442890950095853,8.0,0.8,ISO,1.5,1.0
ridge,PHASE1__Ma8_Kn0.8_ISO_hphs1.5_Tw1,tau_abs,0.05,max_cumulative_patch,R3,0.3544508503723718,0.3721733928909904,True,False,R0p05,0.05,0.05,0.3442890950095853,8.0,0.8,ISO,1.5,1.0
ridge,PHASE1__Ma8_Kn0.8_ISO_hphs1.5_Tw1,tau_abs,0.1,full_domain_ring,full,0.3605846655890992,0.3966431321480091,True,False,R0p05,0.05,0.05,0.3442890950095853,8.0,0.8,ISO,1.5,1.0
ridge,PHASE1__Ma8_Kn0.8_ISO_hphs1.5_Tw1,tau_abs,0.1,max_cumulative_patch,R3,0.3544508503723718,0.389895935409609,True,False,R0p05,0.05,0.05,0.3442890950095853,8.0,0.8,ISO,1.5,1.0
